domain,model,temperature,top_p,batch_size,isl,osl,method,job_id,tok_s_gpu,baseline_tok_s_gpu,speedup,acceptance_pct,mean_accept_len,total_gpus,basis,source,source_label
Math,Qwen3-235B-A22B,0.0,,1,4096,32768,baseline,3423796,1.9126832781443956,1.9126832781443956,1.0,,,4,matched 6/19 aggregation,docs/oci_qmath_qwen235b_baseline_qwen32_bs12_20260619_metrics_live.csv,6/19 batch aggregation
Math,Qwen3-235B-A22B,0.0,,1,4096,32768,suffix_k32,,15.30715057059265,1.9126832781443956,8.002971921960336,83.79409382134178,7.817495506291192,4,reference vs 6/19 baseline; cross-run,docs/oci_qwen235b_math500_suffix_py312_retry1_metrics_20260613.csv,OCI 20260613 temp0 Math500 suffix
Math,Qwen3-235B-A22B,0.0,,1,4096,32768,eagle3_k3,,5.671275712703453,1.9126832781443956,2.9650887721491896,69.41583180471285,3.082474954141386,4,reference vs 6/19 baseline; cross-run,docs/oci_qwen235b_math500_osl32k_metrics_20260613.csv,OCI 20260613 temp0 Math500 core
Math,Qwen3-235B-A22B,0.0,,1,4096,32768,pard_k5,,4.781790439743302,1.9126832781443956,2.5000429994778814,56.096258236813846,3.804812911840692,4,reference vs 6/19 baseline; cross-run,docs/oci_qwen235b_math500_osl32k_metrics_20260613.csv,OCI 20260613 temp0 Math500 core
Math,Qwen3-235B-A22B,0.0,,1,4096,32768,pard2_k1,,1.6022696172492639,1.9126832781443956,0.8377077561966861,3.1097824804311056,1.031097824804311,4,reference vs 6/19 baseline; cross-run,docs/oci_qwen235b_math500_osl32k_metrics_20260613.csv,OCI 20260613 temp0 Math500 core
Math,Qwen3-235B-A22B,0.0,,2,4096,32768,baseline,3423797,3.877196759719886,3.877196759719886,1.0,,,4,matched 6/19 aggregation,docs/oci_qmath_qwen235b_baseline_qwen32_bs12_20260619_metrics_live.csv,6/19 batch aggregation
Math,Qwen3-235B-A22B,0.0,,2,4096,32768,suffix_k32,,28.722186286463476,3.877196759719886,7.4079774812714305,86.03775276868582,8.31148790245761,4,reference vs 6/19 baseline; cross-run,docs/oci_qwen235b_math500_suffix_py312_retry1_metrics_20260613.csv,OCI 20260613 temp0 Math500 suffix
Math,Qwen3-235B-A22B,0.0,,2,4096,32768,eagle3_k3,,10.943272164913713,3.877196759719886,2.8224701615876535,69.74386800984578,3.0923160402953735,4,reference vs 6/19 baseline; cross-run,docs/oci_qwen235b_math500_osl32k_metrics_20260613.csv,OCI 20260613 temp0 Math500 core
Math,Qwen3-235B-A22B,0.0,,2,4096,32768,pard_k5,,10.404991985923173,3.877196759719886,2.6836378524867275,50.07886224503435,3.5039431122517177,4,reference vs 6/19 baseline; cross-run,docs/oci_qwen235b_math500_osl32k_metrics_20260613.csv,OCI 20260613 temp0 Math500 core
Math,Qwen3-235B-A22B,0.0,,4,4096,32768,baseline,,7.8572543284511465,7.8572543284511465,1.0,,,4,matched 6/17 qmath sweep,docs/qmath_vllm_standalone_batch_sweep_completed_metrics_live_20260617.csv,6/17 qmath sweep
Math,Qwen3-235B-A22B,0.0,,4,4096,32768,suffix_k32,,51.6276044038515,7.8572543284511465,6.570692794925545,89.8443974564522,8.803498150016818,4,matched 6/17 qmath sweep,docs/qmath_vllm_standalone_batch_sweep_completed_metrics_live_20260617.csv,6/17 qmath sweep
Math,Qwen3-235B-A22B,0.0,,4,4096,32768,eagle3_k3,,15.911330027527615,7.8572543284511465,2.0250496372393894,56.976311546570756,2.7092893463971226,4,matched 6/17 qmath sweep,docs/qmath_vllm_standalone_batch_sweep_completed_metrics_live_20260617.csv,6/17 qmath sweep
Math,Qwen3-235B-A22B,0.0,,4,4096,32768,pard_k5,,17.940792068579746,7.8572543284511465,2.2833411416525076,55.728688216772106,3.786434410838605,4,matched 6/17 qmath sweep,docs/qmath_vllm_standalone_batch_sweep_completed_metrics_live_20260617.csv,6/17 qmath sweep
Math,Qwen3-235B-A22B,0.0,,4,4096,32768,pard2_k1,,4.9821399322755155,7.8572543284511465,0.6340815409570196,3.1820257270165166,1.0318202572701651,4,matched 6/17 qmath sweep,docs/qmath_vllm_standalone_batch_sweep_completed_metrics_live_20260617.csv,6/17 qmath sweep
Math,Qwen3-235B-A22B,0.0,,8,4096,32768,baseline,,15.52013014261271,15.52013014261271,1.0,,,4,matched 6/17 qmath sweep,docs/qmath_vllm_standalone_batch_sweep_completed_metrics_live_20260617.csv,6/17 qmath sweep
Math,Qwen3-235B-A22B,0.0,,8,4096,32768,suffix_k32,,61.08459623264491,15.52013014261271,3.935830155504207,86.68343617959084,7.793424853339686,4,matched 6/17 qmath sweep,docs/qmath_vllm_standalone_batch_sweep_completed_metrics_live_20260617.csv,6/17 qmath sweep
Math,Qwen3-235B-A22B,0.0,,8,4096,32768,eagle3_k3,,34.349584391555666,15.52013014261271,2.2132278580090015,60.85433418845797,2.825630025653739,4,matched 6/17 qmath sweep,docs/qmath_vllm_standalone_batch_sweep_completed_metrics_live_20260617.csv,6/17 qmath sweep
Math,Qwen3-235B-A22B,0.0,,8,4096,32768,pard_k5,,36.46495987208803,15.52013014261271,2.3495266816074136,53.885201313434514,3.6942600656717257,4,matched 6/17 qmath sweep,docs/qmath_vllm_standalone_batch_sweep_completed_metrics_live_20260617.csv,6/17 qmath sweep
Math,Qwen3-235B-A22B,0.0,,8,4096,32768,pard2_k1,,12.804274732257657,15.52013014261271,0.8250107837112598,4.31073246240594,1.0431073246240594,4,matched 6/17 qmath sweep,docs/qmath_vllm_standalone_batch_sweep_completed_metrics_live_20260617.csv,6/17 qmath sweep
Math,Qwen3-235B-A22B,0.0,,16,4096,32768,baseline,,23.52299106160737,23.52299106160737,1.0,,,4,matched 6/17 qmath sweep,docs/qmath_vllm_standalone_batch_sweep_completed_metrics_live_20260617.csv,6/17 qmath sweep
Math,Qwen3-235B-A22B,0.0,,16,4096,32768,suffix_k32,,121.45500821796541,23.52299106160737,5.163246795438189,80.44482479055941,6.783046237533998,4,matched 6/17 qmath sweep,docs/qmath_vllm_standalone_batch_sweep_completed_metrics_live_20260617.csv,6/17 qmath sweep
Math,Qwen3-235B-A22B,0.0,,16,4096,32768,eagle3_k3,,65.43887049071405,23.52299106160737,2.7819111234335727,65.32533956576229,2.9597601869728685,4,matched 6/17 qmath sweep,docs/qmath_vllm_standalone_batch_sweep_completed_metrics_live_20260617.csv,6/17 qmath sweep
Math,Qwen3-235B-A22B,0.0,,16,4096,32768,pard_k5,,59.30001600025247,23.52299106160737,2.5209385934358464,50.79573841770528,3.539786920885264,4,matched 6/17 qmath sweep,docs/qmath_vllm_standalone_batch_sweep_completed_metrics_live_20260617.csv,6/17 qmath sweep
Math,Qwen3-235B-A22B,0.0,,16,4096,32768,pard2_k1,,25.078928081965557,23.52299106160737,1.0661453731068105,5.102020359968085,1.051020203599681,4,matched 6/17 qmath sweep,docs/qmath_vllm_standalone_batch_sweep_completed_metrics_live_20260617.csv,6/17 qmath sweep
Math,Qwen3-235B-A22B,0.0,,32,4096,32768,baseline,,60.842495081365485,60.842495081365485,1.0,,,4,matched 6/17 qmath sweep,docs/qmath_vllm_standalone_batch_sweep_completed_metrics_live_20260617.csv,6/17 qmath sweep
Math,Qwen3-235B-A22B,0.0,,32,4096,32768,suffix_k32,,139.08885655856616,60.842495081365485,2.286047874475903,77.80479990423429,6.3957978525341685,4,matched 6/17 qmath sweep,docs/qmath_vllm_standalone_batch_sweep_completed_metrics_live_20260617.csv,6/17 qmath sweep
Math,Qwen3-235B-A22B,0.0,,32,4096,32768,eagle3_k3,,109.56184058858584,60.842495081365485,1.8007453580275976,59.11474588883364,2.773442376665009,4,matched 6/17 qmath sweep,docs/qmath_vllm_standalone_batch_sweep_completed_metrics_live_20260617.csv,6/17 qmath sweep
Math,Qwen3-235B-A22B,0.0,,32,4096,32768,pard_k5,,105.63504709780238,60.842495081365485,1.7362050480759412,51.41696379010315,3.5708481895051576,4,matched 6/17 qmath sweep,docs/qmath_vllm_standalone_batch_sweep_completed_metrics_live_20260617.csv,6/17 qmath sweep
Math,Qwen3-235B-A22B,0.0,,32,4096,32768,pard2_k1,,49.01436357081575,60.842495081365485,0.805594239770545,5.565064010921524,1.0556506401092152,4,matched 6/17 qmath sweep,docs/qmath_vllm_standalone_batch_sweep_completed_metrics_live_20260617.csv,6/17 qmath sweep
Math,Qwen3-32B,0.0,,1,4096,32768,baseline,3423798,6.544053992206331,6.544053992206331,1.0,,,4,matched 6/19 aggregation,docs/oci_qmath_qwen235b_baseline_qwen32_bs12_20260619_metrics_live.csv,6/19 batch aggregation
Math,Qwen3-32B,0.0,,1,4096,32768,suffix_k32,3423799,71.80279306053458,6.544053992206331,10.972218925156856,95.80022701475596,10.401654996817314,4,matched 6/19 aggregation,docs/oci_qmath_qwen235b_baseline_qwen32_bs12_20260619_metrics_live.csv,6/19 batch aggregation
Math,Qwen3-32B,0.0,,1,4096,32768,eagle3_k3,3423802,20.940252648569,6.544053992206331,3.199889957128698,78.79752249940115,3.3639256749820348,4,matched 6/19 aggregation,docs/oci_qmath_qwen235b_baseline_qwen32_bs12_20260619_metrics_live.csv,6/19 batch aggregation
Math,Qwen3-32B,0.0,,1,4096,32768,pard_k5,3423800,17.70581531739647,6.544053992206331,2.7056340516877286,56.08730988041333,3.8043654940206664,4,matched 6/19 aggregation,docs/oci_qmath_qwen235b_baseline_qwen32_bs12_20260619_metrics_live.csv,6/19 batch aggregation
Math,Qwen3-32B,0.0,,2,4096,32768,baseline,3423803,15.301252337778818,15.301252337778818,1.0,,,4,matched 6/19 aggregation,docs/oci_qmath_qwen235b_baseline_qwen32_bs12_20260619_metrics_live.csv,6/19 batch aggregation
Math,Qwen3-32B,0.0,,2,4096,32768,suffix_k32,3423805,104.00227038002134,15.301252337778818,6.796977664582366,91.40066585669881,8.7995152820789,4,matched 6/19 aggregation,docs/oci_qmath_qwen235b_baseline_qwen32_bs12_20260619_metrics_live.csv,6/19 batch aggregation
Math,Qwen3-32B,0.0,,2,4096,32768,eagle3_k3,3423817,35.836160260551466,15.301252337778818,2.3420409956949686,74.07644147244895,3.222293244173468,4,matched 6/19 aggregation,docs/oci_qmath_qwen235b_baseline_qwen32_bs12_20260619_metrics_live.csv,6/19 batch aggregation
Math,Qwen3-32B,0.0,,2,4096,32768,pard_k5,3423816,26.09982248875159,15.301252337778818,1.705731133151179,51.233695652173914,3.5616847826086957,4,matched 6/19 aggregation,docs/oci_qmath_qwen235b_baseline_qwen32_bs12_20260619_metrics_live.csv,6/19 batch aggregation
Math,Qwen3-32B,0.0,,4,4096,32768,baseline,3423667,32.20199981404923,32.20199981404923,1.0,,,4,matched 6/19 aggregation,docs/oci_qmath_qwen32_math500_osl32k_batch_sweep_20260619_metrics_live.csv,6/19 batch aggregation
Math,Qwen3-32B,0.0,,4,4096,32768,suffix_k32,3423670,173.03270457366705,32.20199981404923,5.373352759854858,88.99035517452542,8.954091406677612,4,matched 6/19 aggregation,docs/oci_qmath_qwen32_math500_osl32k_batch_sweep_20260619_metrics_live.csv,6/19 batch aggregation
Math,Qwen3-32B,0.0,,4,4096,32768,eagle3_k3,3423676,80.32837344577989,32.20199981404923,2.4945150583701907,84.48159633274909,3.5344478899824727,4,matched 6/19 aggregation,docs/oci_qmath_qwen32_math500_osl32k_batch_sweep_20260619_metrics_live.csv,6/19 batch aggregation
Math,Qwen3-32B,0.0,,4,4096,32768,pard_k5,3423674,36.63518182020317,32.20199981404923,1.1376679098116078,48.53490196078432,3.426745098039216,4,matched 6/19 aggregation,docs/oci_qmath_qwen32_math500_osl32k_batch_sweep_20260619_metrics_live.csv,6/19 batch aggregation
Math,Qwen3-32B,0.0,,8,4096,32768,baseline,3423677,62.39320631259151,62.39320631259151,1.0,,,4,matched 6/19 aggregation,docs/oci_qmath_qwen32_math500_osl32k_batch_sweep_20260619_metrics_live.csv,6/19 batch aggregation
Math,Qwen3-32B,0.0,,8,4096,32768,suffix_k32,3423678,298.9475067924813,62.39320631259151,4.791347078634601,88.00519222693086,8.357313842520188,4,matched 6/19 aggregation,docs/oci_qmath_qwen32_math500_osl32k_batch_sweep_20260619_metrics_live.csv,6/19 batch aggregation
Math,Qwen3-32B,0.0,,8,4096,32768,eagle3_k3,3423681,155.87346014190453,62.39320631259151,2.4982441094784362,82.07403885521086,3.4622211656563255,4,matched 6/19 aggregation,docs/oci_qmath_qwen32_math500_osl32k_batch_sweep_20260619_metrics_live.csv,6/19 batch aggregation
Math,Qwen3-32B,0.0,,8,4096,32768,pard_k5,3423680,94.17761324413856,62.39320631259151,1.5094209579854958,56.724372576278626,3.8362186288139313,4,matched 6/19 aggregation,docs/oci_qmath_qwen32_math500_osl32k_batch_sweep_20260619_metrics_live.csv,6/19 batch aggregation
Math,Qwen3-32B,0.0,,16,4096,32768,baseline,3423682,123.60896347553637,123.60896347553637,1.0,,,4,matched 6/19 aggregation,docs/oci_qmath_qwen32_math500_osl32k_batch_sweep_20260619_metrics_live.csv,6/19 batch aggregation
Math,Qwen3-32B,0.0,,16,4096,32768,suffix_k32,3423683,261.2726177713766,123.60896347553637,2.1137028450455815,81.25393672174039,7.371759871661366,4,matched 6/19 aggregation,docs/oci_qmath_qwen32_math500_osl32k_batch_sweep_20260619_metrics_live.csv,6/19 batch aggregation
Math,Qwen3-32B,0.0,,16,4096,32768,eagle3_k3,3423685,176.77298597976954,123.60896347553637,1.430098441160013,83.79892137281448,3.5139676411844345,4,matched 6/19 aggregation,docs/oci_qmath_qwen32_math500_osl32k_batch_sweep_20260619_metrics_live.csv,6/19 batch aggregation
Math,Qwen3-32B,0.0,,16,4096,32768,pard_k5,3423684,180.75819340345774,123.60896347553637,1.4623388815911547,61.777642599784755,4.088882129989238,4,matched 6/19 aggregation,docs/oci_qmath_qwen32_math500_osl32k_batch_sweep_20260619_metrics_live.csv,6/19 batch aggregation
Math,Qwen3-32B,0.0,,32,4096,32768,baseline,3423686,142.83327671519808,142.83327671519808,1.0,,,4,matched 6/19 aggregation,docs/oci_qmath_qwen32_math500_osl32k_batch_sweep_20260619_metrics_live.csv,6/19 batch aggregation
Math,Qwen3-32B,0.0,,32,4096,32768,suffix_k32,3423713,701.3532102527809,142.83327671519808,4.91029279998415,80.83044822104824,7.360341885144009,4,matched 6/19 aggregation,docs/oci_qmath_qwen32_math500_osl32k_batch_sweep_20260619_metrics_live.csv,6/19 batch aggregation
Math,Qwen3-32B,0.0,,32,4096,32768,eagle3_k3,3423715,387.0626103466332,142.83327671519808,2.7098909949284113,77.18666965997494,3.315600089799248,4,matched 6/19 aggregation,docs/oci_qmath_qwen32_math500_osl32k_batch_sweep_20260619_metrics_live.csv,6/19 batch aggregation
Math,Qwen3-32B,0.0,,32,4096,32768,pard_k5,3423714,184.3661172663007,142.83327671519808,1.2907784621780882,51.12540825428265,3.5562704127141322,4,matched 6/19 aggregation,docs/oci_qmath_qwen32_math500_osl32k_batch_sweep_20260619_metrics_live.csv,6/19 batch aggregation
Math,Qwen3-235B-A22B,1.0,,1,4096,32768,baseline,3423819,1.9325440586386942,1.9325440586386942,1.0,,,4,matched 6/19 aggregation,docs/oci_qmath_qwen235b_baseline_qwen32_bs12_20260619_metrics_live.csv,6/19 batch aggregation
Math,Qwen3-235B-A22B,1.0,,1,4096,32768,suffix_k32,,7.554235970994704,1.9325440586386942,3.9089592484199263,59.24627354214926,3.734088598402324,4,reference vs 6/19 baseline; cross-run,docs/lyris_qwen235b_standalone_temp1rl_20260614_metrics.csv,Lyris 20260614 temp1/top_p1 Math500
Math,Qwen3-235B-A22B,1.0,,1,4096,32768,eagle3_k3,,4.482574689916388,1.9325440586386942,2.3195200491697787,43.07851058992252,2.292355317697676,4,reference vs 6/19 baseline; cross-run,docs/lyris_qwen235b_standalone_temp1rl_20260614_metrics.csv,Lyris 20260614 temp1/top_p1 Math500
Math,Qwen3-235B-A22B,1.0,,1,4096,32768,pard_k5,,4.540615248602761,1.9325440586386942,2.3495532887365176,34.70035890159419,2.7350179450797096,4,reference vs 6/19 baseline; cross-run,docs/lyris_qwen235b_standalone_temp1rl_20260614_metrics.csv,Lyris 20260614 temp1/top_p1 Math500
Math,Qwen3-235B-A22B,1.0,,2,4096,32768,baseline,3423821,3.9298626758296966,3.9298626758296966,1.0,,,4,matched 6/19 aggregation,docs/oci_qmath_qwen235b_baseline_qwen32_bs12_20260619_metrics_live.csv,6/19 batch aggregation
Math,Qwen3-235B-A22B,1.0,,2,4096,32768,suffix_k32,,23.18025101663274,3.9298626758296966,5.898488809596581,73.35639909062589,6.516373423715296,4,reference vs 6/19 baseline; cross-run,docs/lyris_qwen235b_standalone_temp1rl_20260614_metrics.csv,Lyris 20260614 temp1/top_p1 Math500
Math,Qwen3-235B-A22B,1.0,,2,4096,32768,eagle3_k3,,7.99332231899073,3.9298626758296966,2.033995327153036,42.043062696249265,2.261291880887478,4,reference vs 6/19 baseline; cross-run,docs/lyris_qwen235b_standalone_temp1rl_20260614_metrics.csv,Lyris 20260614 temp1/top_p1 Math500
Math,Qwen3-235B-A22B,1.0,,2,4096,32768,pard_k5,,7.199094128376422,3.9298626758296966,1.8318945780609255,28.836559420235858,2.4418279710117927,4,reference vs 6/19 baseline; cross-run,docs/lyris_qwen235b_standalone_temp1rl_20260614_metrics.csv,Lyris 20260614 temp1/top_p1 Math500
Math,Qwen3-235B-A22B,1.0,,4,4096,32768,baseline,,7.72670699575062,7.72670699575062,1.0,,,4,matched 6/17 qmath sweep,docs/qmath_vllm_standalone_batch_sweep_completed_metrics_live_20260617.csv,6/17 qmath sweep
Math,Qwen3-235B-A22B,1.0,,4,4096,32768,suffix_k32,,35.38662664684818,7.72670699575062,4.579781097731467,74.29014254930085,6.164256686513562,4,matched 6/17 qmath sweep,docs/qmath_vllm_standalone_batch_sweep_completed_metrics_live_20260617.csv,6/17 qmath sweep
Math,Qwen3-235B-A22B,1.0,,4,4096,32768,eagle3_k3,,13.739721021152153,7.72670699575062,1.7782117309105225,46.37258121404507,2.3911774364213523,4,matched 6/17 qmath sweep,docs/qmath_vllm_standalone_batch_sweep_completed_metrics_live_20260617.csv,6/17 qmath sweep
Math,Qwen3-235B-A22B,1.0,,4,4096,32768,pard_k5,,7.258329105930864,7.72670699575062,0.9393819527416601,17.861259153342864,1.8930629576671434,4,matched 6/17 qmath sweep,docs/qmath_vllm_standalone_batch_sweep_completed_metrics_live_20260617.csv,6/17 qmath sweep
Math,Qwen3-235B-A22B,1.0,,4,4096,32768,pard2_k1,,6.38883497622703,7.72670699575062,0.8268509443596909,1.1936196167446458,1.0119361961674465,4,matched 6/17 qmath sweep,docs/qmath_vllm_standalone_batch_sweep_completed_metrics_live_20260617.csv,6/17 qmath sweep
Math,Qwen3-235B-A22B,1.0,,8,4096,32768,baseline,,14.719009309432536,14.719009309432536,1.0,,,4,matched 6/17 qmath sweep,docs/qmath_vllm_standalone_batch_sweep_completed_metrics_live_20260617.csv,6/17 qmath sweep
Math,Qwen3-235B-A22B,1.0,,8,4096,32768,suffix_k32,,54.63261429523655,14.719009309432536,3.711704581926296,69.98438885816117,5.516972603029087,4,matched 6/17 qmath sweep,docs/qmath_vllm_standalone_batch_sweep_completed_metrics_live_20260617.csv,6/17 qmath sweep
Math,Qwen3-235B-A22B,1.0,,8,4096,32768,eagle3_k3,,25.202250629209786,14.719009309432536,1.7122246544853508,50.19468394924835,2.5058405184774504,4,matched 6/17 qmath sweep,docs/qmath_vllm_standalone_batch_sweep_completed_metrics_live_20260617.csv,6/17 qmath sweep
Math,Qwen3-235B-A22B,1.0,,8,4096,32768,pard_k5,,19.869833838433983,14.719009309432536,1.3499436966658205,30.72622779519331,2.536311389759666,4,matched 6/17 qmath sweep,docs/qmath_vllm_standalone_batch_sweep_completed_metrics_live_20260617.csv,6/17 qmath sweep
Math,Qwen3-235B-A22B,1.0,,8,4096,32768,pard2_k1,,12.438156548480444,14.719009309432536,0.8450403343728827,1.5129981528023575,1.0151299815280235,4,matched 6/17 qmath sweep,docs/qmath_vllm_standalone_batch_sweep_completed_metrics_live_20260617.csv,6/17 qmath sweep
Math,Qwen3-235B-A22B,1.0,,16,4096,32768,baseline,,29.69275289276811,29.69275289276811,1.0,,,4,matched 6/17 qmath sweep,docs/qmath_vllm_standalone_batch_sweep_completed_metrics_live_20260617.csv,6/17 qmath sweep
Math,Qwen3-235B-A22B,1.0,,16,4096,32768,suffix_k32,,76.24976947006434,29.69275289276811,2.567958913928642,63.22502420272011,4.453426884572602,4,matched 6/17 qmath sweep,docs/qmath_vllm_standalone_batch_sweep_completed_metrics_live_20260617.csv,6/17 qmath sweep
Math,Qwen3-235B-A22B,1.0,,16,4096,32768,eagle3_k3,,48.44650787255165,29.69275289276811,1.6315936769995871,46.518017606384596,2.395540528191538,4,matched 6/17 qmath sweep,docs/qmath_vllm_standalone_batch_sweep_completed_metrics_live_20260617.csv,6/17 qmath sweep
Math,Qwen3-235B-A22B,1.0,,16,4096,32768,pard_k5,,35.91437705123456,29.69275289276811,1.2095334232206463,29.817988321986306,2.4908994160993156,4,matched 6/17 qmath sweep,docs/qmath_vllm_standalone_batch_sweep_completed_metrics_live_20260617.csv,6/17 qmath sweep
Math,Qwen3-235B-A22B,1.0,,16,4096,32768,pard2_k1,,24.92678781462514,29.69275289276811,0.8394906294019051,2.6655700466063523,1.0266557004660635,4,matched 6/17 qmath sweep,docs/qmath_vllm_standalone_batch_sweep_completed_metrics_live_20260617.csv,6/17 qmath sweep
Math,Qwen3-235B-A22B,1.0,,32,4096,32768,baseline,,59.8297335837117,59.8297335837117,1.0,,,4,matched 6/17 qmath sweep,docs/qmath_vllm_standalone_batch_sweep_completed_metrics_live_20260617.csv,6/17 qmath sweep
Math,Qwen3-235B-A22B,1.0,,32,4096,32768,suffix_k32,,100.75476685015185,59.8297335837117,1.6840249958522588,66.09849655877939,4.7061768638874755,4,matched 6/17 qmath sweep,docs/qmath_vllm_standalone_batch_sweep_completed_metrics_live_20260617.csv,6/17 qmath sweep
Math,Qwen3-235B-A22B,1.0,,32,4096,32768,eagle3_k3,,84.558400031084,59.8297335837117,1.413317341832599,46.52391592755232,2.3957174778265697,4,matched 6/17 qmath sweep,docs/qmath_vllm_standalone_batch_sweep_completed_metrics_live_20260617.csv,6/17 qmath sweep
Math,Qwen3-235B-A22B,1.0,,32,4096,32768,pard_k5,,55.67099762532723,59.8297335837117,0.9304904817507551,29.046294888735574,2.4523147444367783,4,matched 6/17 qmath sweep,docs/qmath_vllm_standalone_batch_sweep_completed_metrics_live_20260617.csv,6/17 qmath sweep
Math,Qwen3-235B-A22B,1.0,,32,4096,32768,pard2_k1,,50.25372426568093,59.8297335837117,0.8399456466803024,2.315741814108344,1.0231574181410834,4,matched 6/17 qmath sweep,docs/qmath_vllm_standalone_batch_sweep_completed_metrics_live_20260617.csv,6/17 qmath sweep
Math,Qwen3-32B,1.0,,1,4096,32768,baseline,3423823,7.326800295379499,7.326800295379499,1.0,,,4,matched 6/19 aggregation,docs/oci_qmath_qwen235b_baseline_qwen32_bs12_20260619_metrics_live.csv,6/19 batch aggregation
Math,Qwen3-32B,1.0,,1,4096,32768,suffix_k32,3423825,11.061727840728706,7.326800295379499,1.5097624330916408,29.169087739686226,1.6615055180365674,4,matched 6/19 aggregation,docs/oci_qmath_qwen235b_baseline_qwen32_bs12_20260619_metrics_live.csv,6/19 batch aggregation
Math,Qwen3-32B,1.0,,1,4096,32768,eagle3_k3,3423830,14.213635132497018,7.326800295379499,1.93995121464694,43.03293015451304,2.290987904635391,4,matched 6/19 aggregation,docs/oci_qmath_qwen235b_baseline_qwen32_bs12_20260619_metrics_live.csv,6/19 batch aggregation
Math,Qwen3-32B,1.0,,1,4096,32768,pard_k5,3423828,18.32550362604682,7.326800295379499,2.5011605185422394,58.46503831417624,3.9232519157088124,4,matched 6/19 aggregation,docs/oci_qmath_qwen235b_baseline_qwen32_bs12_20260619_metrics_live.csv,6/19 batch aggregation
Math,Qwen3-32B,1.0,,2,4096,32768,baseline,3423833,15.46400301431412,15.46400301431412,1.0,,,4,matched 6/19 aggregation,docs/oci_qmath_qwen235b_baseline_qwen32_bs12_20260619_metrics_live.csv,6/19 batch aggregation
Math,Qwen3-32B,1.0,,2,4096,32768,suffix_k32,3423835,24.956163666735698,15.46400301431412,1.6138229954841086,51.17940490812924,2.845604519774011,4,matched 6/19 aggregation,docs/oci_qmath_qwen235b_baseline_qwen32_bs12_20260619_metrics_live.csv,6/19 batch aggregation
Math,Qwen3-32B,1.0,,2,4096,32768,eagle3_k3,3423837,17.685194253431494,15.46400301431412,1.1436362394045931,29.998453837382343,1.8999536151214704,4,matched 6/19 aggregation,docs/oci_qmath_qwen235b_baseline_qwen32_bs12_20260619_metrics_live.csv,6/19 batch aggregation
Math,Qwen3-32B,1.0,,2,4096,32768,pard_k5,3423836,18.412181956354207,15.46400301431412,1.1906478509678982,33.28265376641327,2.6641326883206635,4,matched 6/19 aggregation,docs/oci_qmath_qwen235b_baseline_qwen32_bs12_20260619_metrics_live.csv,6/19 batch aggregation
Math,Qwen3-32B,1.0,,4,4096,32768,baseline,3423716,31.175527107356316,31.175527107356316,1.0,,,4,matched 6/19 aggregation,docs/oci_qmath_qwen32_math500_osl32k_batch_sweep_20260619_metrics_live.csv,6/19 batch aggregation
Math,Qwen3-32B,1.0,,4,4096,32768,suffix_k32,3423717,37.89136749250311,31.175527107356316,1.2154202673789625,57.609644118081384,3.0791666666666666,4,matched 6/19 aggregation,docs/oci_qmath_qwen32_math500_osl32k_batch_sweep_20260619_metrics_live.csv,6/19 batch aggregation
Math,Qwen3-32B,1.0,,4,4096,32768,eagle3_k3,3423719,73.20576910529468,31.175527107356316,2.3481806371132925,75.13571665011585,3.2540714995034756,4,matched 6/19 aggregation,docs/oci_qmath_qwen32_math500_osl32k_batch_sweep_20260619_metrics_live.csv,6/19 batch aggregation
Math,Qwen3-32B,1.0,,4,4096,32768,pard_k5,3423718,41.486551923994554,31.175527107356316,1.3307409937651127,46.437387535798464,3.3218693767899232,4,matched 6/19 aggregation,docs/oci_qmath_qwen32_math500_osl32k_batch_sweep_20260619_metrics_live.csv,6/19 batch aggregation
Math,Qwen3-32B,1.0,,8,4096,32768,baseline,3423720,62.33908580689244,62.33908580689244,1.0,,,4,matched 6/19 aggregation,docs/oci_qmath_qwen32_math500_osl32k_batch_sweep_20260619_metrics_live.csv,6/19 batch aggregation
Math,Qwen3-32B,1.0,,8,4096,32768,suffix_k32,3423721,194.0170000027326,62.33908580689244,3.112284973246774,78.5198848008284,6.241575460829493,4,matched 6/19 aggregation,docs/oci_qmath_qwen32_math500_osl32k_batch_sweep_20260619_metrics_live.csv,6/19 batch aggregation
Math,Qwen3-32B,1.0,,8,4096,32768,eagle3_k3,3423728,76.17199574323972,62.33908580689244,1.221897863231383,53.893480807112816,2.6168044242133846,4,matched 6/19 aggregation,docs/oci_qmath_qwen32_math500_osl32k_batch_sweep_20260619_metrics_live.csv,6/19 batch aggregation
Math,Qwen3-32B,1.0,,8,4096,32768,pard_k5,3423727,45.85715544098565,62.33908580689244,0.7356084043811164,27.23150099994595,2.361575049997297,4,matched 6/19 aggregation,docs/oci_qmath_qwen32_math500_osl32k_batch_sweep_20260619_metrics_live.csv,6/19 batch aggregation
Math,Qwen3-32B,1.0,,16,4096,32768,baseline,3423729,124.94932148908092,124.94932148908092,1.0,,,4,matched 6/19 aggregation,docs/oci_qmath_qwen32_math500_osl32k_batch_sweep_20260619_metrics_live.csv,6/19 batch aggregation
Math,Qwen3-32B,1.0,,16,4096,32768,suffix_k32,3423753,100.23029398996118,124.94932148908092,0.8021675731846221,46.99155358665917,2.774750461908071,4,matched 6/19 aggregation,docs/oci_qmath_qwen32_math500_osl32k_batch_sweep_20260619_metrics_live.csv,6/19 batch aggregation
Math,Qwen3-32B,1.0,,16,4096,32768,eagle3_k3,3423757,127.8032441882591,124.94932148908092,1.022840641831157,49.60750999022334,2.4882252997067003,4,matched 6/19 aggregation,docs/oci_qmath_qwen32_math500_osl32k_batch_sweep_20260619_metrics_live.csv,6/19 batch aggregation
Math,Qwen3-32B,1.0,,16,4096,32768,pard_k5,3423756,74.08954079546736,124.94932148908092,0.5929567276757234,24.68564756218651,2.2342823781093255,4,matched 6/19 aggregation,docs/oci_qmath_qwen32_math500_osl32k_batch_sweep_20260619_metrics_live.csv,6/19 batch aggregation
Math,Qwen3-32B,1.0,,32,4096,32768,baseline,3423758,208.0101600139665,208.0101600139665,1.0,,,4,matched 6/19 aggregation,docs/oci_qmath_qwen32_math500_osl32k_batch_sweep_20260619_metrics_live.csv,6/19 batch aggregation
Math,Qwen3-32B,1.0,,32,4096,32768,suffix_k32,3423759,237.55582841733528,208.0101600139665,1.1420395446135179,55.82254514454584,3.506722875975575,4,matched 6/19 aggregation,docs/oci_qmath_qwen32_math500_osl32k_batch_sweep_20260619_metrics_live.csv,6/19 batch aggregation
Math,Qwen3-32B,1.0,,32,4096,32768,eagle3_k3,3423762,239.8815524809338,208.0101600139665,1.1532203641631127,44.612515294373004,2.33837545883119,4,matched 6/19 aggregation,docs/oci_qmath_qwen32_math500_osl32k_batch_sweep_20260619_metrics_live.csv,6/19 batch aggregation
Math,Qwen3-32B,1.0,,32,4096,32768,pard_k5,3423761,151.22578174679367,208.0101600139665,0.7270115158636475,30.206944763655862,2.510347238182793,4,matched 6/19 aggregation,docs/oci_qmath_qwen32_math500_osl32k_batch_sweep_20260619_metrics_live.csv,6/19 batch aggregation
SWE,Qwen3-235B-A22B,0.0,,1,4096,32768,baseline,2138631,2.055510589924779,2.055510589924779,1.0,,,4,matched 6/16 Lyris SWE core matrix,docs/lyris_swebench_osl32k_temp01_core_matrix_20260616_metrics_live.csv,6/16 Lyris SWE batch 1/2 core matrix
SWE,Qwen3-235B-A22B,0.0,,1,4096,32768,suffix_k32,2138639,12.245578580362855,2.055510589924779,5.957438818552124,79.29583637691746,5.973245372915521,4,matched 6/16 Lyris SWE core matrix; B1 duplicates resolved by explicit speedup/direct row,docs/lyris_swebench_osl32k_temp01_core_matrix_20260616_metrics_live.csv,6/16 Lyris SWE batch 1/2 core matrix
SWE,Qwen3-235B-A22B,0.0,,1,4096,32768,eagle3_k3,2138633,5.470850081561706,2.055510589924779,2.661552856199058,59.70979924468297,2.791293977340489,4,matched 6/16 Lyris SWE core matrix; B1 duplicates resolved by explicit speedup/direct row,docs/lyris_swebench_osl32k_temp01_core_matrix_20260616_metrics_live.csv,6/16 Lyris SWE batch 1/2 core matrix
SWE,Qwen3-235B-A22B,0.0,,2,4096,32768,baseline,2136599,4.181686617697326,4.181686617697326,1.0,,,4,matched 6/16 Lyris SWE core matrix,docs/lyris_swebench_osl32k_temp01_core_matrix_20260616_metrics_live.csv,6/16 Lyris SWE batch 1/2 core matrix
SWE,Qwen3-235B-A22B,0.0,,2,4096,32768,suffix_k32,2133931,22.2817494661365,4.181686617697326,5.328412074648983,79.08144318116894,6.554702784048157,4,matched 6/16 Lyris SWE core matrix; B1 duplicates resolved by explicit speedup/direct row,docs/lyris_swebench_osl32k_temp01_core_matrix_20260616_metrics_live.csv,6/16 Lyris SWE batch 1/2 core matrix
SWE,Qwen3-235B-A22B,0.0,,2,4096,32768,eagle3_k3,2135970,8.326513318530438,4.181686617697326,1.991185394738042,49.44800232420074,2.483440069726022,4,matched 6/16 Lyris SWE core matrix; B1 duplicates resolved by explicit speedup/direct row,docs/lyris_swebench_osl32k_temp01_core_matrix_20260616_metrics_live.csv,6/16 Lyris SWE batch 1/2 core matrix
SWE,Qwen3-235B-A22B,0.0,,4,4096,32768,baseline,3423915,7.686645935775346,7.686645935775346,1.0,,,4,matched 6/19 aggregation,docs/oci_swebench_qwen235b_osl32k_temp01_bsweep_20260619_metrics_live.csv,6/19 batch aggregation
SWE,Qwen3-235B-A22B,0.0,,4,4096,32768,suffix_k32,3423917,46.72067279138864,7.686645935775346,6.07816116180665,86.20053731615135,7.620985135529001,4,matched 6/19 aggregation,docs/oci_swebench_qwen235b_osl32k_temp01_bsweep_20260619_metrics_live.csv,6/19 batch aggregation
SWE,Qwen3-235B-A22B,0.0,,4,4096,32768,eagle3_k3,3423918,17.76463374157087,7.686645935775346,2.311103424042253,55.276358129850465,2.658290743895514,4,matched 6/19 aggregation,docs/oci_swebench_qwen235b_osl32k_temp01_bsweep_20260619_metrics_live.csv,6/19 batch aggregation
SWE,Qwen3-235B-A22B,0.0,,8,4096,32768,baseline,3423919,15.39663105577196,15.39663105577196,1.0,,,4,matched 6/19 aggregation,docs/oci_swebench_qwen235b_osl32k_temp01_bsweep_20260619_metrics_live.csv,6/19 batch aggregation
SWE,Qwen3-235B-A22B,0.0,,8,4096,32768,suffix_k32,3423920,61.28997694375598,15.39663105577196,3.9807394696763425,80.32595111459877,6.451635969129867,4,matched 6/19 aggregation,docs/oci_swebench_qwen235b_osl32k_temp01_bsweep_20260619_metrics_live.csv,6/19 batch aggregation
SWE,Qwen3-235B-A22B,0.0,,8,4096,32768,eagle3_k3,3423921,30.784093286500863,15.39663105577196,1.9994044914754503,55.55736404142338,2.666720921242701,4,matched 6/19 aggregation,docs/oci_swebench_qwen235b_osl32k_temp01_bsweep_20260619_metrics_live.csv,6/19 batch aggregation
SWE,Qwen3-235B-A22B,0.0,,16,4096,32768,baseline,3423922,31.65464490683899,31.65464490683899,1.0,,,4,matched 6/19 aggregation,docs/oci_swebench_qwen235b_osl32k_temp01_bsweep_20260619_metrics_live.csv,6/19 batch aggregation
SWE,Qwen3-235B-A22B,0.0,,16,4096,32768,suffix_k32,3423923,121.43859259108653,31.65464490683899,3.8363593383683705,79.92425881843756,6.519390271239632,4,matched 6/19 aggregation,docs/oci_swebench_qwen235b_osl32k_temp01_bsweep_20260619_metrics_live.csv,6/19 batch aggregation
SWE,Qwen3-235B-A22B,0.0,,16,4096,32768,eagle3_k3,3423924,59.4837514704964,31.65464490683899,1.879147646279391,53.83949028488579,2.6151847085465736,4,matched 6/19 aggregation,docs/oci_swebench_qwen235b_osl32k_temp01_bsweep_20260619_metrics_live.csv,6/19 batch aggregation
SWE,Qwen3-235B-A22B,0.0,,32,4096,32768,baseline,3423925,58.7203160933287,58.7203160933287,1.0,,,4,matched 6/19 aggregation,docs/oci_swebench_qwen235b_osl32k_temp01_bsweep_20260619_metrics_live.csv,6/19 batch aggregation
SWE,Qwen3-235B-A22B,0.0,,32,4096,32768,suffix_k32,3423926,154.62524094860166,58.7203160933287,2.6332494651909557,81.29572677168426,6.930674465072581,4,matched 6/19 aggregation,docs/oci_swebench_qwen235b_osl32k_temp01_bsweep_20260619_metrics_live.csv,6/19 batch aggregation
SWE,Qwen3-235B-A22B,0.0,,32,4096,32768,eagle3_k3,3423937,114.07215720065315,58.7203160933287,1.9426352715702266,54.291535259029736,2.6287460577708917,4,matched 6/19 aggregation,docs/oci_swebench_qwen235b_osl32k_temp01_bsweep_20260619_metrics_live.csv,6/19 batch aggregation
SWE,Qwen3-30B-A3B,0.0,,1,4096,32768,baseline,2137768,19.881551828342122,19.881551828342122,1.0,,,1,matched 6/16 Lyris SWE core matrix,docs/lyris_swebench_osl32k_temp01_core_matrix_20260616_metrics_live.csv,6/16 Lyris SWE batch 1/2 core matrix
SWE,Qwen3-30B-A3B,0.0,,1,4096,32768,suffix_k32,2133933,176.71788332291476,19.881551828342122,8.8885357063021,93.9247707008405,10.01050049819882,1,matched 6/16 Lyris SWE core matrix; B1 duplicates resolved by explicit speedup/direct row,docs/lyris_swebench_osl32k_temp01_core_matrix_20260616_metrics_live.csv,6/16 Lyris SWE batch 1/2 core matrix
SWE,Qwen3-30B-A3B,0.0,,1,4096,32768,eagle3_k3,2133934,22.41368369437666,19.881551828342122,1.1273608764495366,12.256646248778232,1.367699387463347,1,matched 6/16 Lyris SWE core matrix; B1 duplicates resolved by explicit speedup/direct row,docs/lyris_swebench_osl32k_temp01_core_matrix_20260616_metrics_live.csv,6/16 Lyris SWE batch 1/2 core matrix
SWE,Qwen3-30B-A3B,0.0,,2,4096,32768,baseline,2137768,39.68636954880795,39.68636954880795,1.0,,,1,matched 6/16 Lyris SWE core matrix,docs/lyris_swebench_osl32k_temp01_core_matrix_20260616_metrics_live.csv,6/16 Lyris SWE batch 1/2 core matrix
SWE,Qwen3-30B-A3B,0.0,,2,4096,32768,suffix_k32,2133933,309.8629730526047,39.68636954880795,7.807793370253287,90.61628748786987,9.879178929892083,1,matched 6/16 Lyris SWE core matrix; B1 duplicates resolved by explicit speedup/direct row,docs/lyris_swebench_osl32k_temp01_core_matrix_20260616_metrics_live.csv,6/16 Lyris SWE batch 1/2 core matrix
SWE,Qwen3-30B-A3B,0.0,,2,4096,32768,eagle3_k3,2133934,43.49920054220563,39.68636954880795,1.0960740686725827,12.362504227286832,1.370875126818605,1,matched 6/16 Lyris SWE core matrix; B1 duplicates resolved by explicit speedup/direct row,docs/lyris_swebench_osl32k_temp01_core_matrix_20260616_metrics_live.csv,6/16 Lyris SWE batch 1/2 core matrix
SWE,Qwen3-30B-A3B,0.0,,4,4096,32768,baseline,2159183,77.39263525820533,77.39263525820533,1.0,,,4,matched 6/19 aggregation,docs/lyris_swebench_qwen30ba3b_osl32k_temp01_bsweep_20260619_metrics_live.csv,6/19 batch aggregation
SWE,Qwen3-30B-A3B,0.0,,4,4096,32768,suffix_k32,2159184,392.7585076487911,77.39263525820533,5.074882207311193,87.13509945696198,8.849989864180012,4,matched 6/19 aggregation,docs/lyris_swebench_qwen30ba3b_osl32k_temp01_bsweep_20260619_metrics_live.csv,6/19 batch aggregation
SWE,Qwen3-30B-A3B,0.0,,4,4096,32768,eagle3_k3,2159185,81.9006983837879,77.39263525820533,1.0582492521483768,13.69096310328497,1.410728893098549,4,matched 6/19 aggregation,docs/lyris_swebench_qwen30ba3b_osl32k_temp01_bsweep_20260619_metrics_live.csv,6/19 batch aggregation
SWE,Qwen3-30B-A3B,0.0,,8,4096,32768,baseline,2159190,147.75566922324097,147.75566922324097,1.0,,,4,matched 6/19 aggregation,docs/lyris_swebench_qwen30ba3b_osl32k_temp01_bsweep_20260619_metrics_live.csv,6/19 batch aggregation
SWE,Qwen3-30B-A3B,0.0,,8,4096,32768,suffix_k32,2159191,954.6107474838569,147.75566922324097,6.46073854561584,88.64318667203757,9.174271096159238,4,matched 6/19 aggregation,docs/lyris_swebench_qwen30ba3b_osl32k_temp01_bsweep_20260619_metrics_live.csv,6/19 batch aggregation
SWE,Qwen3-30B-A3B,0.0,,8,4096,32768,eagle3_k3,2159193,157.6740497983602,147.75566922324097,1.0671269036732103,12.647452460011333,1.37942357380034,4,matched 6/19 aggregation,docs/lyris_swebench_qwen30ba3b_osl32k_temp01_bsweep_20260619_metrics_live.csv,6/19 batch aggregation
SWE,Qwen3-30B-A3B,0.0,,16,4096,32768,baseline,2159197,301.00315521894197,301.00315521894197,1.0,,,4,matched 6/19 aggregation,docs/lyris_swebench_qwen30ba3b_osl32k_temp01_bsweep_20260619_metrics_live.csv,6/19 batch aggregation
SWE,Qwen3-30B-A3B,0.0,,16,4096,32768,suffix_k32,2159198,1737.451086696056,301.00315521894197,5.772202239648547,89.38390305923079,9.516300103521548,4,matched 6/19 aggregation,docs/lyris_swebench_qwen30ba3b_osl32k_temp01_bsweep_20260619_metrics_live.csv,6/19 batch aggregation
SWE,Qwen3-30B-A3B,0.0,,16,4096,32768,eagle3_k3,2159199,304.5814224060962,301.00315521894197,1.0118878062409395,12.73278117822379,1.3819834353467138,4,matched 6/19 aggregation,docs/lyris_swebench_qwen30ba3b_osl32k_temp01_bsweep_20260619_metrics_live.csv,6/19 batch aggregation
SWE,Qwen3-30B-A3B,0.0,,32,4096,32768,baseline,2159203,529.1993104607326,529.1993104607326,1.0,,,4,matched 6/19 aggregation,docs/lyris_swebench_qwen30ba3b_osl32k_temp01_bsweep_20260619_metrics_live.csv,6/19 batch aggregation
SWE,Qwen3-30B-A3B,0.0,,32,4096,32768,suffix_k32,2159204,820.5770114015098,529.1993104607326,1.5506010593383,84.83549383055976,8.460467481315275,4,matched 6/19 aggregation,docs/lyris_swebench_qwen30ba3b_osl32k_temp01_bsweep_20260619_metrics_live.csv,6/19 batch aggregation
SWE,Qwen3-30B-A3B,0.0,,32,4096,32768,eagle3_k3,2159206,467.8816046153137,529.1993104607326,0.8841311682888733,12.859877395750042,1.3857963218725013,4,matched 6/19 aggregation,docs/lyris_swebench_qwen30ba3b_osl32k_temp01_bsweep_20260619_metrics_live.csv,6/19 batch aggregation
SWE,Qwen3-32B,0.0,,1,4096,32768,baseline,2137767,8.235469320757359,8.235469320757359,1.0,,,2,matched 6/16 Lyris SWE core matrix,docs/lyris_swebench_osl32k_temp01_core_matrix_20260616_metrics_live.csv,6/16 Lyris SWE batch 1/2 core matrix
SWE,Qwen3-32B,0.0,,1,4096,32768,suffix_k32,2133932,53.76158181694465,8.235469320757359,6.528053195637498,82.94290165217328,7.680037698062084,2,matched 6/16 Lyris SWE core matrix; B1 duplicates resolved by explicit speedup/direct row,docs/lyris_swebench_osl32k_temp01_core_matrix_20260616_metrics_live.csv,6/16 Lyris SWE batch 1/2 core matrix
SWE,Qwen3-32B,0.0,,1,4096,32768,eagle3_k3,2135971,19.439673473705135,8.235469320757359,2.360481560499263,66.85853188708235,3.0057559566124703,2,matched 6/16 Lyris SWE core matrix; B1 duplicates resolved by explicit speedup/direct row,docs/lyris_swebench_osl32k_temp01_core_matrix_20260616_metrics_live.csv,6/16 Lyris SWE batch 1/2 core matrix
SWE,Qwen3-32B,0.0,,2,4096,32768,baseline,2137767,16.352177242784446,16.352177242784446,1.0,,,2,matched 6/16 Lyris SWE core matrix,docs/lyris_swebench_osl32k_temp01_core_matrix_20260616_metrics_live.csv,6/16 Lyris SWE batch 1/2 core matrix
SWE,Qwen3-32B,0.0,,2,4096,32768,suffix_k32,2133932,106.69867716108003,16.352177242784446,6.52504407070085,86.77304377904441,8.439623493004964,2,matched 6/16 Lyris SWE core matrix; B1 duplicates resolved by explicit speedup/direct row,docs/lyris_swebench_osl32k_temp01_core_matrix_20260616_metrics_live.csv,6/16 Lyris SWE batch 1/2 core matrix
SWE,Qwen3-32B,0.0,,2,4096,32768,eagle3_k3,2135971,39.24110314917252,16.352177242784446,2.3997479091958858,71.33320557046122,3.1399961671138366,2,matched 6/16 Lyris SWE core matrix; B1 duplicates resolved by explicit speedup/direct row,docs/lyris_swebench_osl32k_temp01_core_matrix_20260616_metrics_live.csv,6/16 Lyris SWE batch 1/2 core matrix
SWE,Qwen3-32B,0.0,,4,4096,32768,baseline,2159147,33.92283409978268,33.92283409978268,1.0,,,4,matched 6/19 aggregation,docs/lyris_swebench_qwen32_osl32k_temp01_bsweep_20260619_metrics_live.csv,6/19 batch aggregation
SWE,Qwen3-32B,0.0,,4,4096,32768,suffix_k32,2159148,222.13060890886504,33.92283409978268,6.548114708089441,92.47563444977584,9.688999111637548,4,matched 6/19 aggregation,docs/lyris_swebench_qwen32_osl32k_temp01_bsweep_20260619_metrics_live.csv,6/19 batch aggregation
SWE,Qwen3-32B,0.0,,4,4096,32768,eagle3_k3,2159149,73.95531571928638,33.92283409978268,2.180104277306245,75.84041312676995,3.2752123938030984,4,matched 6/19 aggregation,docs/lyris_swebench_qwen32_osl32k_temp01_bsweep_20260619_metrics_live.csv,6/19 batch aggregation
SWE,Qwen3-32B,0.0,,8,4096,32768,baseline,2159156,63.72975495074019,63.72975495074019,1.0,,,4,matched 6/19 aggregation,docs/lyris_swebench_qwen32_osl32k_temp01_bsweep_20260619_metrics_live.csv,6/19 batch aggregation
SWE,Qwen3-32B,0.0,,8,4096,32768,suffix_k32,2159157,237.74580200704034,63.72975495074019,3.7305306162059715,84.82726895329137,7.517211654502614,4,matched 6/19 aggregation,docs/lyris_swebench_qwen32_osl32k_temp01_bsweep_20260619_metrics_live.csv,6/19 batch aggregation
SWE,Qwen3-32B,0.0,,8,4096,32768,eagle3_k3,2159159,134.046547476409,63.72975495074019,2.1033589032316233,72.13002635125622,3.1639007905376864,4,matched 6/19 aggregation,docs/lyris_swebench_qwen32_osl32k_temp01_bsweep_20260619_metrics_live.csv,6/19 batch aggregation
SWE,Qwen3-32B,0.0,,16,4096,32768,baseline,2159166,131.58556261588555,131.58556261588555,1.0,,,4,matched 6/19 aggregation,docs/lyris_swebench_qwen32_osl32k_temp01_bsweep_20260619_metrics_live.csv,6/19 batch aggregation
SWE,Qwen3-32B,0.0,,16,4096,32768,suffix_k32,2159167,430.7260921142858,131.58556261588555,3.273353729326889,88.65516403774025,8.685530002818723,4,matched 6/19 aggregation,docs/lyris_swebench_qwen32_osl32k_temp01_bsweep_20260619_metrics_live.csv,6/19 batch aggregation
SWE,Qwen3-32B,0.0,,16,4096,32768,eagle3_k3,2159168,266.5195747313754,131.58556261588555,2.025446936829832,69.98927935171609,3.0996783805514827,4,matched 6/19 aggregation,docs/lyris_swebench_qwen32_osl32k_temp01_bsweep_20260619_metrics_live.csv,6/19 batch aggregation
SWE,Qwen3-32B,0.0,,32,4096,32768,baseline,2159172,237.78898277667247,237.78898277667247,1.0,,,4,matched 6/19 aggregation,docs/lyris_swebench_qwen32_osl32k_temp01_bsweep_20260619_metrics_live.csv,6/19 batch aggregation
SWE,Qwen3-32B,0.0,,32,4096,32768,suffix_k32,2159173,866.4503791516117,237.78898277667247,3.643778483906329,89.62108051162822,9.129367492181851,4,matched 6/19 aggregation,docs/lyris_swebench_qwen32_osl32k_temp01_bsweep_20260619_metrics_live.csv,6/19 batch aggregation
SWE,Qwen3-32B,0.0,,32,4096,32768,eagle3_k3,2159175,438.54534893333687,237.78898277667247,1.8442626896016099,65.48145425760488,2.9644436277281465,4,matched 6/19 aggregation,docs/lyris_swebench_qwen32_osl32k_temp01_bsweep_20260619_metrics_live.csv,6/19 batch aggregation
SWE,Qwen3-235B-A22B,1.0,,1,4096,32768,baseline,2138634,2.1345933246551825,2.1345933246551825,1.0,,,4,matched 6/16 Lyris SWE core matrix,docs/lyris_swebench_osl32k_temp01_core_matrix_20260616_metrics_live.csv,6/16 Lyris SWE batch 1/2 core matrix
SWE,Qwen3-235B-A22B,1.0,,1,4096,32768,suffix_k32,2138640,6.095960556651891,2.1345933246551825,2.8557948187327993,55.12089590226521,3.118044009779951,4,matched 6/16 Lyris SWE core matrix; B1 duplicates resolved by explicit speedup/direct row,docs/lyris_swebench_osl32k_temp01_core_matrix_20260616_metrics_live.csv,6/16 Lyris SWE batch 1/2 core matrix
SWE,Qwen3-235B-A22B,1.0,,1,4096,32768,eagle3_k3,2138636,3.4370260426023003,2.1345933246551825,1.6101549662428134,25.059253319076895,1.7517775995723068,4,matched 6/16 Lyris SWE core matrix; B1 duplicates resolved by explicit speedup/direct row,docs/lyris_swebench_osl32k_temp01_core_matrix_20260616_metrics_live.csv,6/16 Lyris SWE batch 1/2 core matrix
SWE,Qwen3-235B-A22B,1.0,,2,4096,32768,baseline,2136601,4.1208614649423545,4.1208614649423545,1.0,,,4,matched 6/16 Lyris SWE core matrix,docs/lyris_swebench_osl32k_temp01_core_matrix_20260616_metrics_live.csv,6/16 Lyris SWE batch 1/2 core matrix
SWE,Qwen3-235B-A22B,1.0,,2,4096,32768,suffix_k32,2133936,7.798360299837465,4.1208614649423545,1.8924102074726148,50.560862297978346,2.659698752451287,4,matched 6/16 Lyris SWE core matrix; B1 duplicates resolved by explicit speedup/direct row,docs/lyris_swebench_osl32k_temp01_core_matrix_20260616_metrics_live.csv,6/16 Lyris SWE batch 1/2 core matrix
SWE,Qwen3-235B-A22B,1.0,,2,4096,32768,eagle3_k3,2136603,6.140425077015267,4.1208614649423545,1.49008286962667,23.05729798566475,1.6917189395699426,4,matched 6/16 Lyris SWE core matrix; B1 duplicates resolved by explicit speedup/direct row,docs/lyris_swebench_osl32k_temp01_core_matrix_20260616_metrics_live.csv,6/16 Lyris SWE batch 1/2 core matrix
SWE,Qwen3-235B-A22B,1.0,,4,4096,32768,baseline,3423938,7.923111303156699,7.923111303156699,1.0,,,4,matched 6/19 aggregation,docs/oci_swebench_qwen235b_osl32k_temp01_bsweep_20260619_metrics_live.csv,6/19 batch aggregation
SWE,Qwen3-235B-A22B,1.0,,4,4096,32768,suffix_k32,3423939,15.60769618642765,7.923111303156699,1.9698948543369932,46.82108687577648,2.357287393023558,4,matched 6/19 aggregation,docs/oci_swebench_qwen235b_osl32k_temp01_bsweep_20260619_metrics_live.csv,6/19 batch aggregation
SWE,Qwen3-235B-A22B,1.0,,4,4096,32768,eagle3_k3,3423942,10.63002733404262,7.923111303156699,1.341648113640337,23.98469443533399,1.7195408330600197,4,matched 6/19 aggregation,docs/oci_swebench_qwen235b_osl32k_temp01_bsweep_20260619_metrics_live.csv,6/19 batch aggregation
SWE,Qwen3-235B-A22B,1.0,,8,4096,32768,baseline,3423945,15.075989863776506,15.075989863776506,1.0,,,4,matched 6/19 aggregation,docs/oci_swebench_qwen235b_osl32k_temp01_bsweep_20260619_metrics_live.csv,6/19 batch aggregation
SWE,Qwen3-235B-A22B,1.0,,8,4096,32768,suffix_k32,3423948,25.537119680892314,15.075989863776506,1.693893396827697,48.77994283745915,2.581193228113589,4,matched 6/19 aggregation,docs/oci_swebench_qwen235b_osl32k_temp01_bsweep_20260619_metrics_live.csv,6/19 batch aggregation
SWE,Qwen3-235B-A22B,1.0,,8,4096,32768,eagle3_k3,3423949,19.479847393336662,15.075989863776506,1.2921106719593534,23.432360386580132,1.702970811597404,4,matched 6/19 aggregation,docs/oci_swebench_qwen235b_osl32k_temp01_bsweep_20260619_metrics_live.csv,6/19 batch aggregation
SWE,Qwen3-235B-A22B,1.0,,16,4096,32768,baseline,3423950,30.56043220920272,30.56043220920272,1.0,,,4,matched 6/19 aggregation,docs/oci_swebench_qwen235b_osl32k_temp01_bsweep_20260619_metrics_live.csv,6/19 batch aggregation
SWE,Qwen3-235B-A22B,1.0,,16,4096,32768,suffix_k32,3423951,41.69587482169171,30.56043220920272,1.364374513300756,49.118924451575424,2.6269095092414902,4,matched 6/19 aggregation,docs/oci_swebench_qwen235b_osl32k_temp01_bsweep_20260619_metrics_live.csv,6/19 batch aggregation
SWE,Qwen3-235B-A22B,1.0,,16,4096,32768,eagle3_k3,3423952,36.61937594134853,30.56043220920272,1.198261061580185,24.422558950377578,1.7326767685113273,4,matched 6/19 aggregation,docs/oci_swebench_qwen235b_osl32k_temp01_bsweep_20260619_metrics_live.csv,6/19 batch aggregation
SWE,Qwen3-235B-A22B,1.0,,32,4096,32768,baseline,3423955,60.25629688901522,60.25629688901522,1.0,,,4,matched 6/19 aggregation,docs/oci_swebench_qwen235b_osl32k_temp01_bsweep_20260619_metrics_live.csv,6/19 batch aggregation
SWE,Qwen3-235B-A22B,1.0,,32,4096,32768,suffix_k32,3423959,83.73702577547503,60.25629688901522,1.3896809146720128,46.33037103562067,2.50743015797125,4,matched 6/19 aggregation,docs/oci_swebench_qwen235b_osl32k_temp01_bsweep_20260619_metrics_live.csv,6/19 batch aggregation
SWE,Qwen3-235B-A22B,1.0,,32,4096,32768,eagle3_k3,3423960,70.70672221943735,60.25629688901522,1.1734329168895086,23.426292362181325,1.70278877086544,4,matched 6/19 aggregation,docs/oci_swebench_qwen235b_osl32k_temp01_bsweep_20260619_metrics_live.csv,6/19 batch aggregation
SWE,Qwen3-30B-A3B,1.0,,1,4096,32768,baseline,2133941,19.578920110499304,19.578920110499304,1.0,,,1,matched 6/16 Lyris SWE core matrix,docs/lyris_swebench_osl32k_temp01_core_matrix_20260616_metrics_live.csv,6/16 Lyris SWE batch 1/2 core matrix
SWE,Qwen3-30B-A3B,1.0,,1,4096,32768,suffix_k32,2133942,168.52857801824283,19.578920110499304,8.607654409288306,91.15116052272285,9.456967064784655,1,matched 6/16 Lyris SWE core matrix; B1 duplicates resolved by explicit speedup/direct row,docs/lyris_swebench_osl32k_temp01_core_matrix_20260616_metrics_live.csv,6/16 Lyris SWE batch 1/2 core matrix
SWE,Qwen3-30B-A3B,1.0,,1,4096,32768,eagle3_k3,2133943,21.400454284469266,19.578920110499304,1.0930354771197597,11.211710287965143,1.3363513086389542,1,matched 6/16 Lyris SWE core matrix; B1 duplicates resolved by explicit speedup/direct row,docs/lyris_swebench_osl32k_temp01_core_matrix_20260616_metrics_live.csv,6/16 Lyris SWE batch 1/2 core matrix
SWE,Qwen3-30B-A3B,1.0,,2,4096,32768,baseline,2133941,38.78373191565313,38.78373191565313,1.0,,,1,matched 6/16 Lyris SWE core matrix,docs/lyris_swebench_osl32k_temp01_core_matrix_20260616_metrics_live.csv,6/16 Lyris SWE batch 1/2 core matrix
SWE,Qwen3-30B-A3B,1.0,,2,4096,32768,suffix_k32,2133942,306.9117083096725,38.78373191565313,7.913413515160022,90.41591460155396,9.290148448043185,1,matched 6/16 Lyris SWE core matrix; B1 duplicates resolved by explicit speedup/direct row,docs/lyris_swebench_osl32k_temp01_core_matrix_20260616_metrics_live.csv,6/16 Lyris SWE batch 1/2 core matrix
SWE,Qwen3-30B-A3B,1.0,,2,4096,32768,eagle3_k3,2133943,40.29682475333975,38.78373191565313,1.0390135957255815,10.766124962147975,1.3229837488644394,1,matched 6/16 Lyris SWE core matrix; B1 duplicates resolved by explicit speedup/direct row,docs/lyris_swebench_osl32k_temp01_core_matrix_20260616_metrics_live.csv,6/16 Lyris SWE batch 1/2 core matrix
SWE,Qwen3-30B-A3B,1.0,,4,4096,32768,baseline,2159186,78.47392072840016,78.47392072840016,1.0,,,4,matched 6/19 aggregation,docs/lyris_swebench_qwen30ba3b_osl32k_temp01_bsweep_20260619_metrics_live.csv,6/19 batch aggregation
SWE,Qwen3-30B-A3B,1.0,,4,4096,32768,suffix_k32,2159188,572.8246320586514,78.47392072840016,7.299554128832293,92.76502939503129,9.729625223081499,4,matched 6/19 aggregation,docs/lyris_swebench_qwen30ba3b_osl32k_temp01_bsweep_20260619_metrics_live.csv,6/19 batch aggregation
SWE,Qwen3-30B-A3B,1.0,,4,4096,32768,eagle3_k3,2159189,82.92108057168235,78.47392072840016,1.0566705448383789,11.556350135969149,1.3466905040790744,4,matched 6/19 aggregation,docs/lyris_swebench_qwen30ba3b_osl32k_temp01_bsweep_20260619_metrics_live.csv,6/19 batch aggregation
SWE,Qwen3-30B-A3B,1.0,,8,4096,32768,baseline,2159194,152.0632394071262,152.0632394071262,1.0,,,4,matched 6/19 aggregation,docs/lyris_swebench_qwen30ba3b_osl32k_temp01_bsweep_20260619_metrics_live.csv,6/19 batch aggregation
SWE,Qwen3-30B-A3B,1.0,,8,4096,32768,suffix_k32,2159195,549.6814423215682,152.0632394071262,3.6148213366011475,81.40718336755869,7.409559406501303,4,matched 6/19 aggregation,docs/lyris_swebench_qwen30ba3b_osl32k_temp01_bsweep_20260619_metrics_live.csv,6/19 batch aggregation
SWE,Qwen3-30B-A3B,1.0,,8,4096,32768,eagle3_k3,2159196,158.35621044753444,152.0632394071262,1.0413839075436224,11.054610970284088,1.3316383291085225,4,matched 6/19 aggregation,docs/lyris_swebench_qwen30ba3b_osl32k_temp01_bsweep_20260619_metrics_live.csv,6/19 batch aggregation
SWE,Qwen3-30B-A3B,1.0,,16,4096,32768,baseline,2159200,298.2729877169295,298.2729877169295,1.0,,,4,matched 6/19 aggregation,docs/lyris_swebench_qwen30ba3b_osl32k_temp01_bsweep_20260619_metrics_live.csv,6/19 batch aggregation
SWE,Qwen3-30B-A3B,1.0,,16,4096,32768,suffix_k32,2159201,912.3665250941428,298.2729877169295,3.058830543381312,87.50056850914163,8.449053011970445,4,matched 6/19 aggregation,docs/lyris_swebench_qwen30ba3b_osl32k_temp01_bsweep_20260619_metrics_live.csv,6/19 batch aggregation
SWE,Qwen3-30B-A3B,1.0,,16,4096,32768,eagle3_k3,2159202,277.59986676442037,298.2729877169295,0.9306906028911724,10.48479909734846,1.3145439729204538,4,matched 6/19 aggregation,docs/lyris_swebench_qwen30ba3b_osl32k_temp01_bsweep_20260619_metrics_live.csv,6/19 batch aggregation
SWE,Qwen3-30B-A3B,1.0,,32,4096,32768,baseline,2159207,533.3991489084059,533.3991489084059,1.0,,,4,matched 6/19 aggregation,docs/lyris_swebench_qwen30ba3b_osl32k_temp01_bsweep_20260619_metrics_live.csv,6/19 batch aggregation
SWE,Qwen3-30B-A3B,1.0,,32,4096,32768,suffix_k32,2159208,653.1351770189738,533.3991489084059,1.2244773512586324,78.01305449914608,7.005443286835805,4,matched 6/19 aggregation,docs/lyris_swebench_qwen30ba3b_osl32k_temp01_bsweep_20260619_metrics_live.csv,6/19 batch aggregation
SWE,Qwen3-30B-A3B,1.0,,32,4096,32768,eagle3_k3,2159209,515.4189329880679,533.3991489084059,0.9662912549501921,11.943874812539645,1.3583162443761894,4,matched 6/19 aggregation,docs/lyris_swebench_qwen30ba3b_osl32k_temp01_bsweep_20260619_metrics_live.csv,6/19 batch aggregation
SWE,Qwen3-32B,1.0,,1,4096,32768,baseline,2133938,8.357309200106233,8.357309200106233,1.0,,,2,matched 6/16 Lyris SWE core matrix,docs/lyris_swebench_osl32k_temp01_core_matrix_20260616_metrics_live.csv,6/16 Lyris SWE batch 1/2 core matrix
SWE,Qwen3-32B,1.0,,1,4096,32768,suffix_k32,2133939,16.160134643093816,8.357309200106233,1.933652836835138,42.12352693238179,2.3677352830896137,2,matched 6/16 Lyris SWE core matrix; B1 duplicates resolved by explicit speedup/direct row,docs/lyris_swebench_osl32k_temp01_core_matrix_20260616_metrics_live.csv,6/16 Lyris SWE batch 1/2 core matrix
SWE,Qwen3-32B,1.0,,1,4096,32768,eagle3_k3,2133940,15.930813579168936,8.357309200106233,1.9062132556931641,49.257718966603655,2.4777315689981094,2,matched 6/16 Lyris SWE core matrix; B1 duplicates resolved by explicit speedup/direct row,docs/lyris_swebench_osl32k_temp01_core_matrix_20260616_metrics_live.csv,6/16 Lyris SWE batch 1/2 core matrix
SWE,Qwen3-32B,1.0,,2,4096,32768,baseline,2133938,16.396119029169874,16.396119029169874,1.0,,,2,matched 6/16 Lyris SWE core matrix,docs/lyris_swebench_osl32k_temp01_core_matrix_20260616_metrics_live.csv,6/16 Lyris SWE batch 1/2 core matrix
SWE,Qwen3-32B,1.0,,2,4096,32768,suffix_k32,2133939,39.59719572537346,16.396119029169874,2.415034658807197,62.33081798589964,4.057471622801547,2,matched 6/16 Lyris SWE core matrix; B1 duplicates resolved by explicit speedup/direct row,docs/lyris_swebench_osl32k_temp01_core_matrix_20260616_metrics_live.csv,6/16 Lyris SWE batch 1/2 core matrix
SWE,Qwen3-32B,1.0,,2,4096,32768,eagle3_k3,2133940,29.725902224223283,16.396119029169874,1.812984046489219,48.80404063191272,2.4641212189573816,2,matched 6/16 Lyris SWE core matrix; B1 duplicates resolved by explicit speedup/direct row,docs/lyris_swebench_osl32k_temp01_core_matrix_20260616_metrics_live.csv,6/16 Lyris SWE batch 1/2 core matrix
SWE,Qwen3-32B,1.0,,4,4096,32768,baseline,2159150,32.9131866314243,32.9131866314243,1.0,,,4,matched 6/19 aggregation,docs/lyris_swebench_qwen32_osl32k_temp01_bsweep_20260619_metrics_live.csv,6/19 batch aggregation
SWE,Qwen3-32B,1.0,,4,4096,32768,suffix_k32,2159151,44.60756544788962,32.9131866314243,1.355309832117561,59.6184917203635,3.599866325052913,4,matched 6/19 aggregation,docs/lyris_swebench_qwen32_osl32k_temp01_bsweep_20260619_metrics_live.csv,6/19 batch aggregation
SWE,Qwen3-32B,1.0,,4,4096,32768,eagle3_k3,2159152,54.5395050198278,32.9131866314243,1.6570715449276943,57.7686030832534,2.7330580924976022,4,matched 6/19 aggregation,docs/lyris_swebench_qwen32_osl32k_temp01_bsweep_20260619_metrics_live.csv,6/19 batch aggregation
SWE,Qwen3-32B,1.0,,8,4096,32768,baseline,2159160,65.65544142164273,65.65544142164273,1.0,,,4,matched 6/19 aggregation,docs/lyris_swebench_qwen32_osl32k_temp01_bsweep_20260619_metrics_live.csv,6/19 batch aggregation
SWE,Qwen3-32B,1.0,,8,4096,32768,suffix_k32,2159162,64.08214635229331,65.65544142164273,0.9760370955509134,61.331211984312496,3.6492356859029655,4,matched 6/19 aggregation,docs/lyris_swebench_qwen32_osl32k_temp01_bsweep_20260619_metrics_live.csv,6/19 batch aggregation
SWE,Qwen3-32B,1.0,,8,4096,32768,eagle3_k3,2159165,79.1348406287957,65.65544142164273,1.2053051341257086,50.379368485591655,2.5113810545677495,4,matched 6/19 aggregation,docs/lyris_swebench_qwen32_osl32k_temp01_bsweep_20260619_metrics_live.csv,6/19 batch aggregation
SWE,Qwen3-32B,1.0,,16,4096,32768,baseline,2159169,129.05817632757788,129.05817632757788,1.0,,,4,matched 6/19 aggregation,docs/lyris_swebench_qwen32_osl32k_temp01_bsweep_20260619_metrics_live.csv,6/19 batch aggregation
SWE,Qwen3-32B,1.0,,16,4096,32768,suffix_k32,2159170,151.17105214236145,129.05817632757788,1.1713403710173018,58.010469572804034,3.537817187957933,4,matched 6/19 aggregation,docs/lyris_swebench_qwen32_osl32k_temp01_bsweep_20260619_metrics_live.csv,6/19 batch aggregation
SWE,Qwen3-32B,1.0,,16,4096,32768,eagle3_k3,2159171,185.41875337220006,129.05817632757788,1.4367067523220436,52.97603761284842,2.5892811283854527,4,matched 6/19 aggregation,docs/lyris_swebench_qwen32_osl32k_temp01_bsweep_20260619_metrics_live.csv,6/19 batch aggregation
SWE,Qwen3-32B,1.0,,32,4096,32768,baseline,2159176,238.25135515661208,238.25135515661208,1.0,,,4,matched 6/19 aggregation,docs/lyris_swebench_qwen32_osl32k_temp01_bsweep_20260619_metrics_live.csv,6/19 batch aggregation
SWE,Qwen3-32B,1.0,,32,4096,32768,suffix_k32,2159177,299.1437918228769,238.25135515661208,1.2555806518969759,64.37071653587488,4.3527361086176874,4,matched 6/19 aggregation,docs/lyris_swebench_qwen32_osl32k_temp01_bsweep_20260619_metrics_live.csv,6/19 batch aggregation
SWE,Qwen3-32B,1.0,,32,4096,32768,eagle3_k3,2159178,301.4446154972268,238.25135515661208,1.265237779231414,51.64230219721889,2.549269065916567,4,matched 6/19 aggregation,docs/lyris_swebench_qwen32_osl32k_temp01_bsweep_20260619_metrics_live.csv,6/19 batch aggregation
