suite,job_id,dataset,model_group,method,method_detail,model,prompt_offset,prompt_count,isl,osl,batch_sizes,logs_dir,breakdown_json,tracker_file,label,name,queue_state,acct_state,exit_code,elapsed,node,nodes,reason,runtime
math500,2113223,math500,qwen235b,baseline,baseline,Qwen/Qwen3-235B-A22B,0,4,4096,32768,1 2,/lustre/fsw/coreai_dlalgo_llm/users/sna/vllm-benchmark/vllm-runs/qwen235b_a22b_math500_osl32k_lyris_tp4_fp8kv_baseline_offset0_n4_isl4096_osl32768_bs1_2_20260613_math,/lustre/fsw/coreai_dlalgo_llm/users/sna/vllm-benchmark/vllm-runs/qwen235b_a22b_math500_osl32k_lyris_tp4_fp8kv_baseline_offset0_n4_isl4096_osl32768_bs1_2_20260613_math/breakdown.json,/Users/sna/Nemo-RL_Qwen3_Roadmap/latest_lyris_qwen235b_math500_osl32k_specdec_20260613_jobs.txt,math500_osl32k_qwen235b_baseline,coreai_dlalgo_llm-specdec.baseline-qwen235b_a22b_math500_osl32k_lyris_tp4_fp8kv,,TIMEOUT,0:0,05:00:02,lyris0106,,,
math500,2113230,math500,qwen235b,eagle3,eagle3_k3,Qwen/Qwen3-235B-A22B,0,4,4096,32768,1 2,/lustre/fsw/coreai_dlalgo_llm/users/sna/vllm-benchmark/vllm-runs/qwen235b_a22b_math500_osl32k_lyris_tp4_fp8kv_eagle3_offset0_n4_isl4096_osl32768_bs1_2_k3_20260613_math,/lustre/fsw/coreai_dlalgo_llm/users/sna/vllm-benchmark/vllm-runs/qwen235b_a22b_math500_osl32k_lyris_tp4_fp8kv_eagle3_offset0_n4_isl4096_osl32768_bs1_2_k3_20260613_math/breakdown.json,/Users/sna/Nemo-RL_Qwen3_Roadmap/latest_lyris_qwen235b_math500_osl32k_specdec_20260613_jobs.txt,math500_osl32k_qwen235b_eagle3_k3,coreai_dlalgo_llm-specdec.eagle3-qwen235b_a22b_math500_osl32k_lyris_tp4_fp8kv,,COMPLETED,0:0,03:02:24,lyris0219,,,
math500,2113228,math500,qwen235b,pard2,official_pard2_k1,Qwen/Qwen3-235B-A22B,0,4,4096,32768,1 2,/lustre/fsw/coreai_dlalgo_llm/users/sna/vllm-benchmark/vllm-runs/qwen235b_a22b_math500_osl32k_lyris_tp4_fp8kv_pard2_offset0_n4_isl4096_osl32768_bs1_2_k1_20260613_math,/lustre/fsw/coreai_dlalgo_llm/users/sna/vllm-benchmark/vllm-runs/qwen235b_a22b_math500_osl32k_lyris_tp4_fp8kv_pard2_offset0_n4_isl4096_osl32768_bs1_2_k1_20260613_math/breakdown.json,/Users/sna/Nemo-RL_Qwen3_Roadmap/latest_lyris_qwen235b_math500_osl32k_specdec_20260613_jobs.txt,math500_osl32k_qwen235b_official_pard2_k1,coreai_dlalgo_llm-specdec.pard2-qwen235b_a22b_math500_osl32k_lyris_tp4_fp8kv,,TIMEOUT,0:0,05:00:28,lyris0218,,,
math500,2113226,math500,qwen235b,pard,pard_k5,Qwen/Qwen3-235B-A22B,0,4,4096,32768,1 2,/lustre/fsw/coreai_dlalgo_llm/users/sna/vllm-benchmark/vllm-runs/qwen235b_a22b_math500_osl32k_lyris_tp4_fp8kv_pard_offset0_n4_isl4096_osl32768_bs1_2_k5_20260613_math,/lustre/fsw/coreai_dlalgo_llm/users/sna/vllm-benchmark/vllm-runs/qwen235b_a22b_math500_osl32k_lyris_tp4_fp8kv_pard_offset0_n4_isl4096_osl32768_bs1_2_k5_20260613_math/breakdown.json,/Users/sna/Nemo-RL_Qwen3_Roadmap/latest_lyris_qwen235b_math500_osl32k_specdec_20260613_jobs.txt,math500_osl32k_qwen235b_pard_k5,coreai_dlalgo_llm-specdec.pard-qwen235b_a22b_math500_osl32k_lyris_tp4_fp8kv,,COMPLETED,0:0,03:09:46,lyris0217,,,
math500,2113224,math500,qwen235b,suffix,suffix_k32,Qwen/Qwen3-235B-A22B,0,4,4096,32768,1 2,/lustre/fsw/coreai_dlalgo_llm/users/sna/vllm-benchmark/vllm-runs/qwen235b_a22b_math500_osl32k_lyris_tp4_fp8kv_suffix_offset0_n4_isl4096_osl32768_bs1_2_k32_arctic_20260613_math,/lustre/fsw/coreai_dlalgo_llm/users/sna/vllm-benchmark/vllm-runs/qwen235b_a22b_math500_osl32k_lyris_tp4_fp8kv_suffix_offset0_n4_isl4096_osl32768_bs1_2_k32_arctic_20260613_math/breakdown.json,/Users/sna/Nemo-RL_Qwen3_Roadmap/latest_lyris_qwen235b_math500_osl32k_specdec_20260613_jobs.txt,math500_osl32k_qwen235b_suffix_k32,coreai_dlalgo_llm-specdec.suffix-qwen235b_a22b_math500_osl32k_lyris_tp4_fp8kv,,COMPLETED,0:0,01:13:09,lyris0286,,,
swe,2113211,full,qwen235b,eagle3_k11,eagle3_k11,Qwen/Qwen3-235B-A22B,0,2,4096,32768,2,/lustre/fsw/coreai_dlalgo_llm/users/sna/vllm-benchmark/vllm-runs/qwen235b_a22b_swe_full_osl32k_bsweep_lyris_tp4_fp8kv_bs2_eagle3_offset0_n2_isl4096_osl32768_bs2_k11_20260613,/lustre/fsw/coreai_dlalgo_llm/users/sna/vllm-benchmark/vllm-runs/qwen235b_a22b_swe_full_osl32k_bsweep_lyris_tp4_fp8kv_bs2_eagle3_offset0_n2_isl4096_osl32768_bs2_k11_20260613/breakdown.json,/Users/sna/Nemo-RL_Qwen3_Roadmap/latest_lyris_qwen235b_swebench_osl32k_drafter_k9_k11_20260613_jobs.csv,full_osl32k_qwen235b_eagle3_k11,coreai_dlalgo_llm-specdec.eagle3-qwen235b_a22b_swe_full_osl32k_bsweep_lyris_tp4_fp8kv_bs2,,COMPLETED,0:0,01:06:53,lyris0101,,,
swe,2113214,full,qwen235b,eagle3_k11,eagle3_k11,Qwen/Qwen3-235B-A22B,0,4,4096,32768,4,/lustre/fsw/coreai_dlalgo_llm/users/sna/vllm-benchmark/vllm-runs/qwen235b_a22b_swe_full_osl32k_bsweep_lyris_tp4_fp8kv_bs4_eagle3_offset0_n4_isl4096_osl32768_bs4_k11_20260613,/lustre/fsw/coreai_dlalgo_llm/users/sna/vllm-benchmark/vllm-runs/qwen235b_a22b_swe_full_osl32k_bsweep_lyris_tp4_fp8kv_bs4_eagle3_offset0_n4_isl4096_osl32768_bs4_k11_20260613/breakdown.json,/Users/sna/Nemo-RL_Qwen3_Roadmap/latest_lyris_qwen235b_swebench_osl32k_drafter_k9_k11_20260613_jobs.csv,full_osl32k_qwen235b_eagle3_k11,coreai_dlalgo_llm-specdec.eagle3-qwen235b_a22b_swe_full_osl32k_bsweep_lyris_tp4_fp8kv_bs4,,COMPLETED,0:0,01:17:51,lyris0102,,,
swe,2113219,full,qwen235b,eagle3_k11,eagle3_k11,Qwen/Qwen3-235B-A22B,0,8,4096,32768,8,/lustre/fsw/coreai_dlalgo_llm/users/sna/vllm-benchmark/vllm-runs/qwen235b_a22b_swe_full_osl32k_bsweep_lyris_tp4_fp8kv_bs8_eagle3_offset0_n8_isl4096_osl32768_bs8_k11_20260613,/lustre/fsw/coreai_dlalgo_llm/users/sna/vllm-benchmark/vllm-runs/qwen235b_a22b_swe_full_osl32k_bsweep_lyris_tp4_fp8kv_bs8_eagle3_offset0_n8_isl4096_osl32768_bs8_k11_20260613/breakdown.json,/Users/sna/Nemo-RL_Qwen3_Roadmap/latest_lyris_qwen235b_swebench_osl32k_drafter_k9_k11_20260613_jobs.csv,full_osl32k_qwen235b_eagle3_k11,coreai_dlalgo_llm-specdec.eagle3-qwen235b_a22b_swe_full_osl32k_bsweep_lyris_tp4_fp8kv_bs8,,COMPLETED,0:0,01:15:57,lyris0103,,,
swe,2113221,full,qwen235b,eagle3_k11,eagle3_k11,Qwen/Qwen3-235B-A22B,0,16,4096,32768,16,/lustre/fsw/coreai_dlalgo_llm/users/sna/vllm-benchmark/vllm-runs/qwen235b_a22b_swe_full_osl32k_bsweep_lyris_tp4_fp8kv_bs16_eagle3_offset0_n16_isl4096_osl32768_bs16_k11_20260613,/lustre/fsw/coreai_dlalgo_llm/users/sna/vllm-benchmark/vllm-runs/qwen235b_a22b_swe_full_osl32k_bsweep_lyris_tp4_fp8kv_bs16_eagle3_offset0_n16_isl4096_osl32768_bs16_k11_20260613/breakdown.json,/Users/sna/Nemo-RL_Qwen3_Roadmap/latest_lyris_qwen235b_swebench_osl32k_drafter_k9_k11_20260613_jobs.csv,full_osl32k_qwen235b_eagle3_k11,coreai_dlalgo_llm-specdec.eagle3-qwen235b_a22b_swe_full_osl32k_bsweep_lyris_tp4_fp8kv_bs16,,COMPLETED,0:0,01:14:55,lyris0104,,,
swe,2113222,full,qwen235b,eagle3_k11,eagle3_k11,Qwen/Qwen3-235B-A22B,0,32,4096,32768,32,/lustre/fsw/coreai_dlalgo_llm/users/sna/vllm-benchmark/vllm-runs/qwen235b_a22b_swe_full_osl32k_bsweep_lyris_tp4_fp8kv_bs32_eagle3_offset0_n32_isl4096_osl32768_bs32_k11_20260613,/lustre/fsw/coreai_dlalgo_llm/users/sna/vllm-benchmark/vllm-runs/qwen235b_a22b_swe_full_osl32k_bsweep_lyris_tp4_fp8kv_bs32_eagle3_offset0_n32_isl4096_osl32768_bs32_k11_20260613/breakdown.json,/Users/sna/Nemo-RL_Qwen3_Roadmap/latest_lyris_qwen235b_swebench_osl32k_drafter_k9_k11_20260613_jobs.csv,full_osl32k_qwen235b_eagle3_k11,coreai_dlalgo_llm-specdec.eagle3-qwen235b_a22b_swe_full_osl32k_bsweep_lyris_tp4_fp8kv_bs32,,COMPLETED,0:0,01:25:06,lyris0105,,,
swe,2113197,full,qwen235b,eagle3_k9,eagle3_k9,Qwen/Qwen3-235B-A22B,0,2,4096,32768,2,/lustre/fsw/coreai_dlalgo_llm/users/sna/vllm-benchmark/vllm-runs/qwen235b_a22b_swe_full_osl32k_bsweep_lyris_tp4_fp8kv_bs2_eagle3_offset0_n2_isl4096_osl32768_bs2_k9_20260613,/lustre/fsw/coreai_dlalgo_llm/users/sna/vllm-benchmark/vllm-runs/qwen235b_a22b_swe_full_osl32k_bsweep_lyris_tp4_fp8kv_bs2_eagle3_offset0_n2_isl4096_osl32768_bs2_k9_20260613/breakdown.json,/Users/sna/Nemo-RL_Qwen3_Roadmap/latest_lyris_qwen235b_swebench_osl32k_drafter_k9_k11_20260613_jobs.csv,full_osl32k_qwen235b_eagle3_k9,coreai_dlalgo_llm-specdec.eagle3-qwen235b_a22b_swe_full_osl32k_bsweep_lyris_tp4_fp8kv_bs2,,COMPLETED,0:0,00:59:43,lyris0091,,,
swe,2113199,full,qwen235b,eagle3_k9,eagle3_k9,Qwen/Qwen3-235B-A22B,0,4,4096,32768,4,/lustre/fsw/coreai_dlalgo_llm/users/sna/vllm-benchmark/vllm-runs/qwen235b_a22b_swe_full_osl32k_bsweep_lyris_tp4_fp8kv_bs4_eagle3_offset0_n4_isl4096_osl32768_bs4_k9_20260613,/lustre/fsw/coreai_dlalgo_llm/users/sna/vllm-benchmark/vllm-runs/qwen235b_a22b_swe_full_osl32k_bsweep_lyris_tp4_fp8kv_bs4_eagle3_offset0_n4_isl4096_osl32768_bs4_k9_20260613/breakdown.json,/Users/sna/Nemo-RL_Qwen3_Roadmap/latest_lyris_qwen235b_swebench_osl32k_drafter_k9_k11_20260613_jobs.csv,full_osl32k_qwen235b_eagle3_k9,coreai_dlalgo_llm-specdec.eagle3-qwen235b_a22b_swe_full_osl32k_bsweep_lyris_tp4_fp8kv_bs4,,COMPLETED,0:0,01:07:48,lyris0092,,,
swe,2113200,full,qwen235b,eagle3_k9,eagle3_k9,Qwen/Qwen3-235B-A22B,0,8,4096,32768,8,/lustre/fsw/coreai_dlalgo_llm/users/sna/vllm-benchmark/vllm-runs/qwen235b_a22b_swe_full_osl32k_bsweep_lyris_tp4_fp8kv_bs8_eagle3_offset0_n8_isl4096_osl32768_bs8_k9_20260613,/lustre/fsw/coreai_dlalgo_llm/users/sna/vllm-benchmark/vllm-runs/qwen235b_a22b_swe_full_osl32k_bsweep_lyris_tp4_fp8kv_bs8_eagle3_offset0_n8_isl4096_osl32768_bs8_k9_20260613/breakdown.json,/Users/sna/Nemo-RL_Qwen3_Roadmap/latest_lyris_qwen235b_swebench_osl32k_drafter_k9_k11_20260613_jobs.csv,full_osl32k_qwen235b_eagle3_k9,coreai_dlalgo_llm-specdec.eagle3-qwen235b_a22b_swe_full_osl32k_bsweep_lyris_tp4_fp8kv_bs8,,COMPLETED,0:0,01:27:35,lyris0093,,,
swe,2113201,full,qwen235b,eagle3_k9,eagle3_k9,Qwen/Qwen3-235B-A22B,0,16,4096,32768,16,/lustre/fsw/coreai_dlalgo_llm/users/sna/vllm-benchmark/vllm-runs/qwen235b_a22b_swe_full_osl32k_bsweep_lyris_tp4_fp8kv_bs16_eagle3_offset0_n16_isl4096_osl32768_bs16_k9_20260613,/lustre/fsw/coreai_dlalgo_llm/users/sna/vllm-benchmark/vllm-runs/qwen235b_a22b_swe_full_osl32k_bsweep_lyris_tp4_fp8kv_bs16_eagle3_offset0_n16_isl4096_osl32768_bs16_k9_20260613/breakdown.json,/Users/sna/Nemo-RL_Qwen3_Roadmap/latest_lyris_qwen235b_swebench_osl32k_drafter_k9_k11_20260613_jobs.csv,full_osl32k_qwen235b_eagle3_k9,coreai_dlalgo_llm-specdec.eagle3-qwen235b_a22b_swe_full_osl32k_bsweep_lyris_tp4_fp8kv_bs16,,COMPLETED,0:0,01:11:58,lyris0094,,,
swe,2113202,full,qwen235b,eagle3_k9,eagle3_k9,Qwen/Qwen3-235B-A22B,0,32,4096,32768,32,/lustre/fsw/coreai_dlalgo_llm/users/sna/vllm-benchmark/vllm-runs/qwen235b_a22b_swe_full_osl32k_bsweep_lyris_tp4_fp8kv_bs32_eagle3_offset0_n32_isl4096_osl32768_bs32_k9_20260613,/lustre/fsw/coreai_dlalgo_llm/users/sna/vllm-benchmark/vllm-runs/qwen235b_a22b_swe_full_osl32k_bsweep_lyris_tp4_fp8kv_bs32_eagle3_offset0_n32_isl4096_osl32768_bs32_k9_20260613/breakdown.json,/Users/sna/Nemo-RL_Qwen3_Roadmap/latest_lyris_qwen235b_swebench_osl32k_drafter_k9_k11_20260613_jobs.csv,full_osl32k_qwen235b_eagle3_k9,coreai_dlalgo_llm-specdec.eagle3-qwen235b_a22b_swe_full_osl32k_bsweep_lyris_tp4_fp8kv_bs32,,COMPLETED,0:0,01:23:06,lyris0095,,,
swe,2113186,full,qwen235b,pard2_k11,pard2_k11,Qwen/Qwen3-235B-A22B,0,2,4096,32768,2,/lustre/fsw/coreai_dlalgo_llm/users/sna/vllm-benchmark/vllm-runs/qwen235b_a22b_swe_full_osl32k_bsweep_lyris_tp4_fp8kv_bs2_pard2_offset0_n2_isl4096_osl32768_bs2_k11_20260613,/lustre/fsw/coreai_dlalgo_llm/users/sna/vllm-benchmark/vllm-runs/qwen235b_a22b_swe_full_osl32k_bsweep_lyris_tp4_fp8kv_bs2_pard2_offset0_n2_isl4096_osl32768_bs2_k11_20260613/breakdown.json,/Users/sna/Nemo-RL_Qwen3_Roadmap/latest_lyris_qwen235b_swebench_osl32k_drafter_k9_k11_20260613_jobs.csv,full_osl32k_qwen235b_pard2_k11,coreai_dlalgo_llm-specdec.pard2-qwen235b_a22b_swe_full_osl32k_bsweep_lyris_tp4_fp8kv_bs2,,COMPLETED,0:0,02:37:34,lyris0151,,,
swe,2113187,full,qwen235b,pard2_k11,pard2_k11,Qwen/Qwen3-235B-A22B,0,4,4096,32768,4,/lustre/fsw/coreai_dlalgo_llm/users/sna/vllm-benchmark/vllm-runs/qwen235b_a22b_swe_full_osl32k_bsweep_lyris_tp4_fp8kv_bs4_pard2_offset0_n4_isl4096_osl32768_bs4_k11_20260613,/lustre/fsw/coreai_dlalgo_llm/users/sna/vllm-benchmark/vllm-runs/qwen235b_a22b_swe_full_osl32k_bsweep_lyris_tp4_fp8kv_bs4_pard2_offset0_n4_isl4096_osl32768_bs4_k11_20260613/breakdown.json,/Users/sna/Nemo-RL_Qwen3_Roadmap/latest_lyris_qwen235b_swebench_osl32k_drafter_k9_k11_20260613_jobs.csv,full_osl32k_qwen235b_pard2_k11,coreai_dlalgo_llm-specdec.pard2-qwen235b_a22b_swe_full_osl32k_bsweep_lyris_tp4_fp8kv_bs4,,COMPLETED,0:0,02:37:49,lyris0152,,,
swe,2113188,full,qwen235b,pard2_k11,pard2_k11,Qwen/Qwen3-235B-A22B,0,8,4096,32768,8,/lustre/fsw/coreai_dlalgo_llm/users/sna/vllm-benchmark/vllm-runs/qwen235b_a22b_swe_full_osl32k_bsweep_lyris_tp4_fp8kv_bs8_pard2_offset0_n8_isl4096_osl32768_bs8_k11_20260613,/lustre/fsw/coreai_dlalgo_llm/users/sna/vllm-benchmark/vllm-runs/qwen235b_a22b_swe_full_osl32k_bsweep_lyris_tp4_fp8kv_bs8_pard2_offset0_n8_isl4096_osl32768_bs8_k11_20260613/breakdown.json,/Users/sna/Nemo-RL_Qwen3_Roadmap/latest_lyris_qwen235b_swebench_osl32k_drafter_k9_k11_20260613_jobs.csv,full_osl32k_qwen235b_pard2_k11,coreai_dlalgo_llm-specdec.pard2-qwen235b_a22b_swe_full_osl32k_bsweep_lyris_tp4_fp8kv_bs8,,COMPLETED,0:0,02:42:24,lyris0153,,,
swe,2113189,full,qwen235b,pard2_k11,pard2_k11,Qwen/Qwen3-235B-A22B,0,16,4096,32768,16,/lustre/fsw/coreai_dlalgo_llm/users/sna/vllm-benchmark/vllm-runs/qwen235b_a22b_swe_full_osl32k_bsweep_lyris_tp4_fp8kv_bs16_pard2_offset0_n16_isl4096_osl32768_bs16_k11_20260613,/lustre/fsw/coreai_dlalgo_llm/users/sna/vllm-benchmark/vllm-runs/qwen235b_a22b_swe_full_osl32k_bsweep_lyris_tp4_fp8kv_bs16_pard2_offset0_n16_isl4096_osl32768_bs16_k11_20260613/breakdown.json,/Users/sna/Nemo-RL_Qwen3_Roadmap/latest_lyris_qwen235b_swebench_osl32k_drafter_k9_k11_20260613_jobs.csv,full_osl32k_qwen235b_pard2_k11,coreai_dlalgo_llm-specdec.pard2-qwen235b_a22b_swe_full_osl32k_bsweep_lyris_tp4_fp8kv_bs16,,COMPLETED,0:0,02:50:49,lyris0154,,,
swe,2113190,full,qwen235b,pard2_k11,pard2_k11,Qwen/Qwen3-235B-A22B,0,32,4096,32768,32,/lustre/fsw/coreai_dlalgo_llm/users/sna/vllm-benchmark/vllm-runs/qwen235b_a22b_swe_full_osl32k_bsweep_lyris_tp4_fp8kv_bs32_pard2_offset0_n32_isl4096_osl32768_bs32_k11_20260613,/lustre/fsw/coreai_dlalgo_llm/users/sna/vllm-benchmark/vllm-runs/qwen235b_a22b_swe_full_osl32k_bsweep_lyris_tp4_fp8kv_bs32_pard2_offset0_n32_isl4096_osl32768_bs32_k11_20260613/breakdown.json,/Users/sna/Nemo-RL_Qwen3_Roadmap/latest_lyris_qwen235b_swebench_osl32k_drafter_k9_k11_20260613_jobs.csv,full_osl32k_qwen235b_pard2_k11,coreai_dlalgo_llm-specdec.pard2-qwen235b_a22b_swe_full_osl32k_bsweep_lyris_tp4_fp8kv_bs32,,COMPLETED,0:0,03:01:35,lyris0155,,,
swe,2113164,full,qwen235b,pard2_k9,pard2_k9,Qwen/Qwen3-235B-A22B,0,2,4096,32768,2,/lustre/fsw/coreai_dlalgo_llm/users/sna/vllm-benchmark/vllm-runs/qwen235b_a22b_swe_full_osl32k_bsweep_lyris_tp4_fp8kv_bs2_pard2_offset0_n2_isl4096_osl32768_bs2_k9_20260613,/lustre/fsw/coreai_dlalgo_llm/users/sna/vllm-benchmark/vllm-runs/qwen235b_a22b_swe_full_osl32k_bsweep_lyris_tp4_fp8kv_bs2_pard2_offset0_n2_isl4096_osl32768_bs2_k9_20260613/breakdown.json,/Users/sna/Nemo-RL_Qwen3_Roadmap/latest_lyris_qwen235b_swebench_osl32k_drafter_k9_k11_20260613_jobs.csv,full_osl32k_qwen235b_pard2_k9,coreai_dlalgo_llm-specdec.pard2-qwen235b_a22b_swe_full_osl32k_bsweep_lyris_tp4_fp8kv_bs2,,COMPLETED,0:0,02:34:27,lyris0288,,,
swe,2113167,full,qwen235b,pard2_k9,pard2_k9,Qwen/Qwen3-235B-A22B,0,4,4096,32768,4,/lustre/fsw/coreai_dlalgo_llm/users/sna/vllm-benchmark/vllm-runs/qwen235b_a22b_swe_full_osl32k_bsweep_lyris_tp4_fp8kv_bs4_pard2_offset0_n4_isl4096_osl32768_bs4_k9_20260613,/lustre/fsw/coreai_dlalgo_llm/users/sna/vllm-benchmark/vllm-runs/qwen235b_a22b_swe_full_osl32k_bsweep_lyris_tp4_fp8kv_bs4_pard2_offset0_n4_isl4096_osl32768_bs4_k9_20260613/breakdown.json,/Users/sna/Nemo-RL_Qwen3_Roadmap/latest_lyris_qwen235b_swebench_osl32k_drafter_k9_k11_20260613_jobs.csv,full_osl32k_qwen235b_pard2_k9,coreai_dlalgo_llm-specdec.pard2-qwen235b_a22b_swe_full_osl32k_bsweep_lyris_tp4_fp8kv_bs4,,COMPLETED,0:0,02:35:35,lyris0280,,,
swe,2113170,full,qwen235b,pard2_k9,pard2_k9,Qwen/Qwen3-235B-A22B,0,8,4096,32768,8,/lustre/fsw/coreai_dlalgo_llm/users/sna/vllm-benchmark/vllm-runs/qwen235b_a22b_swe_full_osl32k_bsweep_lyris_tp4_fp8kv_bs8_pard2_offset0_n8_isl4096_osl32768_bs8_k9_20260613,/lustre/fsw/coreai_dlalgo_llm/users/sna/vllm-benchmark/vllm-runs/qwen235b_a22b_swe_full_osl32k_bsweep_lyris_tp4_fp8kv_bs8_pard2_offset0_n8_isl4096_osl32768_bs8_k9_20260613/breakdown.json,/Users/sna/Nemo-RL_Qwen3_Roadmap/latest_lyris_qwen235b_swebench_osl32k_drafter_k9_k11_20260613_jobs.csv,full_osl32k_qwen235b_pard2_k9,coreai_dlalgo_llm-specdec.pard2-qwen235b_a22b_swe_full_osl32k_bsweep_lyris_tp4_fp8kv_bs8,,COMPLETED,0:0,02:40:40,lyris0017,,,
swe,2113171,full,qwen235b,pard2_k9,pard2_k9,Qwen/Qwen3-235B-A22B,0,16,4096,32768,16,/lustre/fsw/coreai_dlalgo_llm/users/sna/vllm-benchmark/vllm-runs/qwen235b_a22b_swe_full_osl32k_bsweep_lyris_tp4_fp8kv_bs16_pard2_offset0_n16_isl4096_osl32768_bs16_k9_20260613,/lustre/fsw/coreai_dlalgo_llm/users/sna/vllm-benchmark/vllm-runs/qwen235b_a22b_swe_full_osl32k_bsweep_lyris_tp4_fp8kv_bs16_pard2_offset0_n16_isl4096_osl32768_bs16_k9_20260613/breakdown.json,/Users/sna/Nemo-RL_Qwen3_Roadmap/latest_lyris_qwen235b_swebench_osl32k_drafter_k9_k11_20260613_jobs.csv,full_osl32k_qwen235b_pard2_k9,coreai_dlalgo_llm-specdec.pard2-qwen235b_a22b_swe_full_osl32k_bsweep_lyris_tp4_fp8kv_bs16,,COMPLETED,0:0,02:49:35,lyris0018,,,
swe,2113172,full,qwen235b,pard2_k9,pard2_k9,Qwen/Qwen3-235B-A22B,0,32,4096,32768,32,/lustre/fsw/coreai_dlalgo_llm/users/sna/vllm-benchmark/vllm-runs/qwen235b_a22b_swe_full_osl32k_bsweep_lyris_tp4_fp8kv_bs32_pard2_offset0_n32_isl4096_osl32768_bs32_k9_20260613,/lustre/fsw/coreai_dlalgo_llm/users/sna/vllm-benchmark/vllm-runs/qwen235b_a22b_swe_full_osl32k_bsweep_lyris_tp4_fp8kv_bs32_pard2_offset0_n32_isl4096_osl32768_bs32_k9_20260613/breakdown.json,/Users/sna/Nemo-RL_Qwen3_Roadmap/latest_lyris_qwen235b_swebench_osl32k_drafter_k9_k11_20260613_jobs.csv,full_osl32k_qwen235b_pard2_k9,coreai_dlalgo_llm-specdec.pard2-qwen235b_a22b_swe_full_osl32k_bsweep_lyris_tp4_fp8kv_bs32,,COMPLETED,0:0,02:59:49,lyris0279,,,
swe,2113146,full,qwen235b,pard_k11,pard_k11,Qwen/Qwen3-235B-A22B,0,2,4096,32768,2,/lustre/fsw/coreai_dlalgo_llm/users/sna/vllm-benchmark/vllm-runs/qwen235b_a22b_swe_full_osl32k_bsweep_lyris_tp4_fp8kv_bs2_pard_offset0_n2_isl4096_osl32768_bs2_k11_20260613,/lustre/fsw/coreai_dlalgo_llm/users/sna/vllm-benchmark/vllm-runs/qwen235b_a22b_swe_full_osl32k_bsweep_lyris_tp4_fp8kv_bs2_pard_offset0_n2_isl4096_osl32768_bs2_k11_20260613/breakdown.json,/Users/sna/Nemo-RL_Qwen3_Roadmap/latest_lyris_qwen235b_swebench_osl32k_drafter_k9_k11_20260613_jobs.csv,full_osl32k_qwen235b_pard_k11,coreai_dlalgo_llm-specdec.pard-qwen235b_a22b_swe_full_osl32k_bsweep_lyris_tp4_fp8kv_bs2,,COMPLETED,0:0,01:28:31,lyris0107,,,
swe,2113148,full,qwen235b,pard_k11,pard_k11,Qwen/Qwen3-235B-A22B,0,4,4096,32768,4,/lustre/fsw/coreai_dlalgo_llm/users/sna/vllm-benchmark/vllm-runs/qwen235b_a22b_swe_full_osl32k_bsweep_lyris_tp4_fp8kv_bs4_pard_offset0_n4_isl4096_osl32768_bs4_k11_20260613,/lustre/fsw/coreai_dlalgo_llm/users/sna/vllm-benchmark/vllm-runs/qwen235b_a22b_swe_full_osl32k_bsweep_lyris_tp4_fp8kv_bs4_pard_offset0_n4_isl4096_osl32768_bs4_k11_20260613/breakdown.json,/Users/sna/Nemo-RL_Qwen3_Roadmap/latest_lyris_qwen235b_swebench_osl32k_drafter_k9_k11_20260613_jobs.csv,full_osl32k_qwen235b_pard_k11,coreai_dlalgo_llm-specdec.pard-qwen235b_a22b_swe_full_osl32k_bsweep_lyris_tp4_fp8kv_bs4,,COMPLETED,0:0,01:37:53,lyris0108,,,
swe,2113152,full,qwen235b,pard_k11,pard_k11,Qwen/Qwen3-235B-A22B,0,8,4096,32768,8,/lustre/fsw/coreai_dlalgo_llm/users/sna/vllm-benchmark/vllm-runs/qwen235b_a22b_swe_full_osl32k_bsweep_lyris_tp4_fp8kv_bs8_pard_offset0_n8_isl4096_osl32768_bs8_k11_20260613,/lustre/fsw/coreai_dlalgo_llm/users/sna/vllm-benchmark/vllm-runs/qwen235b_a22b_swe_full_osl32k_bsweep_lyris_tp4_fp8kv_bs8_pard_offset0_n8_isl4096_osl32768_bs8_k11_20260613/breakdown.json,/Users/sna/Nemo-RL_Qwen3_Roadmap/latest_lyris_qwen235b_swebench_osl32k_drafter_k9_k11_20260613_jobs.csv,full_osl32k_qwen235b_pard_k11,coreai_dlalgo_llm-specdec.pard-qwen235b_a22b_swe_full_osl32k_bsweep_lyris_tp4_fp8kv_bs8,,COMPLETED,0:0,01:52:14,lyris0277,,,
swe,2113154,full,qwen235b,pard_k11,pard_k11,Qwen/Qwen3-235B-A22B,0,16,4096,32768,16,/lustre/fsw/coreai_dlalgo_llm/users/sna/vllm-benchmark/vllm-runs/qwen235b_a22b_swe_full_osl32k_bsweep_lyris_tp4_fp8kv_bs16_pard_offset0_n16_isl4096_osl32768_bs16_k11_20260613,/lustre/fsw/coreai_dlalgo_llm/users/sna/vllm-benchmark/vllm-runs/qwen235b_a22b_swe_full_osl32k_bsweep_lyris_tp4_fp8kv_bs16_pard_offset0_n16_isl4096_osl32768_bs16_k11_20260613/breakdown.json,/Users/sna/Nemo-RL_Qwen3_Roadmap/latest_lyris_qwen235b_swebench_osl32k_drafter_k9_k11_20260613_jobs.csv,full_osl32k_qwen235b_pard_k11,coreai_dlalgo_llm-specdec.pard-qwen235b_a22b_swe_full_osl32k_bsweep_lyris_tp4_fp8kv_bs16,,COMPLETED,0:0,02:09:13,lyris0278,,,
swe,2113156,full,qwen235b,pard_k11,pard_k11,Qwen/Qwen3-235B-A22B,0,32,4096,32768,32,/lustre/fsw/coreai_dlalgo_llm/users/sna/vllm-benchmark/vllm-runs/qwen235b_a22b_swe_full_osl32k_bsweep_lyris_tp4_fp8kv_bs32_pard_offset0_n32_isl4096_osl32768_bs32_k11_20260613,/lustre/fsw/coreai_dlalgo_llm/users/sna/vllm-benchmark/vllm-runs/qwen235b_a22b_swe_full_osl32k_bsweep_lyris_tp4_fp8kv_bs32_pard_offset0_n32_isl4096_osl32768_bs32_k11_20260613/breakdown.json,/Users/sna/Nemo-RL_Qwen3_Roadmap/latest_lyris_qwen235b_swebench_osl32k_drafter_k9_k11_20260613_jobs.csv,full_osl32k_qwen235b_pard_k11,coreai_dlalgo_llm-specdec.pard-qwen235b_a22b_swe_full_osl32k_bsweep_lyris_tp4_fp8kv_bs32,,COMPLETED,0:0,02:12:41,lyris0281,,,
swe,2113131,full,qwen235b,pard_k9,pard_k9,Qwen/Qwen3-235B-A22B,0,2,4096,32768,2,/lustre/fsw/coreai_dlalgo_llm/users/sna/vllm-benchmark/vllm-runs/qwen235b_a22b_swe_full_osl32k_bsweep_lyris_tp4_fp8kv_bs2_pard_offset0_n2_isl4096_osl32768_bs2_k9_20260613,/lustre/fsw/coreai_dlalgo_llm/users/sna/vllm-benchmark/vllm-runs/qwen235b_a22b_swe_full_osl32k_bsweep_lyris_tp4_fp8kv_bs2_pard_offset0_n2_isl4096_osl32768_bs2_k9_20260613/breakdown.json,/Users/sna/Nemo-RL_Qwen3_Roadmap/latest_lyris_qwen235b_swebench_osl32k_drafter_k9_k11_20260613_jobs.csv,full_osl32k_qwen235b_pard_k9,coreai_dlalgo_llm-specdec.pard-qwen235b_a22b_swe_full_osl32k_bsweep_lyris_tp4_fp8kv_bs2,,COMPLETED,0:0,01:19:12,lyris0273,,,
swe,2113132,full,qwen235b,pard_k9,pard_k9,Qwen/Qwen3-235B-A22B,0,4,4096,32768,4,/lustre/fsw/coreai_dlalgo_llm/users/sna/vllm-benchmark/vllm-runs/qwen235b_a22b_swe_full_osl32k_bsweep_lyris_tp4_fp8kv_bs4_pard_offset0_n4_isl4096_osl32768_bs4_k9_20260613,/lustre/fsw/coreai_dlalgo_llm/users/sna/vllm-benchmark/vllm-runs/qwen235b_a22b_swe_full_osl32k_bsweep_lyris_tp4_fp8kv_bs4_pard_offset0_n4_isl4096_osl32768_bs4_k9_20260613/breakdown.json,/Users/sna/Nemo-RL_Qwen3_Roadmap/latest_lyris_qwen235b_swebench_osl32k_drafter_k9_k11_20260613_jobs.csv,full_osl32k_qwen235b_pard_k9,coreai_dlalgo_llm-specdec.pard-qwen235b_a22b_swe_full_osl32k_bsweep_lyris_tp4_fp8kv_bs4,,COMPLETED,0:0,01:54:57,lyris0274,,,
swe,2113136,full,qwen235b,pard_k9,pard_k9,Qwen/Qwen3-235B-A22B,0,8,4096,32768,8,/lustre/fsw/coreai_dlalgo_llm/users/sna/vllm-benchmark/vllm-runs/qwen235b_a22b_swe_full_osl32k_bsweep_lyris_tp4_fp8kv_bs8_pard_offset0_n8_isl4096_osl32768_bs8_k9_20260613,/lustre/fsw/coreai_dlalgo_llm/users/sna/vllm-benchmark/vllm-runs/qwen235b_a22b_swe_full_osl32k_bsweep_lyris_tp4_fp8kv_bs8_pard_offset0_n8_isl4096_osl32768_bs8_k9_20260613/breakdown.json,/Users/sna/Nemo-RL_Qwen3_Roadmap/latest_lyris_qwen235b_swebench_osl32k_drafter_k9_k11_20260613_jobs.csv,full_osl32k_qwen235b_pard_k9,coreai_dlalgo_llm-specdec.pard-qwen235b_a22b_swe_full_osl32k_bsweep_lyris_tp4_fp8kv_bs8,,COMPLETED,0:0,01:35:27,lyris0275,,,
swe,2113138,full,qwen235b,pard_k9,pard_k9,Qwen/Qwen3-235B-A22B,0,16,4096,32768,16,/lustre/fsw/coreai_dlalgo_llm/users/sna/vllm-benchmark/vllm-runs/qwen235b_a22b_swe_full_osl32k_bsweep_lyris_tp4_fp8kv_bs16_pard_offset0_n16_isl4096_osl32768_bs16_k9_20260613,/lustre/fsw/coreai_dlalgo_llm/users/sna/vllm-benchmark/vllm-runs/qwen235b_a22b_swe_full_osl32k_bsweep_lyris_tp4_fp8kv_bs16_pard_offset0_n16_isl4096_osl32768_bs16_k9_20260613/breakdown.json,/Users/sna/Nemo-RL_Qwen3_Roadmap/latest_lyris_qwen235b_swebench_osl32k_drafter_k9_k11_20260613_jobs.csv,full_osl32k_qwen235b_pard_k9,coreai_dlalgo_llm-specdec.pard-qwen235b_a22b_swe_full_osl32k_bsweep_lyris_tp4_fp8kv_bs16,,COMPLETED,0:0,02:17:28,lyris0233,,,
swe,2113139,full,qwen235b,pard_k9,pard_k9,Qwen/Qwen3-235B-A22B,0,32,4096,32768,32,/lustre/fsw/coreai_dlalgo_llm/users/sna/vllm-benchmark/vllm-runs/qwen235b_a22b_swe_full_osl32k_bsweep_lyris_tp4_fp8kv_bs32_pard_offset0_n32_isl4096_osl32768_bs32_k9_20260613,/lustre/fsw/coreai_dlalgo_llm/users/sna/vllm-benchmark/vllm-runs/qwen235b_a22b_swe_full_osl32k_bsweep_lyris_tp4_fp8kv_bs32_pard_offset0_n32_isl4096_osl32768_bs32_k9_20260613/breakdown.json,/Users/sna/Nemo-RL_Qwen3_Roadmap/latest_lyris_qwen235b_swebench_osl32k_drafter_k9_k11_20260613_jobs.csv,full_osl32k_qwen235b_pard_k9,coreai_dlalgo_llm-specdec.pard-qwen235b_a22b_swe_full_osl32k_bsweep_lyris_tp4_fp8kv_bs32,,COMPLETED,0:0,02:13:12,lyris0234,,,
swe,2113112,full,qwen235b,suffix_k16,suffix_k16,Qwen/Qwen3-235B-A22B,0,2,4096,32768,2,/lustre/fsw/coreai_dlalgo_llm/users/sna/vllm-benchmark/vllm-runs/qwen235b_a22b_swe_full_osl32k_bsweep_lyris_tp4_fp8kv_bs2_suffix_offset0_n2_isl4096_osl32768_bs2_k16_arctic_20260613,/lustre/fsw/coreai_dlalgo_llm/users/sna/vllm-benchmark/vllm-runs/qwen235b_a22b_swe_full_osl32k_bsweep_lyris_tp4_fp8kv_bs2_suffix_offset0_n2_isl4096_osl32768_bs2_k16_arctic_20260613/breakdown.json,/Users/sna/Nemo-RL_Qwen3_Roadmap/latest_lyris_qwen235b_swebench_osl32k_suffix_k8_k16_20260613_jobs.csv,full_osl32k_qwen235b_suffix_k16,coreai_dlalgo_llm-specdec.suffix-qwen235b_a22b_swe_full_osl32k_bsweep_lyris_tp4_fp8kv_bs2,,COMPLETED,0:0,00:23:29,lyris0082,,,
swe,2113116,full,qwen235b,suffix_k16,suffix_k16,Qwen/Qwen3-235B-A22B,0,4,4096,32768,4,/lustre/fsw/coreai_dlalgo_llm/users/sna/vllm-benchmark/vllm-runs/qwen235b_a22b_swe_full_osl32k_bsweep_lyris_tp4_fp8kv_bs4_suffix_offset0_n4_isl4096_osl32768_bs4_k16_arctic_20260613,/lustre/fsw/coreai_dlalgo_llm/users/sna/vllm-benchmark/vllm-runs/qwen235b_a22b_swe_full_osl32k_bsweep_lyris_tp4_fp8kv_bs4_suffix_offset0_n4_isl4096_osl32768_bs4_k16_arctic_20260613/breakdown.json,/Users/sna/Nemo-RL_Qwen3_Roadmap/latest_lyris_qwen235b_swebench_osl32k_suffix_k8_k16_20260613_jobs.csv,full_osl32k_qwen235b_suffix_k16,coreai_dlalgo_llm-specdec.suffix-qwen235b_a22b_swe_full_osl32k_bsweep_lyris_tp4_fp8kv_bs4,,COMPLETED,0:0,00:35:17,lyris0083,,,
swe,2113117,full,qwen235b,suffix_k16,suffix_k16,Qwen/Qwen3-235B-A22B,0,8,4096,32768,8,/lustre/fsw/coreai_dlalgo_llm/users/sna/vllm-benchmark/vllm-runs/qwen235b_a22b_swe_full_osl32k_bsweep_lyris_tp4_fp8kv_bs8_suffix_offset0_n8_isl4096_osl32768_bs8_k16_arctic_20260613,/lustre/fsw/coreai_dlalgo_llm/users/sna/vllm-benchmark/vllm-runs/qwen235b_a22b_swe_full_osl32k_bsweep_lyris_tp4_fp8kv_bs8_suffix_offset0_n8_isl4096_osl32768_bs8_k16_arctic_20260613/breakdown.json,/Users/sna/Nemo-RL_Qwen3_Roadmap/latest_lyris_qwen235b_swebench_osl32k_suffix_k8_k16_20260613_jobs.csv,full_osl32k_qwen235b_suffix_k16,coreai_dlalgo_llm-specdec.suffix-qwen235b_a22b_swe_full_osl32k_bsweep_lyris_tp4_fp8kv_bs8,,COMPLETED,0:0,00:40:52,lyris0084,,,
swe,2113118,full,qwen235b,suffix_k16,suffix_k16,Qwen/Qwen3-235B-A22B,0,16,4096,32768,16,/lustre/fsw/coreai_dlalgo_llm/users/sna/vllm-benchmark/vllm-runs/qwen235b_a22b_swe_full_osl32k_bsweep_lyris_tp4_fp8kv_bs16_suffix_offset0_n16_isl4096_osl32768_bs16_k16_arctic_20260613,/lustre/fsw/coreai_dlalgo_llm/users/sna/vllm-benchmark/vllm-runs/qwen235b_a22b_swe_full_osl32k_bsweep_lyris_tp4_fp8kv_bs16_suffix_offset0_n16_isl4096_osl32768_bs16_k16_arctic_20260613/breakdown.json,/Users/sna/Nemo-RL_Qwen3_Roadmap/latest_lyris_qwen235b_swebench_osl32k_suffix_k8_k16_20260613_jobs.csv,full_osl32k_qwen235b_suffix_k16,coreai_dlalgo_llm-specdec.suffix-qwen235b_a22b_swe_full_osl32k_bsweep_lyris_tp4_fp8kv_bs16,,COMPLETED,0:0,00:44:56,lyris0085,,,
swe,2113120,full,qwen235b,suffix_k16,suffix_k16,Qwen/Qwen3-235B-A22B,0,32,4096,32768,32,/lustre/fsw/coreai_dlalgo_llm/users/sna/vllm-benchmark/vllm-runs/qwen235b_a22b_swe_full_osl32k_bsweep_lyris_tp4_fp8kv_bs32_suffix_offset0_n32_isl4096_osl32768_bs32_k16_arctic_20260613,/lustre/fsw/coreai_dlalgo_llm/users/sna/vllm-benchmark/vllm-runs/qwen235b_a22b_swe_full_osl32k_bsweep_lyris_tp4_fp8kv_bs32_suffix_offset0_n32_isl4096_osl32768_bs32_k16_arctic_20260613/breakdown.json,/Users/sna/Nemo-RL_Qwen3_Roadmap/latest_lyris_qwen235b_swebench_osl32k_suffix_k8_k16_20260613_jobs.csv,full_osl32k_qwen235b_suffix_k16,coreai_dlalgo_llm-specdec.suffix-qwen235b_a22b_swe_full_osl32k_bsweep_lyris_tp4_fp8kv_bs32,,COMPLETED,0:0,01:10:06,lyris0086,,,
swe,2113100,full,qwen235b,suffix_k8,suffix_k8,Qwen/Qwen3-235B-A22B,0,2,4096,32768,2,/lustre/fsw/coreai_dlalgo_llm/users/sna/vllm-benchmark/vllm-runs/qwen235b_a22b_swe_full_osl32k_bsweep_lyris_tp4_fp8kv_bs2_suffix_offset0_n2_isl4096_osl32768_bs2_k8_arctic_20260613,/lustre/fsw/coreai_dlalgo_llm/users/sna/vllm-benchmark/vllm-runs/qwen235b_a22b_swe_full_osl32k_bsweep_lyris_tp4_fp8kv_bs2_suffix_offset0_n2_isl4096_osl32768_bs2_k8_arctic_20260613/breakdown.json,/Users/sna/Nemo-RL_Qwen3_Roadmap/latest_lyris_qwen235b_swebench_osl32k_suffix_k8_k16_20260613_jobs.csv,full_osl32k_qwen235b_suffix_k8,coreai_dlalgo_llm-specdec.suffix-qwen235b_a22b_swe_full_osl32k_bsweep_lyris_tp4_fp8kv_bs2,,COMPLETED,0:0,00:27:21,lyris0016,,,
swe,2113101,full,qwen235b,suffix_k8,suffix_k8,Qwen/Qwen3-235B-A22B,0,4,4096,32768,4,/lustre/fsw/coreai_dlalgo_llm/users/sna/vllm-benchmark/vllm-runs/qwen235b_a22b_swe_full_osl32k_bsweep_lyris_tp4_fp8kv_bs4_suffix_offset0_n4_isl4096_osl32768_bs4_k8_arctic_20260613,/lustre/fsw/coreai_dlalgo_llm/users/sna/vllm-benchmark/vllm-runs/qwen235b_a22b_swe_full_osl32k_bsweep_lyris_tp4_fp8kv_bs4_suffix_offset0_n4_isl4096_osl32768_bs4_k8_arctic_20260613/breakdown.json,/Users/sna/Nemo-RL_Qwen3_Roadmap/latest_lyris_qwen235b_swebench_osl32k_suffix_k8_k16_20260613_jobs.csv,full_osl32k_qwen235b_suffix_k8,coreai_dlalgo_llm-specdec.suffix-qwen235b_a22b_swe_full_osl32k_bsweep_lyris_tp4_fp8kv_bs4,,COMPLETED,0:0,00:40:29,lyris0073,,,
swe,2113103,full,qwen235b,suffix_k8,suffix_k8,Qwen/Qwen3-235B-A22B,0,8,4096,32768,8,/lustre/fsw/coreai_dlalgo_llm/users/sna/vllm-benchmark/vllm-runs/qwen235b_a22b_swe_full_osl32k_bsweep_lyris_tp4_fp8kv_bs8_suffix_offset0_n8_isl4096_osl32768_bs8_k8_arctic_20260613,/lustre/fsw/coreai_dlalgo_llm/users/sna/vllm-benchmark/vllm-runs/qwen235b_a22b_swe_full_osl32k_bsweep_lyris_tp4_fp8kv_bs8_suffix_offset0_n8_isl4096_osl32768_bs8_k8_arctic_20260613/breakdown.json,/Users/sna/Nemo-RL_Qwen3_Roadmap/latest_lyris_qwen235b_swebench_osl32k_suffix_k8_k16_20260613_jobs.csv,full_osl32k_qwen235b_suffix_k8,coreai_dlalgo_llm-specdec.suffix-qwen235b_a22b_swe_full_osl32k_bsweep_lyris_tp4_fp8kv_bs8,,COMPLETED,0:0,00:45:35,lyris0074,,,
swe,2113104,full,qwen235b,suffix_k8,suffix_k8,Qwen/Qwen3-235B-A22B,0,16,4096,32768,16,/lustre/fsw/coreai_dlalgo_llm/users/sna/vllm-benchmark/vllm-runs/qwen235b_a22b_swe_full_osl32k_bsweep_lyris_tp4_fp8kv_bs16_suffix_offset0_n16_isl4096_osl32768_bs16_k8_arctic_20260613,/lustre/fsw/coreai_dlalgo_llm/users/sna/vllm-benchmark/vllm-runs/qwen235b_a22b_swe_full_osl32k_bsweep_lyris_tp4_fp8kv_bs16_suffix_offset0_n16_isl4096_osl32768_bs16_k8_arctic_20260613/breakdown.json,/Users/sna/Nemo-RL_Qwen3_Roadmap/latest_lyris_qwen235b_swebench_osl32k_suffix_k8_k16_20260613_jobs.csv,full_osl32k_qwen235b_suffix_k8,coreai_dlalgo_llm-specdec.suffix-qwen235b_a22b_swe_full_osl32k_bsweep_lyris_tp4_fp8kv_bs16,,COMPLETED,0:0,01:12:54,lyris0075,,,
swe,2113105,full,qwen235b,suffix_k8,suffix_k8,Qwen/Qwen3-235B-A22B,0,32,4096,32768,32,/lustre/fsw/coreai_dlalgo_llm/users/sna/vllm-benchmark/vllm-runs/qwen235b_a22b_swe_full_osl32k_bsweep_lyris_tp4_fp8kv_bs32_suffix_offset0_n32_isl4096_osl32768_bs32_k8_arctic_20260613,/lustre/fsw/coreai_dlalgo_llm/users/sna/vllm-benchmark/vllm-runs/qwen235b_a22b_swe_full_osl32k_bsweep_lyris_tp4_fp8kv_bs32_suffix_offset0_n32_isl4096_osl32768_bs32_k8_arctic_20260613/breakdown.json,/Users/sna/Nemo-RL_Qwen3_Roadmap/latest_lyris_qwen235b_swebench_osl32k_suffix_k8_k16_20260613_jobs.csv,full_osl32k_qwen235b_suffix_k8,coreai_dlalgo_llm-specdec.suffix-qwen235b_a22b_swe_full_osl32k_bsweep_lyris_tp4_fp8kv_bs32,,COMPLETED,0:0,01:14:33,lyris0076,,,
swe,2113204,verified,qwen235b,eagle3_k11,eagle3_k11,Qwen/Qwen3-235B-A22B,0,2,4096,32768,2,/lustre/fsw/coreai_dlalgo_llm/users/sna/vllm-benchmark/vllm-runs/qwen235b_a22b_swe_verified_osl32k_bsweep_lyris_tp4_fp8kv_bs2_eagle3_offset0_n2_isl4096_osl32768_bs2_k11_20260613,/lustre/fsw/coreai_dlalgo_llm/users/sna/vllm-benchmark/vllm-runs/qwen235b_a22b_swe_verified_osl32k_bsweep_lyris_tp4_fp8kv_bs2_eagle3_offset0_n2_isl4096_osl32768_bs2_k11_20260613/breakdown.json,/Users/sna/Nemo-RL_Qwen3_Roadmap/latest_lyris_qwen235b_swebench_osl32k_drafter_k9_k11_20260613_jobs.csv,verified_osl32k_qwen235b_eagle3_k11,coreai_dlalgo_llm-specdec.eagle3-qwen235b_a22b_swe_verified_osl32k_bsweep_lyris_tp4_fp8kv_bs2,,COMPLETED,0:0,01:08:42,lyris0096,,,
swe,2113205,verified,qwen235b,eagle3_k11,eagle3_k11,Qwen/Qwen3-235B-A22B,0,4,4096,32768,4,/lustre/fsw/coreai_dlalgo_llm/users/sna/vllm-benchmark/vllm-runs/qwen235b_a22b_swe_verified_osl32k_bsweep_lyris_tp4_fp8kv_bs4_eagle3_offset0_n4_isl4096_osl32768_bs4_k11_20260613,/lustre/fsw/coreai_dlalgo_llm/users/sna/vllm-benchmark/vllm-runs/qwen235b_a22b_swe_verified_osl32k_bsweep_lyris_tp4_fp8kv_bs4_eagle3_offset0_n4_isl4096_osl32768_bs4_k11_20260613/breakdown.json,/Users/sna/Nemo-RL_Qwen3_Roadmap/latest_lyris_qwen235b_swebench_osl32k_drafter_k9_k11_20260613_jobs.csv,verified_osl32k_qwen235b_eagle3_k11,coreai_dlalgo_llm-specdec.eagle3-qwen235b_a22b_swe_verified_osl32k_bsweep_lyris_tp4_fp8kv_bs4,,COMPLETED,0:0,01:08:08,lyris0097,,,
swe,2113207,verified,qwen235b,eagle3_k11,eagle3_k11,Qwen/Qwen3-235B-A22B,0,8,4096,32768,8,/lustre/fsw/coreai_dlalgo_llm/users/sna/vllm-benchmark/vllm-runs/qwen235b_a22b_swe_verified_osl32k_bsweep_lyris_tp4_fp8kv_bs8_eagle3_offset0_n8_isl4096_osl32768_bs8_k11_20260613,/lustre/fsw/coreai_dlalgo_llm/users/sna/vllm-benchmark/vllm-runs/qwen235b_a22b_swe_verified_osl32k_bsweep_lyris_tp4_fp8kv_bs8_eagle3_offset0_n8_isl4096_osl32768_bs8_k11_20260613/breakdown.json,/Users/sna/Nemo-RL_Qwen3_Roadmap/latest_lyris_qwen235b_swebench_osl32k_drafter_k9_k11_20260613_jobs.csv,verified_osl32k_qwen235b_eagle3_k11,coreai_dlalgo_llm-specdec.eagle3-qwen235b_a22b_swe_verified_osl32k_bsweep_lyris_tp4_fp8kv_bs8,,COMPLETED,0:0,01:19:13,lyris0098,,,
swe,2113209,verified,qwen235b,eagle3_k11,eagle3_k11,Qwen/Qwen3-235B-A22B,0,16,4096,32768,16,/lustre/fsw/coreai_dlalgo_llm/users/sna/vllm-benchmark/vllm-runs/qwen235b_a22b_swe_verified_osl32k_bsweep_lyris_tp4_fp8kv_bs16_eagle3_offset0_n16_isl4096_osl32768_bs16_k11_20260613,/lustre/fsw/coreai_dlalgo_llm/users/sna/vllm-benchmark/vllm-runs/qwen235b_a22b_swe_verified_osl32k_bsweep_lyris_tp4_fp8kv_bs16_eagle3_offset0_n16_isl4096_osl32768_bs16_k11_20260613/breakdown.json,/Users/sna/Nemo-RL_Qwen3_Roadmap/latest_lyris_qwen235b_swebench_osl32k_drafter_k9_k11_20260613_jobs.csv,verified_osl32k_qwen235b_eagle3_k11,coreai_dlalgo_llm-specdec.eagle3-qwen235b_a22b_swe_verified_osl32k_bsweep_lyris_tp4_fp8kv_bs16,,COMPLETED,0:0,01:23:27,lyris0099,,,
swe,2113210,verified,qwen235b,eagle3_k11,eagle3_k11,Qwen/Qwen3-235B-A22B,0,32,4096,32768,32,/lustre/fsw/coreai_dlalgo_llm/users/sna/vllm-benchmark/vllm-runs/qwen235b_a22b_swe_verified_osl32k_bsweep_lyris_tp4_fp8kv_bs32_eagle3_offset0_n32_isl4096_osl32768_bs32_k11_20260613,/lustre/fsw/coreai_dlalgo_llm/users/sna/vllm-benchmark/vllm-runs/qwen235b_a22b_swe_verified_osl32k_bsweep_lyris_tp4_fp8kv_bs32_eagle3_offset0_n32_isl4096_osl32768_bs32_k11_20260613/breakdown.json,/Users/sna/Nemo-RL_Qwen3_Roadmap/latest_lyris_qwen235b_swebench_osl32k_drafter_k9_k11_20260613_jobs.csv,verified_osl32k_qwen235b_eagle3_k11,coreai_dlalgo_llm-specdec.eagle3-qwen235b_a22b_swe_verified_osl32k_bsweep_lyris_tp4_fp8kv_bs32,,COMPLETED,0:0,01:22:18,lyris0100,,,
swe,2113191,verified,qwen235b,eagle3_k9,eagle3_k9,Qwen/Qwen3-235B-A22B,0,2,4096,32768,2,/lustre/fsw/coreai_dlalgo_llm/users/sna/vllm-benchmark/vllm-runs/qwen235b_a22b_swe_verified_osl32k_bsweep_lyris_tp4_fp8kv_bs2_eagle3_offset0_n2_isl4096_osl32768_bs2_k9_20260613,/lustre/fsw/coreai_dlalgo_llm/users/sna/vllm-benchmark/vllm-runs/qwen235b_a22b_swe_verified_osl32k_bsweep_lyris_tp4_fp8kv_bs2_eagle3_offset0_n2_isl4096_osl32768_bs2_k9_20260613/breakdown.json,/Users/sna/Nemo-RL_Qwen3_Roadmap/latest_lyris_qwen235b_swebench_osl32k_drafter_k9_k11_20260613_jobs.csv,verified_osl32k_qwen235b_eagle3_k9,coreai_dlalgo_llm-specdec.eagle3-qwen235b_a22b_swe_verified_osl32k_bsweep_lyris_tp4_fp8kv_bs2,,COMPLETED,0:0,00:58:48,lyris0156,,,
swe,2113192,verified,qwen235b,eagle3_k9,eagle3_k9,Qwen/Qwen3-235B-A22B,0,4,4096,32768,4,/lustre/fsw/coreai_dlalgo_llm/users/sna/vllm-benchmark/vllm-runs/qwen235b_a22b_swe_verified_osl32k_bsweep_lyris_tp4_fp8kv_bs4_eagle3_offset0_n4_isl4096_osl32768_bs4_k9_20260613,/lustre/fsw/coreai_dlalgo_llm/users/sna/vllm-benchmark/vllm-runs/qwen235b_a22b_swe_verified_osl32k_bsweep_lyris_tp4_fp8kv_bs4_eagle3_offset0_n4_isl4096_osl32768_bs4_k9_20260613/breakdown.json,/Users/sna/Nemo-RL_Qwen3_Roadmap/latest_lyris_qwen235b_swebench_osl32k_drafter_k9_k11_20260613_jobs.csv,verified_osl32k_qwen235b_eagle3_k9,coreai_dlalgo_llm-specdec.eagle3-qwen235b_a22b_swe_verified_osl32k_bsweep_lyris_tp4_fp8kv_bs4,,COMPLETED,0:0,00:59:40,lyris0157,,,
swe,2113193,verified,qwen235b,eagle3_k9,eagle3_k9,Qwen/Qwen3-235B-A22B,0,8,4096,32768,8,/lustre/fsw/coreai_dlalgo_llm/users/sna/vllm-benchmark/vllm-runs/qwen235b_a22b_swe_verified_osl32k_bsweep_lyris_tp4_fp8kv_bs8_eagle3_offset0_n8_isl4096_osl32768_bs8_k9_20260613,/lustre/fsw/coreai_dlalgo_llm/users/sna/vllm-benchmark/vllm-runs/qwen235b_a22b_swe_verified_osl32k_bsweep_lyris_tp4_fp8kv_bs8_eagle3_offset0_n8_isl4096_osl32768_bs8_k9_20260613/breakdown.json,/Users/sna/Nemo-RL_Qwen3_Roadmap/latest_lyris_qwen235b_swebench_osl32k_drafter_k9_k11_20260613_jobs.csv,verified_osl32k_qwen235b_eagle3_k9,coreai_dlalgo_llm-specdec.eagle3-qwen235b_a22b_swe_verified_osl32k_bsweep_lyris_tp4_fp8kv_bs8,,COMPLETED,0:0,01:13:44,lyris0158,,,
swe,2113194,verified,qwen235b,eagle3_k9,eagle3_k9,Qwen/Qwen3-235B-A22B,0,16,4096,32768,16,/lustre/fsw/coreai_dlalgo_llm/users/sna/vllm-benchmark/vllm-runs/qwen235b_a22b_swe_verified_osl32k_bsweep_lyris_tp4_fp8kv_bs16_eagle3_offset0_n16_isl4096_osl32768_bs16_k9_20260613,/lustre/fsw/coreai_dlalgo_llm/users/sna/vllm-benchmark/vllm-runs/qwen235b_a22b_swe_verified_osl32k_bsweep_lyris_tp4_fp8kv_bs16_eagle3_offset0_n16_isl4096_osl32768_bs16_k9_20260613/breakdown.json,/Users/sna/Nemo-RL_Qwen3_Roadmap/latest_lyris_qwen235b_swebench_osl32k_drafter_k9_k11_20260613_jobs.csv,verified_osl32k_qwen235b_eagle3_k9,coreai_dlalgo_llm-specdec.eagle3-qwen235b_a22b_swe_verified_osl32k_bsweep_lyris_tp4_fp8kv_bs16,,COMPLETED,0:0,01:18:05,lyris0159,,,
swe,2113196,verified,qwen235b,eagle3_k9,eagle3_k9,Qwen/Qwen3-235B-A22B,0,32,4096,32768,32,/lustre/fsw/coreai_dlalgo_llm/users/sna/vllm-benchmark/vllm-runs/qwen235b_a22b_swe_verified_osl32k_bsweep_lyris_tp4_fp8kv_bs32_eagle3_offset0_n32_isl4096_osl32768_bs32_k9_20260613,/lustre/fsw/coreai_dlalgo_llm/users/sna/vllm-benchmark/vllm-runs/qwen235b_a22b_swe_verified_osl32k_bsweep_lyris_tp4_fp8kv_bs32_eagle3_offset0_n32_isl4096_osl32768_bs32_k9_20260613/breakdown.json,/Users/sna/Nemo-RL_Qwen3_Roadmap/latest_lyris_qwen235b_swebench_osl32k_drafter_k9_k11_20260613_jobs.csv,verified_osl32k_qwen235b_eagle3_k9,coreai_dlalgo_llm-specdec.eagle3-qwen235b_a22b_swe_verified_osl32k_bsweep_lyris_tp4_fp8kv_bs32,,COMPLETED,0:0,01:19:55,lyris0160,,,
swe,2113175,verified,qwen235b,pard2_k11,pard2_k11,Qwen/Qwen3-235B-A22B,0,2,4096,32768,2,/lustre/fsw/coreai_dlalgo_llm/users/sna/vllm-benchmark/vllm-runs/qwen235b_a22b_swe_verified_osl32k_bsweep_lyris_tp4_fp8kv_bs2_pard2_offset0_n2_isl4096_osl32768_bs2_k11_20260613,/lustre/fsw/coreai_dlalgo_llm/users/sna/vllm-benchmark/vllm-runs/qwen235b_a22b_swe_verified_osl32k_bsweep_lyris_tp4_fp8kv_bs2_pard2_offset0_n2_isl4096_osl32768_bs2_k11_20260613/breakdown.json,/Users/sna/Nemo-RL_Qwen3_Roadmap/latest_lyris_qwen235b_swebench_osl32k_drafter_k9_k11_20260613_jobs.csv,verified_osl32k_qwen235b_pard2_k11,coreai_dlalgo_llm-specdec.pard2-qwen235b_a22b_swe_verified_osl32k_bsweep_lyris_tp4_fp8kv_bs2,,COMPLETED,0:0,02:29:11,lyris0146,,,
swe,2113179,verified,qwen235b,pard2_k11,pard2_k11,Qwen/Qwen3-235B-A22B,0,4,4096,32768,4,/lustre/fsw/coreai_dlalgo_llm/users/sna/vllm-benchmark/vllm-runs/qwen235b_a22b_swe_verified_osl32k_bsweep_lyris_tp4_fp8kv_bs4_pard2_offset0_n4_isl4096_osl32768_bs4_k11_20260613,/lustre/fsw/coreai_dlalgo_llm/users/sna/vllm-benchmark/vllm-runs/qwen235b_a22b_swe_verified_osl32k_bsweep_lyris_tp4_fp8kv_bs4_pard2_offset0_n4_isl4096_osl32768_bs4_k11_20260613/breakdown.json,/Users/sna/Nemo-RL_Qwen3_Roadmap/latest_lyris_qwen235b_swebench_osl32k_drafter_k9_k11_20260613_jobs.csv,verified_osl32k_qwen235b_pard2_k11,coreai_dlalgo_llm-specdec.pard2-qwen235b_a22b_swe_verified_osl32k_bsweep_lyris_tp4_fp8kv_bs4,,COMPLETED,0:0,02:35:45,lyris0147,,,
swe,2113181,verified,qwen235b,pard2_k11,pard2_k11,Qwen/Qwen3-235B-A22B,0,8,4096,32768,8,/lustre/fsw/coreai_dlalgo_llm/users/sna/vllm-benchmark/vllm-runs/qwen235b_a22b_swe_verified_osl32k_bsweep_lyris_tp4_fp8kv_bs8_pard2_offset0_n8_isl4096_osl32768_bs8_k11_20260613,/lustre/fsw/coreai_dlalgo_llm/users/sna/vllm-benchmark/vllm-runs/qwen235b_a22b_swe_verified_osl32k_bsweep_lyris_tp4_fp8kv_bs8_pard2_offset0_n8_isl4096_osl32768_bs8_k11_20260613/breakdown.json,/Users/sna/Nemo-RL_Qwen3_Roadmap/latest_lyris_qwen235b_swebench_osl32k_drafter_k9_k11_20260613_jobs.csv,verified_osl32k_qwen235b_pard2_k11,coreai_dlalgo_llm-specdec.pard2-qwen235b_a22b_swe_verified_osl32k_bsweep_lyris_tp4_fp8kv_bs8,,COMPLETED,0:0,02:41:48,lyris0148,,,
swe,2113182,verified,qwen235b,pard2_k11,pard2_k11,Qwen/Qwen3-235B-A22B,0,16,4096,32768,16,/lustre/fsw/coreai_dlalgo_llm/users/sna/vllm-benchmark/vllm-runs/qwen235b_a22b_swe_verified_osl32k_bsweep_lyris_tp4_fp8kv_bs16_pard2_offset0_n16_isl4096_osl32768_bs16_k11_20260613,/lustre/fsw/coreai_dlalgo_llm/users/sna/vllm-benchmark/vllm-runs/qwen235b_a22b_swe_verified_osl32k_bsweep_lyris_tp4_fp8kv_bs16_pard2_offset0_n16_isl4096_osl32768_bs16_k11_20260613/breakdown.json,/Users/sna/Nemo-RL_Qwen3_Roadmap/latest_lyris_qwen235b_swebench_osl32k_drafter_k9_k11_20260613_jobs.csv,verified_osl32k_qwen235b_pard2_k11,coreai_dlalgo_llm-specdec.pard2-qwen235b_a22b_swe_verified_osl32k_bsweep_lyris_tp4_fp8kv_bs16,,COMPLETED,0:0,02:46:57,lyris0149,,,
swe,2113183,verified,qwen235b,pard2_k11,pard2_k11,Qwen/Qwen3-235B-A22B,0,32,4096,32768,32,/lustre/fsw/coreai_dlalgo_llm/users/sna/vllm-benchmark/vllm-runs/qwen235b_a22b_swe_verified_osl32k_bsweep_lyris_tp4_fp8kv_bs32_pard2_offset0_n32_isl4096_osl32768_bs32_k11_20260613,/lustre/fsw/coreai_dlalgo_llm/users/sna/vllm-benchmark/vllm-runs/qwen235b_a22b_swe_verified_osl32k_bsweep_lyris_tp4_fp8kv_bs32_pard2_offset0_n32_isl4096_osl32768_bs32_k11_20260613/breakdown.json,/Users/sna/Nemo-RL_Qwen3_Roadmap/latest_lyris_qwen235b_swebench_osl32k_drafter_k9_k11_20260613_jobs.csv,verified_osl32k_qwen235b_pard2_k11,coreai_dlalgo_llm-specdec.pard2-qwen235b_a22b_swe_verified_osl32k_bsweep_lyris_tp4_fp8kv_bs32,,COMPLETED,0:0,03:07:03,lyris0150,,,
swe,2113158,verified,qwen235b,pard2_k9,pard2_k9,Qwen/Qwen3-235B-A22B,0,2,4096,32768,2,/lustre/fsw/coreai_dlalgo_llm/users/sna/vllm-benchmark/vllm-runs/qwen235b_a22b_swe_verified_osl32k_bsweep_lyris_tp4_fp8kv_bs2_pard2_offset0_n2_isl4096_osl32768_bs2_k9_20260613,/lustre/fsw/coreai_dlalgo_llm/users/sna/vllm-benchmark/vllm-runs/qwen235b_a22b_swe_verified_osl32k_bsweep_lyris_tp4_fp8kv_bs2_pard2_offset0_n2_isl4096_osl32768_bs2_k9_20260613/breakdown.json,/Users/sna/Nemo-RL_Qwen3_Roadmap/latest_lyris_qwen235b_swebench_osl32k_drafter_k9_k11_20260613_jobs.csv,verified_osl32k_qwen235b_pard2_k9,coreai_dlalgo_llm-specdec.pard2-qwen235b_a22b_swe_verified_osl32k_bsweep_lyris_tp4_fp8kv_bs2,,COMPLETED,0:0,02:27:52,lyris0282,,,
swe,2113159,verified,qwen235b,pard2_k9,pard2_k9,Qwen/Qwen3-235B-A22B,0,4,4096,32768,4,/lustre/fsw/coreai_dlalgo_llm/users/sna/vllm-benchmark/vllm-runs/qwen235b_a22b_swe_verified_osl32k_bsweep_lyris_tp4_fp8kv_bs4_pard2_offset0_n4_isl4096_osl32768_bs4_k9_20260613,/lustre/fsw/coreai_dlalgo_llm/users/sna/vllm-benchmark/vllm-runs/qwen235b_a22b_swe_verified_osl32k_bsweep_lyris_tp4_fp8kv_bs4_pard2_offset0_n4_isl4096_osl32768_bs4_k9_20260613/breakdown.json,/Users/sna/Nemo-RL_Qwen3_Roadmap/latest_lyris_qwen235b_swebench_osl32k_drafter_k9_k11_20260613_jobs.csv,verified_osl32k_qwen235b_pard2_k9,coreai_dlalgo_llm-specdec.pard2-qwen235b_a22b_swe_verified_osl32k_bsweep_lyris_tp4_fp8kv_bs4,,COMPLETED,0:0,02:33:02,lyris0283,,,
swe,2113160,verified,qwen235b,pard2_k9,pard2_k9,Qwen/Qwen3-235B-A22B,0,8,4096,32768,8,/lustre/fsw/coreai_dlalgo_llm/users/sna/vllm-benchmark/vllm-runs/qwen235b_a22b_swe_verified_osl32k_bsweep_lyris_tp4_fp8kv_bs8_pard2_offset0_n8_isl4096_osl32768_bs8_k9_20260613,/lustre/fsw/coreai_dlalgo_llm/users/sna/vllm-benchmark/vllm-runs/qwen235b_a22b_swe_verified_osl32k_bsweep_lyris_tp4_fp8kv_bs8_pard2_offset0_n8_isl4096_osl32768_bs8_k9_20260613/breakdown.json,/Users/sna/Nemo-RL_Qwen3_Roadmap/latest_lyris_qwen235b_swebench_osl32k_drafter_k9_k11_20260613_jobs.csv,verified_osl32k_qwen235b_pard2_k9,coreai_dlalgo_llm-specdec.pard2-qwen235b_a22b_swe_verified_osl32k_bsweep_lyris_tp4_fp8kv_bs8,,COMPLETED,0:0,02:42:12,lyris0054,,,
swe,2113162,verified,qwen235b,pard2_k9,pard2_k9,Qwen/Qwen3-235B-A22B,0,16,4096,32768,16,/lustre/fsw/coreai_dlalgo_llm/users/sna/vllm-benchmark/vllm-runs/qwen235b_a22b_swe_verified_osl32k_bsweep_lyris_tp4_fp8kv_bs16_pard2_offset0_n16_isl4096_osl32768_bs16_k9_20260613,/lustre/fsw/coreai_dlalgo_llm/users/sna/vllm-benchmark/vllm-runs/qwen235b_a22b_swe_verified_osl32k_bsweep_lyris_tp4_fp8kv_bs16_pard2_offset0_n16_isl4096_osl32768_bs16_k9_20260613/breakdown.json,/Users/sna/Nemo-RL_Qwen3_Roadmap/latest_lyris_qwen235b_swebench_osl32k_drafter_k9_k11_20260613_jobs.csv,verified_osl32k_qwen235b_pard2_k9,coreai_dlalgo_llm-specdec.pard2-qwen235b_a22b_swe_verified_osl32k_bsweep_lyris_tp4_fp8kv_bs16,,COMPLETED,0:0,02:40:18,lyris0284,,,
swe,2113163,verified,qwen235b,pard2_k9,pard2_k9,Qwen/Qwen3-235B-A22B,0,32,4096,32768,32,/lustre/fsw/coreai_dlalgo_llm/users/sna/vllm-benchmark/vllm-runs/qwen235b_a22b_swe_verified_osl32k_bsweep_lyris_tp4_fp8kv_bs32_pard2_offset0_n32_isl4096_osl32768_bs32_k9_20260613,/lustre/fsw/coreai_dlalgo_llm/users/sna/vllm-benchmark/vllm-runs/qwen235b_a22b_swe_verified_osl32k_bsweep_lyris_tp4_fp8kv_bs32_pard2_offset0_n32_isl4096_osl32768_bs32_k9_20260613/breakdown.json,/Users/sna/Nemo-RL_Qwen3_Roadmap/latest_lyris_qwen235b_swebench_osl32k_drafter_k9_k11_20260613_jobs.csv,verified_osl32k_qwen235b_pard2_k9,coreai_dlalgo_llm-specdec.pard2-qwen235b_a22b_swe_verified_osl32k_bsweep_lyris_tp4_fp8kv_bs32,,COMPLETED,0:0,03:02:37,lyris0285,,,
swe,2113140,verified,qwen235b,pard_k11,pard_k11,Qwen/Qwen3-235B-A22B,0,2,4096,32768,2,/lustre/fsw/coreai_dlalgo_llm/users/sna/vllm-benchmark/vllm-runs/qwen235b_a22b_swe_verified_osl32k_bsweep_lyris_tp4_fp8kv_bs2_pard_offset0_n2_isl4096_osl32768_bs2_k11_20260613,/lustre/fsw/coreai_dlalgo_llm/users/sna/vllm-benchmark/vllm-runs/qwen235b_a22b_swe_verified_osl32k_bsweep_lyris_tp4_fp8kv_bs2_pard_offset0_n2_isl4096_osl32768_bs2_k11_20260613/breakdown.json,/Users/sna/Nemo-RL_Qwen3_Roadmap/latest_lyris_qwen235b_swebench_osl32k_drafter_k9_k11_20260613_jobs.csv,verified_osl32k_qwen235b_pard_k11,coreai_dlalgo_llm-specdec.pard-qwen235b_a22b_swe_verified_osl32k_bsweep_lyris_tp4_fp8kv_bs2,,COMPLETED,0:0,01:45:09,lyris0276,,,
swe,2113141,verified,qwen235b,pard_k11,pard_k11,Qwen/Qwen3-235B-A22B,0,4,4096,32768,4,/lustre/fsw/coreai_dlalgo_llm/users/sna/vllm-benchmark/vllm-runs/qwen235b_a22b_swe_verified_osl32k_bsweep_lyris_tp4_fp8kv_bs4_pard_offset0_n4_isl4096_osl32768_bs4_k11_20260613,/lustre/fsw/coreai_dlalgo_llm/users/sna/vllm-benchmark/vllm-runs/qwen235b_a22b_swe_verified_osl32k_bsweep_lyris_tp4_fp8kv_bs4_pard_offset0_n4_isl4096_osl32768_bs4_k11_20260613/breakdown.json,/Users/sna/Nemo-RL_Qwen3_Roadmap/latest_lyris_qwen235b_swebench_osl32k_drafter_k9_k11_20260613_jobs.csv,verified_osl32k_qwen235b_pard_k11,coreai_dlalgo_llm-specdec.pard-qwen235b_a22b_swe_verified_osl32k_bsweep_lyris_tp4_fp8kv_bs4,,COMPLETED,0:0,01:58:46,lyris0179,,,
swe,2113142,verified,qwen235b,pard_k11,pard_k11,Qwen/Qwen3-235B-A22B,0,8,4096,32768,8,/lustre/fsw/coreai_dlalgo_llm/users/sna/vllm-benchmark/vllm-runs/qwen235b_a22b_swe_verified_osl32k_bsweep_lyris_tp4_fp8kv_bs8_pard_offset0_n8_isl4096_osl32768_bs8_k11_20260613,/lustre/fsw/coreai_dlalgo_llm/users/sna/vllm-benchmark/vllm-runs/qwen235b_a22b_swe_verified_osl32k_bsweep_lyris_tp4_fp8kv_bs8_pard_offset0_n8_isl4096_osl32768_bs8_k11_20260613/breakdown.json,/Users/sna/Nemo-RL_Qwen3_Roadmap/latest_lyris_qwen235b_swebench_osl32k_drafter_k9_k11_20260613_jobs.csv,verified_osl32k_qwen235b_pard_k11,coreai_dlalgo_llm-specdec.pard-qwen235b_a22b_swe_verified_osl32k_bsweep_lyris_tp4_fp8kv_bs8,,COMPLETED,0:0,02:12:16,lyris0180,,,
swe,2113144,verified,qwen235b,pard_k11,pard_k11,Qwen/Qwen3-235B-A22B,0,16,4096,32768,16,/lustre/fsw/coreai_dlalgo_llm/users/sna/vllm-benchmark/vllm-runs/qwen235b_a22b_swe_verified_osl32k_bsweep_lyris_tp4_fp8kv_bs16_pard_offset0_n16_isl4096_osl32768_bs16_k11_20260613,/lustre/fsw/coreai_dlalgo_llm/users/sna/vllm-benchmark/vllm-runs/qwen235b_a22b_swe_verified_osl32k_bsweep_lyris_tp4_fp8kv_bs16_pard_offset0_n16_isl4096_osl32768_bs16_k11_20260613/breakdown.json,/Users/sna/Nemo-RL_Qwen3_Roadmap/latest_lyris_qwen235b_swebench_osl32k_drafter_k9_k11_20260613_jobs.csv,verified_osl32k_qwen235b_pard_k11,coreai_dlalgo_llm-specdec.pard-qwen235b_a22b_swe_verified_osl32k_bsweep_lyris_tp4_fp8kv_bs16,,COMPLETED,0:0,02:14:34,lyris0161,,,
swe,2113145,verified,qwen235b,pard_k11,pard_k11,Qwen/Qwen3-235B-A22B,0,32,4096,32768,32,/lustre/fsw/coreai_dlalgo_llm/users/sna/vllm-benchmark/vllm-runs/qwen235b_a22b_swe_verified_osl32k_bsweep_lyris_tp4_fp8kv_bs32_pard_offset0_n32_isl4096_osl32768_bs32_k11_20260613,/lustre/fsw/coreai_dlalgo_llm/users/sna/vllm-benchmark/vllm-runs/qwen235b_a22b_swe_verified_osl32k_bsweep_lyris_tp4_fp8kv_bs32_pard_offset0_n32_isl4096_osl32768_bs32_k11_20260613/breakdown.json,/Users/sna/Nemo-RL_Qwen3_Roadmap/latest_lyris_qwen235b_swebench_osl32k_drafter_k9_k11_20260613_jobs.csv,verified_osl32k_qwen235b_pard_k11,coreai_dlalgo_llm-specdec.pard-qwen235b_a22b_swe_verified_osl32k_bsweep_lyris_tp4_fp8kv_bs32,,COMPLETED,0:0,02:26:02,lyris0162,,,
swe,2113121,verified,qwen235b,pard_k9,pard_k9,Qwen/Qwen3-235B-A22B,0,2,4096,32768,2,/lustre/fsw/coreai_dlalgo_llm/users/sna/vllm-benchmark/vllm-runs/qwen235b_a22b_swe_verified_osl32k_bsweep_lyris_tp4_fp8kv_bs2_pard_offset0_n2_isl4096_osl32768_bs2_k9_20260613,/lustre/fsw/coreai_dlalgo_llm/users/sna/vllm-benchmark/vllm-runs/qwen235b_a22b_swe_verified_osl32k_bsweep_lyris_tp4_fp8kv_bs2_pard_offset0_n2_isl4096_osl32768_bs2_k9_20260613/breakdown.json,/Users/sna/Nemo-RL_Qwen3_Roadmap/latest_lyris_qwen235b_swebench_osl32k_drafter_k9_k11_20260613_jobs.csv,verified_osl32k_qwen235b_pard_k9,coreai_dlalgo_llm-specdec.pard-qwen235b_a22b_swe_verified_osl32k_bsweep_lyris_tp4_fp8kv_bs2,,COMPLETED,0:0,01:46:46,lyris0087,,,
swe,2113124,verified,qwen235b,pard_k9,pard_k9,Qwen/Qwen3-235B-A22B,0,4,4096,32768,4,/lustre/fsw/coreai_dlalgo_llm/users/sna/vllm-benchmark/vllm-runs/qwen235b_a22b_swe_verified_osl32k_bsweep_lyris_tp4_fp8kv_bs4_pard_offset0_n4_isl4096_osl32768_bs4_k9_20260613,/lustre/fsw/coreai_dlalgo_llm/users/sna/vllm-benchmark/vllm-runs/qwen235b_a22b_swe_verified_osl32k_bsweep_lyris_tp4_fp8kv_bs4_pard_offset0_n4_isl4096_osl32768_bs4_k9_20260613/breakdown.json,/Users/sna/Nemo-RL_Qwen3_Roadmap/latest_lyris_qwen235b_swebench_osl32k_drafter_k9_k11_20260613_jobs.csv,verified_osl32k_qwen235b_pard_k9,coreai_dlalgo_llm-specdec.pard-qwen235b_a22b_swe_verified_osl32k_bsweep_lyris_tp4_fp8kv_bs4,,COMPLETED,0:0,01:43:57,lyris0088,,,
swe,2113126,verified,qwen235b,pard_k9,pard_k9,Qwen/Qwen3-235B-A22B,0,8,4096,32768,8,/lustre/fsw/coreai_dlalgo_llm/users/sna/vllm-benchmark/vllm-runs/qwen235b_a22b_swe_verified_osl32k_bsweep_lyris_tp4_fp8kv_bs8_pard_offset0_n8_isl4096_osl32768_bs8_k9_20260613,/lustre/fsw/coreai_dlalgo_llm/users/sna/vllm-benchmark/vllm-runs/qwen235b_a22b_swe_verified_osl32k_bsweep_lyris_tp4_fp8kv_bs8_pard_offset0_n8_isl4096_osl32768_bs8_k9_20260613/breakdown.json,/Users/sna/Nemo-RL_Qwen3_Roadmap/latest_lyris_qwen235b_swebench_osl32k_drafter_k9_k11_20260613_jobs.csv,verified_osl32k_qwen235b_pard_k9,coreai_dlalgo_llm-specdec.pard-qwen235b_a22b_swe_verified_osl32k_bsweep_lyris_tp4_fp8kv_bs8,,COMPLETED,0:0,02:05:45,lyris0090,,,
swe,2113127,verified,qwen235b,pard_k9,pard_k9,Qwen/Qwen3-235B-A22B,0,16,4096,32768,16,/lustre/fsw/coreai_dlalgo_llm/users/sna/vllm-benchmark/vllm-runs/qwen235b_a22b_swe_verified_osl32k_bsweep_lyris_tp4_fp8kv_bs16_pard_offset0_n16_isl4096_osl32768_bs16_k9_20260613,/lustre/fsw/coreai_dlalgo_llm/users/sna/vllm-benchmark/vllm-runs/qwen235b_a22b_swe_verified_osl32k_bsweep_lyris_tp4_fp8kv_bs16_pard_offset0_n16_isl4096_osl32768_bs16_k9_20260613/breakdown.json,/Users/sna/Nemo-RL_Qwen3_Roadmap/latest_lyris_qwen235b_swebench_osl32k_drafter_k9_k11_20260613_jobs.csv,verified_osl32k_qwen235b_pard_k9,coreai_dlalgo_llm-specdec.pard-qwen235b_a22b_swe_verified_osl32k_bsweep_lyris_tp4_fp8kv_bs16,,COMPLETED,0:0,02:06:05,lyris0271,,,
swe,2113128,verified,qwen235b,pard_k9,pard_k9,Qwen/Qwen3-235B-A22B,0,32,4096,32768,32,/lustre/fsw/coreai_dlalgo_llm/users/sna/vllm-benchmark/vllm-runs/qwen235b_a22b_swe_verified_osl32k_bsweep_lyris_tp4_fp8kv_bs32_pard_offset0_n32_isl4096_osl32768_bs32_k9_20260613,/lustre/fsw/coreai_dlalgo_llm/users/sna/vllm-benchmark/vllm-runs/qwen235b_a22b_swe_verified_osl32k_bsweep_lyris_tp4_fp8kv_bs32_pard_offset0_n32_isl4096_osl32768_bs32_k9_20260613/breakdown.json,/Users/sna/Nemo-RL_Qwen3_Roadmap/latest_lyris_qwen235b_swebench_osl32k_drafter_k9_k11_20260613_jobs.csv,verified_osl32k_qwen235b_pard_k9,coreai_dlalgo_llm-specdec.pard-qwen235b_a22b_swe_verified_osl32k_bsweep_lyris_tp4_fp8kv_bs32,,COMPLETED,0:0,02:21:11,lyris0272,,,
swe,2113106,verified,qwen235b,suffix_k16,suffix_k16,Qwen/Qwen3-235B-A22B,0,2,4096,32768,2,/lustre/fsw/coreai_dlalgo_llm/users/sna/vllm-benchmark/vllm-runs/qwen235b_a22b_swe_verified_osl32k_bsweep_lyris_tp4_fp8kv_bs2_suffix_offset0_n2_isl4096_osl32768_bs2_k16_arctic_20260613,/lustre/fsw/coreai_dlalgo_llm/users/sna/vllm-benchmark/vllm-runs/qwen235b_a22b_swe_verified_osl32k_bsweep_lyris_tp4_fp8kv_bs2_suffix_offset0_n2_isl4096_osl32768_bs2_k16_arctic_20260613/breakdown.json,/Users/sna/Nemo-RL_Qwen3_Roadmap/latest_lyris_qwen235b_swebench_osl32k_suffix_k8_k16_20260613_jobs.csv,verified_osl32k_qwen235b_suffix_k16,coreai_dlalgo_llm-specdec.suffix-qwen235b_a22b_swe_verified_osl32k_bsweep_lyris_tp4_fp8kv_bs2,,COMPLETED,0:0,00:30:47,lyris0077,,,
swe,2113107,verified,qwen235b,suffix_k16,suffix_k16,Qwen/Qwen3-235B-A22B,0,4,4096,32768,4,/lustre/fsw/coreai_dlalgo_llm/users/sna/vllm-benchmark/vllm-runs/qwen235b_a22b_swe_verified_osl32k_bsweep_lyris_tp4_fp8kv_bs4_suffix_offset0_n4_isl4096_osl32768_bs4_k16_arctic_20260613,/lustre/fsw/coreai_dlalgo_llm/users/sna/vllm-benchmark/vllm-runs/qwen235b_a22b_swe_verified_osl32k_bsweep_lyris_tp4_fp8kv_bs4_suffix_offset0_n4_isl4096_osl32768_bs4_k16_arctic_20260613/breakdown.json,/Users/sna/Nemo-RL_Qwen3_Roadmap/latest_lyris_qwen235b_swebench_osl32k_suffix_k8_k16_20260613_jobs.csv,verified_osl32k_qwen235b_suffix_k16,coreai_dlalgo_llm-specdec.suffix-qwen235b_a22b_swe_verified_osl32k_bsweep_lyris_tp4_fp8kv_bs4,,COMPLETED,0:0,00:26:35,lyris0078,,,
swe,2113108,verified,qwen235b,suffix_k16,suffix_k16,Qwen/Qwen3-235B-A22B,0,8,4096,32768,8,/lustre/fsw/coreai_dlalgo_llm/users/sna/vllm-benchmark/vllm-runs/qwen235b_a22b_swe_verified_osl32k_bsweep_lyris_tp4_fp8kv_bs8_suffix_offset0_n8_isl4096_osl32768_bs8_k16_arctic_20260613,/lustre/fsw/coreai_dlalgo_llm/users/sna/vllm-benchmark/vllm-runs/qwen235b_a22b_swe_verified_osl32k_bsweep_lyris_tp4_fp8kv_bs8_suffix_offset0_n8_isl4096_osl32768_bs8_k16_arctic_20260613/breakdown.json,/Users/sna/Nemo-RL_Qwen3_Roadmap/latest_lyris_qwen235b_swebench_osl32k_suffix_k8_k16_20260613_jobs.csv,verified_osl32k_qwen235b_suffix_k16,coreai_dlalgo_llm-specdec.suffix-qwen235b_a22b_swe_verified_osl32k_bsweep_lyris_tp4_fp8kv_bs8,,COMPLETED,0:0,00:39:04,lyris0079,,,
swe,2113109,verified,qwen235b,suffix_k16,suffix_k16,Qwen/Qwen3-235B-A22B,0,16,4096,32768,16,/lustre/fsw/coreai_dlalgo_llm/users/sna/vllm-benchmark/vllm-runs/qwen235b_a22b_swe_verified_osl32k_bsweep_lyris_tp4_fp8kv_bs16_suffix_offset0_n16_isl4096_osl32768_bs16_k16_arctic_20260613,/lustre/fsw/coreai_dlalgo_llm/users/sna/vllm-benchmark/vllm-runs/qwen235b_a22b_swe_verified_osl32k_bsweep_lyris_tp4_fp8kv_bs16_suffix_offset0_n16_isl4096_osl32768_bs16_k16_arctic_20260613/breakdown.json,/Users/sna/Nemo-RL_Qwen3_Roadmap/latest_lyris_qwen235b_swebench_osl32k_suffix_k8_k16_20260613_jobs.csv,verified_osl32k_qwen235b_suffix_k16,coreai_dlalgo_llm-specdec.suffix-qwen235b_a22b_swe_verified_osl32k_bsweep_lyris_tp4_fp8kv_bs16,,COMPLETED,0:0,00:36:20,lyris0080,,,
swe,2113110,verified,qwen235b,suffix_k16,suffix_k16,Qwen/Qwen3-235B-A22B,0,32,4096,32768,32,/lustre/fsw/coreai_dlalgo_llm/users/sna/vllm-benchmark/vllm-runs/qwen235b_a22b_swe_verified_osl32k_bsweep_lyris_tp4_fp8kv_bs32_suffix_offset0_n32_isl4096_osl32768_bs32_k16_arctic_20260613,/lustre/fsw/coreai_dlalgo_llm/users/sna/vllm-benchmark/vllm-runs/qwen235b_a22b_swe_verified_osl32k_bsweep_lyris_tp4_fp8kv_bs32_suffix_offset0_n32_isl4096_osl32768_bs32_k16_arctic_20260613/breakdown.json,/Users/sna/Nemo-RL_Qwen3_Roadmap/latest_lyris_qwen235b_swebench_osl32k_suffix_k8_k16_20260613_jobs.csv,verified_osl32k_qwen235b_suffix_k16,coreai_dlalgo_llm-specdec.suffix-qwen235b_a22b_swe_verified_osl32k_bsweep_lyris_tp4_fp8kv_bs32,,COMPLETED,0:0,01:14:36,lyris0081,,,
swe,2113088,verified,qwen235b,suffix_k8,suffix_k8,Qwen/Qwen3-235B-A22B,0,2,4096,32768,2,/lustre/fsw/coreai_dlalgo_llm/users/sna/vllm-benchmark/vllm-runs/qwen235b_a22b_swe_verified_osl32k_bsweep_lyris_tp4_fp8kv_bs2_suffix_offset0_n2_isl4096_osl32768_bs2_k8_arctic_20260613,/lustre/fsw/coreai_dlalgo_llm/users/sna/vllm-benchmark/vllm-runs/qwen235b_a22b_swe_verified_osl32k_bsweep_lyris_tp4_fp8kv_bs2_suffix_offset0_n2_isl4096_osl32768_bs2_k8_arctic_20260613/breakdown.json,/Users/sna/Nemo-RL_Qwen3_Roadmap/latest_lyris_qwen235b_swebench_osl32k_suffix_k8_k16_20260613_jobs.csv,verified_osl32k_qwen235b_suffix_k8,coreai_dlalgo_llm-specdec.suffix-qwen235b_a22b_swe_verified_osl32k_bsweep_lyris_tp4_fp8kv_bs2,,COMPLETED,0:0,00:32:35,lyris0001,,,
swe,2113089,verified,qwen235b,suffix_k8,suffix_k8,Qwen/Qwen3-235B-A22B,0,4,4096,32768,4,/lustre/fsw/coreai_dlalgo_llm/users/sna/vllm-benchmark/vllm-runs/qwen235b_a22b_swe_verified_osl32k_bsweep_lyris_tp4_fp8kv_bs4_suffix_offset0_n4_isl4096_osl32768_bs4_k8_arctic_20260613,/lustre/fsw/coreai_dlalgo_llm/users/sna/vllm-benchmark/vllm-runs/qwen235b_a22b_swe_verified_osl32k_bsweep_lyris_tp4_fp8kv_bs4_suffix_offset0_n4_isl4096_osl32768_bs4_k8_arctic_20260613/breakdown.json,/Users/sna/Nemo-RL_Qwen3_Roadmap/latest_lyris_qwen235b_swebench_osl32k_suffix_k8_k16_20260613_jobs.csv,verified_osl32k_qwen235b_suffix_k8,coreai_dlalgo_llm-specdec.suffix-qwen235b_a22b_swe_verified_osl32k_bsweep_lyris_tp4_fp8kv_bs4,,COMPLETED,0:0,00:32:08,lyris0002,,,
swe,2113092,verified,qwen235b,suffix_k8,suffix_k8,Qwen/Qwen3-235B-A22B,0,8,4096,32768,8,/lustre/fsw/coreai_dlalgo_llm/users/sna/vllm-benchmark/vllm-runs/qwen235b_a22b_swe_verified_osl32k_bsweep_lyris_tp4_fp8kv_bs8_suffix_offset0_n8_isl4096_osl32768_bs8_k8_arctic_20260613,/lustre/fsw/coreai_dlalgo_llm/users/sna/vllm-benchmark/vllm-runs/qwen235b_a22b_swe_verified_osl32k_bsweep_lyris_tp4_fp8kv_bs8_suffix_offset0_n8_isl4096_osl32768_bs8_k8_arctic_20260613/breakdown.json,/Users/sna/Nemo-RL_Qwen3_Roadmap/latest_lyris_qwen235b_swebench_osl32k_suffix_k8_k16_20260613_jobs.csv,verified_osl32k_qwen235b_suffix_k8,coreai_dlalgo_llm-specdec.suffix-qwen235b_a22b_swe_verified_osl32k_bsweep_lyris_tp4_fp8kv_bs8,,COMPLETED,0:0,00:40:46,lyris0003,,,
swe,2113093,verified,qwen235b,suffix_k8,suffix_k8,Qwen/Qwen3-235B-A22B,0,16,4096,32768,16,/lustre/fsw/coreai_dlalgo_llm/users/sna/vllm-benchmark/vllm-runs/qwen235b_a22b_swe_verified_osl32k_bsweep_lyris_tp4_fp8kv_bs16_suffix_offset0_n16_isl4096_osl32768_bs16_k8_arctic_20260613,/lustre/fsw/coreai_dlalgo_llm/users/sna/vllm-benchmark/vllm-runs/qwen235b_a22b_swe_verified_osl32k_bsweep_lyris_tp4_fp8kv_bs16_suffix_offset0_n16_isl4096_osl32768_bs16_k8_arctic_20260613/breakdown.json,/Users/sna/Nemo-RL_Qwen3_Roadmap/latest_lyris_qwen235b_swebench_osl32k_suffix_k8_k16_20260613_jobs.csv,verified_osl32k_qwen235b_suffix_k8,coreai_dlalgo_llm-specdec.suffix-qwen235b_a22b_swe_verified_osl32k_bsweep_lyris_tp4_fp8kv_bs16,,COMPLETED,0:0,00:47:26,lyris0004,,,
swe,2113095,verified,qwen235b,suffix_k8,suffix_k8,Qwen/Qwen3-235B-A22B,0,32,4096,32768,32,/lustre/fsw/coreai_dlalgo_llm/users/sna/vllm-benchmark/vllm-runs/qwen235b_a22b_swe_verified_osl32k_bsweep_lyris_tp4_fp8kv_bs32_suffix_offset0_n32_isl4096_osl32768_bs32_k8_arctic_20260613,/lustre/fsw/coreai_dlalgo_llm/users/sna/vllm-benchmark/vllm-runs/qwen235b_a22b_swe_verified_osl32k_bsweep_lyris_tp4_fp8kv_bs32_suffix_offset0_n32_isl4096_osl32768_bs32_k8_arctic_20260613/breakdown.json,/Users/sna/Nemo-RL_Qwen3_Roadmap/latest_lyris_qwen235b_swebench_osl32k_suffix_k8_k16_20260613_jobs.csv,verified_osl32k_qwen235b_suffix_k8,coreai_dlalgo_llm-specdec.suffix-qwen235b_a22b_swe_verified_osl32k_bsweep_lyris_tp4_fp8kv_bs32,,COMPLETED,0:0,00:50:52,lyris0005,,,
