job_id,dataset,model_group,method,method_detail,model,draft_model,prompt_offset,prompt_count,isl,osl,batch_sizes,logs_dir,breakdown_json,tracker_file,label
2107295,math500,qwen8,baseline,baseline,Qwen/Qwen3-8B,,0,4,4096,32768,1 2,/lustre/fsw/coreai_dlalgo_llm/users/sna/vllm-benchmark/vllm-runs/qwen8_math500_osl32k_lyris_baseline_offset0_n4_isl4096_osl32768_bs1_2_20260612_math,/lustre/fsw/coreai_dlalgo_llm/users/sna/vllm-benchmark/vllm-runs/qwen8_math500_osl32k_lyris_baseline_offset0_n4_isl4096_osl32768_bs1_2_20260612_math/breakdown.json,latest_lyris_qwen8_math500_osl32k_baseline_suffix_eagle3_20260612_jobs.txt,math500_osl32k_qwen8_baseline
2107332,math500,qwen30,baseline,baseline,Qwen/Qwen3-30B-A3B,,0,4,4096,32768,1 2,/lustre/fsw/coreai_dlalgo_llm/users/sna/vllm-benchmark/vllm-runs/qwen30ba3b_math500_osl32k_lyris_baseline_offset0_n4_isl4096_osl32768_bs1_2_20260612_math,/lustre/fsw/coreai_dlalgo_llm/users/sna/vllm-benchmark/vllm-runs/qwen30ba3b_math500_osl32k_lyris_baseline_offset0_n4_isl4096_osl32768_bs1_2_20260612_math/breakdown.json,latest_lyris_qwen30ba3b_math500_osl32k_baseline_suffix_pardk5_20260612_jobs.txt,math500_osl32k_qwen30_baseline
2107297,math500,qwen8,eagle3,eagle3_k3,Qwen/Qwen3-8B,,0,4,4096,32768,1 2,/lustre/fsw/coreai_dlalgo_llm/users/sna/vllm-benchmark/vllm-runs/qwen8_math500_osl32k_lyris_eagle3_offset0_n4_isl4096_osl32768_bs1_2_k3_20260612_math,/lustre/fsw/coreai_dlalgo_llm/users/sna/vllm-benchmark/vllm-runs/qwen8_math500_osl32k_lyris_eagle3_offset0_n4_isl4096_osl32768_bs1_2_k3_20260612_math/breakdown.json,latest_lyris_qwen8_math500_osl32k_baseline_suffix_eagle3_20260612_jobs.txt,math500_osl32k_qwen8_eagle3_k3
2107298,math500,qwen8,pard2,official_pard2_k3,Qwen/Qwen3-8B,amd/PARD2-Qwen3-8B,0,4,4096,32768,1 2,/lustre/fsw/coreai_dlalgo_llm/users/sna/vllm-benchmark/vllm-runs/qwen8_math500_osl32k_pard2_official_k3_20260612,/lustre/fsw/coreai_dlalgo_llm/users/sna/vllm-benchmark/vllm-runs/qwen8_math500_osl32k_pard2_official_k3_20260612/breakdown.json,latest_lyris_qwen8_math500_osl32k_pard2_official_k3_20260612_jobs.txt,math500_osl32k_qwen8_official_pard2_k3
2107302,math500,qwen8,pard2,official_pard2_k5,Qwen/Qwen3-8B,amd/PARD2-Qwen3-8B,0,4,4096,32768,1 2,/lustre/fsw/coreai_dlalgo_llm/users/sna/vllm-benchmark/vllm-runs/qwen8_math500_osl32k_pard2_official_k5_20260612,/lustre/fsw/coreai_dlalgo_llm/users/sna/vllm-benchmark/vllm-runs/qwen8_math500_osl32k_pard2_official_k5_20260612/breakdown.json,latest_lyris_qwen8_math500_osl32k_pard2_official_k5_20260612_jobs.txt,math500_osl32k_qwen8_official_pard2_k5
2107335,math500,qwen30,pard,pard_k3,Qwen/Qwen3-30B-A3B,,0,4,4096,32768,1 2,/lustre/fsw/coreai_dlalgo_llm/users/sna/vllm-benchmark/vllm-runs/qwen30ba3b_math500_osl32k_pardk3_lyris_pard_offset0_n4_isl4096_osl32768_bs1_2_k3_20260612_math,/lustre/fsw/coreai_dlalgo_llm/users/sna/vllm-benchmark/vllm-runs/qwen30ba3b_math500_osl32k_pardk3_lyris_pard_offset0_n4_isl4096_osl32768_bs1_2_k3_20260612_math/breakdown.json,latest_lyris_qwen30ba3b_math500_osl32k_pardk3_20260612_jobs.txt,math500_osl32k_qwen30_pard_k3
2107334,math500,qwen30,pard,pard_k5,Qwen/Qwen3-30B-A3B,,0,4,4096,32768,1 2,/lustre/fsw/coreai_dlalgo_llm/users/sna/vllm-benchmark/vllm-runs/qwen30ba3b_math500_osl32k_lyris_pard_offset0_n4_isl4096_osl32768_bs1_2_k5_20260612_math,/lustre/fsw/coreai_dlalgo_llm/users/sna/vllm-benchmark/vllm-runs/qwen30ba3b_math500_osl32k_lyris_pard_offset0_n4_isl4096_osl32768_bs1_2_k5_20260612_math/breakdown.json,latest_lyris_qwen30ba3b_math500_osl32k_baseline_suffix_pardk5_20260612_jobs.txt,math500_osl32k_qwen30_pard_k5
2107296,math500,qwen8,suffix,suffix_k32,Qwen/Qwen3-8B,,0,4,4096,32768,1 2,/lustre/fsw/coreai_dlalgo_llm/users/sna/vllm-benchmark/vllm-runs/qwen8_math500_osl32k_lyris_suffix_offset0_n4_isl4096_osl32768_bs1_2_k32_arctic_20260612_math,/lustre/fsw/coreai_dlalgo_llm/users/sna/vllm-benchmark/vllm-runs/qwen8_math500_osl32k_lyris_suffix_offset0_n4_isl4096_osl32768_bs1_2_k32_arctic_20260612_math/breakdown.json,latest_lyris_qwen8_math500_osl32k_baseline_suffix_eagle3_20260612_jobs.txt,math500_osl32k_qwen8_suffix_k32
2107333,math500,qwen30,suffix,suffix_k32,Qwen/Qwen3-30B-A3B,,0,4,4096,32768,1 2,/lustre/fsw/coreai_dlalgo_llm/users/sna/vllm-benchmark/vllm-runs/qwen30ba3b_math500_osl32k_lyris_suffix_offset0_n4_isl4096_osl32768_bs1_2_k32_arctic_20260612_math,/lustre/fsw/coreai_dlalgo_llm/users/sna/vllm-benchmark/vllm-runs/qwen30ba3b_math500_osl32k_lyris_suffix_offset0_n4_isl4096_osl32768_bs1_2_k32_arctic_20260612_math/breakdown.json,latest_lyris_qwen30ba3b_math500_osl32k_baseline_suffix_pardk5_20260612_jobs.txt,math500_osl32k_qwen30_suffix_k32
