checked_at,job_id,domain,model_group,method,k,temperature,batch_size,isl,osl,state,exit_code,elapsed,time_limit,live_generation_tok_s,live_tok_s_gpu_approx,running_reqs,waiting_reqs,gpu_kv_cache_pct,prefix_cache_hit_pct,live_acceptance_pct,live_mean_accept_len,live_accepted_tput,live_drafted_tput,engine_log_samples,specdec_log_samples,fatal_log_matches,breakdown_present,breakdown_valid,final_tok_s_gpu,final_acceptance_pct,final_mean_accept_len,partial,logs_dir
2026-06-20T06:33:29+00:00,2165286,swe,qwen235b,pard2,3,0.0,1,4096,32768,COMPLETED,0:0,02:25:40,05:00:00,5.8,1.4500,1,0,2.1,48.6,1.2,1.04,0.20,16.84,492,493,0,1,1,1.9083,4.9933,0.1498,False,/lustre/fsw/coreai_dlalgo_llm/users/sna/vllm-benchmark/vllm-runs/qwen235b_a22b_swe_verified_osl32k_bsweep_lyris_tp4_fp8kv_bs1_pard2_offset0_n1_isl4096_osl32768_bs1_k3_20260620_swe_pard2_ksweep_t00_k3
2026-06-20T06:33:29+00:00,2165287,swe,qwen235b,pard2,3,0.0,2,4096,32768,COMPLETED,0:0,02:30:54,05:00:00,11.3,2.8250,2,0,4.3,50.2,0.6,1.02,0.20,33.17,481,482,0,1,1,3.6966,4.5441,0.1363,False,/lustre/fsw/coreai_dlalgo_llm/users/sna/vllm-benchmark/vllm-runs/qwen235b_a22b_swe_verified_osl32k_bsweep_lyris_tp4_fp8kv_bs2_pard2_offset0_n2_isl4096_osl32768_bs2_k3_20260620_swe_pard2_ksweep_t00_k3
2026-06-20T06:33:29+00:00,2165288,swe,qwen235b,pard2,3,0.0,4,4096,32768,COMPLETED,0:0,02:32:58,05:00:00,9.0,2.2500,1,0,2.2,50.7,0.4,1.01,0.10,26.83,492,493,0,1,1,7.3051,5.2513,0.1575,False,/lustre/fsw/coreai_dlalgo_llm/users/sna/vllm-benchmark/vllm-runs/qwen235b_a22b_swe_verified_osl32k_bsweep_lyris_tp4_fp8kv_bs4_pard2_offset0_n4_isl4096_osl32768_bs4_k3_20260620_swe_pard2_ksweep_t00_k3
2026-06-20T06:33:29+00:00,2165289,swe,qwen235b,pard2,3,0.0,8,4096,32768,COMPLETED,0:0,02:37:13,05:00:00,5.5,1.3750,1,0,2.2,50.8,0.0,1.00,0.00,16.62,487,487,0,1,1,14.4123,4.8336,0.1450,False,/lustre/fsw/coreai_dlalgo_llm/users/sna/vllm-benchmark/vllm-runs/qwen235b_a22b_swe_verified_osl32k_bsweep_lyris_tp4_fp8kv_bs8_pard2_offset0_n8_isl4096_osl32768_bs8_k3_20260620_swe_pard2_ksweep_t00_k3
2026-06-20T06:33:29+00:00,2165290,swe,qwen235b,pard2,3,0.0,16,4096,32768,COMPLETED,0:0,02:39:36,05:00:00,11.3,2.8250,2,0,4.7,51.2,0.6,1.02,0.20,33.31,492,493,0,1,1,28.0011,5.1835,0.1555,False,/lustre/fsw/coreai_dlalgo_llm/users/sna/vllm-benchmark/vllm-runs/qwen235b_a22b_swe_verified_osl32k_bsweep_lyris_tp4_fp8kv_bs16_pard2_offset0_n16_isl4096_osl32768_bs16_k3_20260620_swe_pard2_ksweep_t00_k3
2026-06-20T06:33:29+00:00,2165291,swe,qwen235b,pard2,3,0.0,32,4096,32768,COMPLETED,0:0,02:51:32,05:00:00,5.6,1.4000,0,0,0.0,51.5,1.2,1.04,0.20,16.08,493,494,0,1,1,52.5270,6.7100,0.2013,False,/lustre/fsw/coreai_dlalgo_llm/users/sna/vllm-benchmark/vllm-runs/qwen235b_a22b_swe_verified_osl32k_bsweep_lyris_tp4_fp8kv_bs32_pard2_offset0_n32_isl4096_osl32768_bs32_k3_20260620_swe_pard2_ksweep_t00_k3
2026-06-20T06:33:29+00:00,2165292,swe,qwen235b,pard2,3,1.0,1,4096,32768,COMPLETED,0:0,02:32:29,05:00:00,5.9,1.4750,1,0,2.1,48.6,1.2,1.04,0.20,16.96,492,493,0,1,1,1.8340,3.6790,0.1104,False,/lustre/fsw/coreai_dlalgo_llm/users/sna/vllm-benchmark/vllm-runs/qwen235b_a22b_swe_verified_osl32k_bsweep_lyris_tp4_fp8kv_bs1_pard2_offset0_n1_isl4096_osl32768_bs1_k3_20260620_swe_pard2_ksweep_t10_k3
2026-06-20T06:33:29+00:00,2165293,swe,qwen235b,pard2,3,1.0,2,4096,32768,COMPLETED,0:0,02:36:20,05:00:00,5.5,1.3750,1,0,2.2,50.2,0.0,1.00,0.00,16.60,492,493,0,1,1,3.5587,3.6157,0.1085,False,/lustre/fsw/coreai_dlalgo_llm/users/sna/vllm-benchmark/vllm-runs/qwen235b_a22b_swe_verified_osl32k_bsweep_lyris_tp4_fp8kv_bs2_pard2_offset0_n2_isl4096_osl32768_bs2_k3_20260620_swe_pard2_ksweep_t10_k3
2026-06-20T06:33:29+00:00,2165294,swe,qwen235b,pard2,3,1.0,4,4096,32768,COMPLETED,0:0,02:36:50,05:00:00,5.6,1.4000,1,0,2.2,50.7,0.6,1.02,0.10,16.48,492,493,0,1,1,7.0393,4.1792,0.1254,False,/lustre/fsw/coreai_dlalgo_llm/users/sna/vllm-benchmark/vllm-runs/qwen235b_a22b_swe_verified_osl32k_bsweep_lyris_tp4_fp8kv_bs4_pard2_offset0_n4_isl4096_osl32768_bs4_k3_20260620_swe_pard2_ksweep_t10_k3
2026-06-20T06:33:29+00:00,2165295,swe,qwen235b,pard2,3,1.0,8,4096,32768,COMPLETED,0:0,02:44:50,05:00:00,5.5,1.3750,0,0,0.0,50.8,0.0,1.00,0.00,16.50,492,493,0,1,1,13.4002,4.2757,0.1283,False,/lustre/fsw/coreai_dlalgo_llm/users/sna/vllm-benchmark/vllm-runs/qwen235b_a22b_swe_verified_osl32k_bsweep_lyris_tp4_fp8kv_bs8_pard2_offset0_n8_isl4096_osl32768_bs8_k3_20260620_swe_pard2_ksweep_t10_k3
2026-06-20T06:33:29+00:00,2165296,swe,qwen235b,pard2,3,1.0,16,4096,32768,COMPLETED,0:0,02:49:53,05:00:00,5.4,1.3500,1,0,2.4,51.2,0.0,1.00,0.00,16.06,492,493,0,1,1,26.3989,4.1337,0.1240,False,/lustre/fsw/coreai_dlalgo_llm/users/sna/vllm-benchmark/vllm-runs/qwen235b_a22b_swe_verified_osl32k_bsweep_lyris_tp4_fp8kv_bs16_pard2_offset0_n16_isl4096_osl32768_bs16_k3_20260620_swe_pard2_ksweep_t10_k3
2026-06-20T06:33:29+00:00,2165297,swe,qwen235b,pard2,3,1.0,32,4096,32768,RUNNING,0:0,02:53:34,05:00:00,124.5,31.1250,23,0,65.8,51.5,1.4,1.04,5.19,357.95,499,499,0,0,0,,,,,/lustre/fsw/coreai_dlalgo_llm/users/sna/vllm-benchmark/vllm-runs/qwen235b_a22b_swe_verified_osl32k_bsweep_lyris_tp4_fp8kv_bs32_pard2_offset0_n32_isl4096_osl32768_bs32_k3_20260620_swe_pard2_ksweep_t10_k3
2026-06-20T06:33:29+00:00,2165298,swe,qwen235b,pard2,5,0.0,1,4096,32768,COMPLETED,0:0,02:23:59,05:00:00,5.8,1.4500,1,0,2.1,48.6,0.7,1.04,0.20,28.11,492,493,0,1,1,1.9268,3.0672,0.1534,False,/lustre/fsw/coreai_dlalgo_llm/users/sna/vllm-benchmark/vllm-runs/qwen235b_a22b_swe_verified_osl32k_bsweep_lyris_tp4_fp8kv_bs1_pard2_offset0_n1_isl4096_osl32768_bs1_k5_20260620_swe_pard2_ksweep_t00_k5
2026-06-20T06:33:29+00:00,2165299,swe,qwen235b,pard2,5,0.0,2,4096,32768,COMPLETED,0:0,02:28:59,05:00:00,6.1,1.5250,1,0,2.2,50.2,1.8,1.09,0.50,27.99,492,493,0,1,1,3.7698,3.0093,0.1505,False,/lustre/fsw/coreai_dlalgo_llm/users/sna/vllm-benchmark/vllm-runs/qwen235b_a22b_swe_verified_osl32k_bsweep_lyris_tp4_fp8kv_bs2_pard2_offset0_n2_isl4096_osl32768_bs2_k5_20260620_swe_pard2_ksweep_t00_k5
2026-06-20T06:33:29+00:00,2165300,swe,qwen235b,pard2,5,0.0,4,4096,32768,COMPLETED,0:0,02:31:23,05:00:00,5.8,1.4500,1,0,2.1,50.7,0.7,1.04,0.20,28.19,492,493,0,1,1,7.3930,3.1207,0.1560,False,/lustre/fsw/coreai_dlalgo_llm/users/sna/vllm-benchmark/vllm-runs/qwen235b_a22b_swe_verified_osl32k_bsweep_lyris_tp4_fp8kv_bs4_pard2_offset0_n4_isl4096_osl32768_bs4_k5_20260620_swe_pard2_ksweep_t00_k5
2026-06-20T06:33:29+00:00,2165302,swe,qwen235b,pard2,5,0.0,8,4096,32768,COMPLETED,0:0,02:37:24,05:00:00,5.6,1.4000,1,0,2.2,50.8,0.0,1.00,0.00,27.87,492,493,0,1,1,14.0920,4.1922,0.2096,False,/lustre/fsw/coreai_dlalgo_llm/users/sna/vllm-benchmark/vllm-runs/qwen235b_a22b_swe_verified_osl32k_bsweep_lyris_tp4_fp8kv_bs8_pard2_offset0_n8_isl4096_osl32768_bs8_k5_20260620_swe_pard2_ksweep_t00_k5
2026-06-20T06:33:29+00:00,2165304,swe,qwen235b,pard2,5,0.0,16,4096,32768,COMPLETED,0:0,02:39:45,05:00:00,5.6,1.4000,1,0,2.3,51.2,0.0,1.00,0.00,28.07,492,493,0,1,1,27.4034,3.3788,0.1689,False,/lustre/fsw/coreai_dlalgo_llm/users/sna/vllm-benchmark/vllm-runs/qwen235b_a22b_swe_verified_osl32k_bsweep_lyris_tp4_fp8kv_bs16_pard2_offset0_n16_isl4096_osl32768_bs16_k5_20260620_swe_pard2_ksweep_t00_k5
2026-06-20T06:33:29+00:00,2165305,swe,qwen235b,pard2,5,0.0,32,4096,32768,COMPLETED,0:0,02:46:16,05:00:00,5.5,1.3750,1,0,3.1,51.5,1.1,1.06,0.30,26.25,492,493,0,1,1,52.8727,3.5747,0.1787,False,/lustre/fsw/coreai_dlalgo_llm/users/sna/vllm-benchmark/vllm-runs/qwen235b_a22b_swe_verified_osl32k_bsweep_lyris_tp4_fp8kv_bs32_pard2_offset0_n32_isl4096_osl32768_bs32_k5_20260620_swe_pard2_ksweep_t00_k5
2026-06-20T06:33:29+00:00,2165306,swe,qwen235b,pard2,5,1.0,1,4096,32768,COMPLETED,0:0,02:28:15,05:00:00,5.6,1.4000,1,0,2.1,48.6,0.0,1.00,0.00,28.08,487,487,0,1,1,1.9243,3.4410,0.1720,False,/lustre/fsw/coreai_dlalgo_llm/users/sna/vllm-benchmark/vllm-runs/qwen235b_a22b_swe_verified_osl32k_bsweep_lyris_tp4_fp8kv_bs1_pard2_offset0_n1_isl4096_osl32768_bs1_k5_20260620_swe_pard2_ksweep_t10_k5
2026-06-20T06:33:29+00:00,2165307,swe,qwen235b,pard2,5,1.0,2,4096,32768,COMPLETED,0:0,02:37:00,05:00:00,5.6,1.4000,1,0,2.2,50.2,0.4,1.02,0.10,27.72,492,493,0,1,1,3.5128,2.2315,0.1116,False,/lustre/fsw/coreai_dlalgo_llm/users/sna/vllm-benchmark/vllm-runs/qwen235b_a22b_swe_verified_osl32k_bsweep_lyris_tp4_fp8kv_bs2_pard2_offset0_n2_isl4096_osl32768_bs2_k5_20260620_swe_pard2_ksweep_t10_k5
2026-06-20T06:33:29+00:00,2165308,swe,qwen235b,pard2,5,1.0,4,4096,32768,COMPLETED,0:0,02:40:00,05:00:00,5.6,1.4000,1,0,2.2,50.7,0.0,1.00,0.00,27.92,492,493,0,1,1,6.8748,3.5121,0.1756,False,/lustre/fsw/coreai_dlalgo_llm/users/sna/vllm-benchmark/vllm-runs/qwen235b_a22b_swe_verified_osl32k_bsweep_lyris_tp4_fp8kv_bs4_pard2_offset0_n4_isl4096_osl32768_bs4_k5_20260620_swe_pard2_ksweep_t10_k5
2026-06-20T06:33:29+00:00,2165309,swe,qwen235b,pard2,5,1.0,8,4096,32768,COMPLETED,0:0,02:45:46,05:00:00,5.5,1.3750,1,0,2.2,50.8,0.0,1.00,0.00,27.36,492,493,0,1,1,13.3737,1.8703,0.0935,False,/lustre/fsw/coreai_dlalgo_llm/users/sna/vllm-benchmark/vllm-runs/qwen235b_a22b_swe_verified_osl32k_bsweep_lyris_tp4_fp8kv_bs8_pard2_offset0_n8_isl4096_osl32768_bs8_k5_20260620_swe_pard2_ksweep_t10_k5
2026-06-20T06:33:29+00:00,2165310,swe,qwen235b,pard2,5,1.0,16,4096,32768,COMPLETED,0:0,02:49:07,05:00:00,8.7,2.1750,0,0,0.0,51.2,0.0,1.00,0.00,43.69,493,494,0,1,1,25.8771,3.6397,0.1820,False,/lustre/fsw/coreai_dlalgo_llm/users/sna/vllm-benchmark/vllm-runs/qwen235b_a22b_swe_verified_osl32k_bsweep_lyris_tp4_fp8kv_bs16_pard2_offset0_n16_isl4096_osl32768_bs16_k5_20260620_swe_pard2_ksweep_t10_k5
2026-06-20T06:33:29+00:00,2165311,swe,qwen235b,pard2,5,1.0,32,4096,32768,RUNNING,0:0,02:52:55,05:00:00,57.6,14.4000,11,0,32.4,51.5,0.4,1.02,1.09,282.56,499,499,0,0,0,,,,,/lustre/fsw/coreai_dlalgo_llm/users/sna/vllm-benchmark/vllm-runs/qwen235b_a22b_swe_verified_osl32k_bsweep_lyris_tp4_fp8kv_bs32_pard2_offset0_n32_isl4096_osl32768_bs32_k5_20260620_swe_pard2_ksweep_t10_k5
2026-06-20T06:33:29+00:00,2165312,swe,qwen235b,pard2,1,0.0,1,4096,32768,COMPLETED,0:0,02:29:13,05:00:00,6.2,1.5500,1,0,2.1,48.6,8.8,1.09,0.50,5.66,492,493,0,1,1,1.8625,12.5202,0.1252,False,/lustre/fsw/coreai_dlalgo_llm/users/sna/vllm-benchmark/vllm-runs/qwen235b_a22b_swe_verified_osl32k_bsweep_lyris_tp4_fp8kv_bs1_pard2_offset0_n1_isl4096_osl32768_bs1_k1_20260620_swe_pard2_ksweep_t00_k1
2026-06-20T06:33:29+00:00,2165313,swe,qwen235b,pard2,1,1.0,1,4096,32768,COMPLETED,0:0,02:35:04,05:00:00,5.8,1.4500,1,0,2.1,48.6,3.5,1.04,0.20,5.65,492,493,0,1,1,1.7766,8.0741,0.0807,False,/lustre/fsw/coreai_dlalgo_llm/users/sna/vllm-benchmark/vllm-runs/qwen235b_a22b_swe_verified_osl32k_bsweep_lyris_tp4_fp8kv_bs1_pard2_offset0_n1_isl4096_osl32768_bs1_k1_20260620_swe_pard2_ksweep_t10_k1
2026-06-20T06:33:29+00:00,2165314,swe,qwen235b,pard2,1,1.0,2,4096,32768,COMPLETED,0:0,02:33:12,05:00:00,5.6,1.4000,1,0,2.1,50.2,0.0,1.00,0.00,5.61,492,493,0,1,1,3.5950,7.6799,0.0768,False,/lustre/fsw/coreai_dlalgo_llm/users/sna/vllm-benchmark/vllm-runs/qwen235b_a22b_swe_verified_osl32k_bsweep_lyris_tp4_fp8kv_bs2_pard2_offset0_n2_isl4096_osl32768_bs2_k1_20260620_swe_pard2_ksweep_t10_k1
2026-06-20T06:33:29+00:00,2165315,swe,qwen235b,pard2,1,1.0,4,4096,32768,COMPLETED,0:0,02:39:49,05:00:00,5.6,1.4000,1,0,2.1,50.7,0.0,1.00,0.00,5.64,492,493,0,1,1,6.9856,9.6106,0.0961,False,/lustre/fsw/coreai_dlalgo_llm/users/sna/vllm-benchmark/vllm-runs/qwen235b_a22b_swe_verified_osl32k_bsweep_lyris_tp4_fp8kv_bs4_pard2_offset0_n4_isl4096_osl32768_bs4_k1_20260620_swe_pard2_ksweep_t10_k1
2026-06-20T06:33:29+00:00,2165316,swe,qwen235b,pard2,1,1.0,8,4096,32768,COMPLETED,0:0,02:47:00,05:00:00,5.6,1.4000,1,0,2.2,50.8,0.0,1.00,0.00,5.58,492,493,0,1,1,13.3138,20.4293,0.2043,False,/lustre/fsw/coreai_dlalgo_llm/users/sna/vllm-benchmark/vllm-runs/qwen235b_a22b_swe_verified_osl32k_bsweep_lyris_tp4_fp8kv_bs8_pard2_offset0_n8_isl4096_osl32768_bs8_k1_20260620_swe_pard2_ksweep_t10_k1
2026-06-20T06:33:29+00:00,2165317,swe,qwen235b,pard2,1,1.0,16,4096,32768,COMPLETED,0:0,02:51:06,05:00:00,5.5,1.3750,1,0,2.4,51.2,0.0,1.00,0.00,5.51,493,494,0,1,1,26.0030,13.1989,0.1320,False,/lustre/fsw/coreai_dlalgo_llm/users/sna/vllm-benchmark/vllm-runs/qwen235b_a22b_swe_verified_osl32k_bsweep_lyris_tp4_fp8kv_bs16_pard2_offset0_n16_isl4096_osl32768_bs16_k1_20260620_swe_pard2_ksweep_t10_k1
2026-06-20T06:33:29+00:00,2165318,swe,qwen235b,pard2,1,1.0,32,4096,32768,RUNNING,0:0,02:52:34,05:00:00,43.6,10.9000,8,0,23.8,51.5,1.6,1.02,0.69,42.95,500,500,0,0,0,,,,,/lustre/fsw/coreai_dlalgo_llm/users/sna/vllm-benchmark/vllm-runs/qwen235b_a22b_swe_verified_osl32k_bsweep_lyris_tp4_fp8kv_bs32_pard2_offset0_n32_isl4096_osl32768_bs32_k1_20260620_swe_pard2_ksweep_t10_k1
2026-06-20T06:33:29+00:00,2165320,swe,qwen235b,pard2,9,0.0,1,4096,32768,COMPLETED,0:0,02:25:21,05:00:00,5.7,1.4250,1,0,2.1,48.6,0.2,1.02,0.10,50.62,492,493,0,1,1,1.9089,1.7194,0.1547,False,/lustre/fsw/coreai_dlalgo_llm/users/sna/vllm-benchmark/vllm-runs/qwen235b_a22b_swe_verified_osl32k_bsweep_lyris_tp4_fp8kv_bs1_pard2_offset0_n1_isl4096_osl32768_bs1_k9_20260620_swe_pard2_ksweep_t00_k9
2026-06-20T06:33:29+00:00,2165321,swe,qwen235b,pard2,9,1.0,1,4096,32768,COMPLETED,0:0,02:29:19,05:00:00,5.7,1.4250,1,0,2.1,48.6,0.0,1.00,0.00,50.86,492,493,0,1,1,1.8681,1.3173,0.1186,False,/lustre/fsw/coreai_dlalgo_llm/users/sna/vllm-benchmark/vllm-runs/qwen235b_a22b_swe_verified_osl32k_bsweep_lyris_tp4_fp8kv_bs1_pard2_offset0_n1_isl4096_osl32768_bs1_k9_20260620_swe_pard2_ksweep_t10_k9
2026-06-20T06:33:29+00:00,2165322,swe,qwen235b,pard2,11,0.0,1,4096,32768,COMPLETED,0:0,02:24:14,05:00:00,5.9,1.4750,1,0,2.1,48.6,0.5,1.05,0.30,62.02,492,493,0,1,1,1.9275,1.4075,0.1548,False,/lustre/fsw/coreai_dlalgo_llm/users/sna/vllm-benchmark/vllm-runs/qwen235b_a22b_swe_verified_osl32k_bsweep_lyris_tp4_fp8kv_bs1_pard2_offset0_n1_isl4096_osl32768_bs1_k11_20260620_swe_pard2_ksweep_t00_k11
2026-06-20T06:33:29+00:00,2165323,swe,qwen235b,pard2,11,1.0,1,4096,32768,COMPLETED,0:0,02:28:36,05:00:00,5.8,1.4500,1,0,2.1,48.6,0.2,1.02,0.10,62.17,492,493,0,1,1,1.8575,1.0778,0.1186,False,/lustre/fsw/coreai_dlalgo_llm/users/sna/vllm-benchmark/vllm-runs/qwen235b_a22b_swe_verified_osl32k_bsweep_lyris_tp4_fp8kv_bs1_pard2_offset0_n1_isl4096_osl32768_bs1_k11_20260620_swe_pard2_ksweep_t10_k11
2026-06-20T10:38:48+00:00,2165286,swe,qwen235b,pard2,3,0.0,1,4096,32768,COMPLETED,0:0,02:25:40,05:00:00,5.8,1.4500,1,0,2.1,48.6,1.2,1.04,0.20,16.84,592,593,0,1,1,1.9083,4.9933,0.1498,False,/lustre/fsw/coreai_dlalgo_llm/users/sna/vllm-benchmark/vllm-runs/qwen235b_a22b_swe_verified_osl32k_bsweep_lyris_tp4_fp8kv_bs1_pard2_offset0_n1_isl4096_osl32768_bs1_k3_20260620_swe_pard2_ksweep_t00_k3
2026-06-20T10:38:48+00:00,2165287,swe,qwen235b,pard2,3,0.0,2,4096,32768,COMPLETED,0:0,02:30:54,05:00:00,11.3,2.8250,2,0,4.3,50.2,0.6,1.02,0.20,33.17,581,582,0,1,1,3.6966,4.5441,0.1363,False,/lustre/fsw/coreai_dlalgo_llm/users/sna/vllm-benchmark/vllm-runs/qwen235b_a22b_swe_verified_osl32k_bsweep_lyris_tp4_fp8kv_bs2_pard2_offset0_n2_isl4096_osl32768_bs2_k3_20260620_swe_pard2_ksweep_t00_k3
2026-06-20T10:38:48+00:00,2165288,swe,qwen235b,pard2,3,0.0,4,4096,32768,COMPLETED,0:0,02:32:58,05:00:00,9.0,2.2500,1,0,2.2,50.7,0.4,1.01,0.10,26.83,592,593,0,1,1,7.3051,5.2513,0.1575,False,/lustre/fsw/coreai_dlalgo_llm/users/sna/vllm-benchmark/vllm-runs/qwen235b_a22b_swe_verified_osl32k_bsweep_lyris_tp4_fp8kv_bs4_pard2_offset0_n4_isl4096_osl32768_bs4_k3_20260620_swe_pard2_ksweep_t00_k3
2026-06-20T10:38:48+00:00,2165289,swe,qwen235b,pard2,3,0.0,8,4096,32768,COMPLETED,0:0,02:37:13,05:00:00,5.5,1.3750,1,0,2.2,50.8,0.0,1.00,0.00,16.62,587,587,0,1,1,14.4123,4.8336,0.1450,False,/lustre/fsw/coreai_dlalgo_llm/users/sna/vllm-benchmark/vllm-runs/qwen235b_a22b_swe_verified_osl32k_bsweep_lyris_tp4_fp8kv_bs8_pard2_offset0_n8_isl4096_osl32768_bs8_k3_20260620_swe_pard2_ksweep_t00_k3
2026-06-20T10:38:48+00:00,2165290,swe,qwen235b,pard2,3,0.0,16,4096,32768,COMPLETED,0:0,02:39:36,05:00:00,11.3,2.8250,2,0,4.7,51.2,0.6,1.02,0.20,33.31,592,593,0,1,1,28.0011,5.1835,0.1555,False,/lustre/fsw/coreai_dlalgo_llm/users/sna/vllm-benchmark/vllm-runs/qwen235b_a22b_swe_verified_osl32k_bsweep_lyris_tp4_fp8kv_bs16_pard2_offset0_n16_isl4096_osl32768_bs16_k3_20260620_swe_pard2_ksweep_t00_k3
2026-06-20T10:38:48+00:00,2165291,swe,qwen235b,pard2,3,0.0,32,4096,32768,COMPLETED,0:0,02:51:32,05:00:00,5.6,1.4000,0,0,0.0,51.5,1.2,1.04,0.20,16.08,592,593,0,1,1,52.5270,6.7100,0.2013,False,/lustre/fsw/coreai_dlalgo_llm/users/sna/vllm-benchmark/vllm-runs/qwen235b_a22b_swe_verified_osl32k_bsweep_lyris_tp4_fp8kv_bs32_pard2_offset0_n32_isl4096_osl32768_bs32_k3_20260620_swe_pard2_ksweep_t00_k3
2026-06-20T10:38:48+00:00,2165292,swe,qwen235b,pard2,3,1.0,1,4096,32768,COMPLETED,0:0,02:32:29,05:00:00,5.9,1.4750,1,0,2.1,48.6,1.2,1.04,0.20,16.96,592,593,0,1,1,1.8340,3.6790,0.1104,False,/lustre/fsw/coreai_dlalgo_llm/users/sna/vllm-benchmark/vllm-runs/qwen235b_a22b_swe_verified_osl32k_bsweep_lyris_tp4_fp8kv_bs1_pard2_offset0_n1_isl4096_osl32768_bs1_k3_20260620_swe_pard2_ksweep_t10_k3
2026-06-20T10:38:48+00:00,2165293,swe,qwen235b,pard2,3,1.0,2,4096,32768,COMPLETED,0:0,02:36:20,05:00:00,5.5,1.3750,1,0,2.2,50.2,0.0,1.00,0.00,16.60,592,593,0,1,1,3.5587,3.6157,0.1085,False,/lustre/fsw/coreai_dlalgo_llm/users/sna/vllm-benchmark/vllm-runs/qwen235b_a22b_swe_verified_osl32k_bsweep_lyris_tp4_fp8kv_bs2_pard2_offset0_n2_isl4096_osl32768_bs2_k3_20260620_swe_pard2_ksweep_t10_k3
2026-06-20T10:38:48+00:00,2165294,swe,qwen235b,pard2,3,1.0,4,4096,32768,COMPLETED,0:0,02:36:50,05:00:00,5.6,1.4000,1,0,2.2,50.7,0.6,1.02,0.10,16.48,592,593,0,1,1,7.0393,4.1792,0.1254,False,/lustre/fsw/coreai_dlalgo_llm/users/sna/vllm-benchmark/vllm-runs/qwen235b_a22b_swe_verified_osl32k_bsweep_lyris_tp4_fp8kv_bs4_pard2_offset0_n4_isl4096_osl32768_bs4_k3_20260620_swe_pard2_ksweep_t10_k3
2026-06-20T10:38:48+00:00,2165295,swe,qwen235b,pard2,3,1.0,8,4096,32768,COMPLETED,0:0,02:44:50,05:00:00,5.5,1.3750,0,0,0.0,50.8,0.0,1.00,0.00,16.50,592,593,0,1,1,13.4002,4.2757,0.1283,False,/lustre/fsw/coreai_dlalgo_llm/users/sna/vllm-benchmark/vllm-runs/qwen235b_a22b_swe_verified_osl32k_bsweep_lyris_tp4_fp8kv_bs8_pard2_offset0_n8_isl4096_osl32768_bs8_k3_20260620_swe_pard2_ksweep_t10_k3
2026-06-20T10:38:48+00:00,2165296,swe,qwen235b,pard2,3,1.0,16,4096,32768,COMPLETED,0:0,02:49:53,05:00:00,5.4,1.3500,1,0,2.4,51.2,0.0,1.00,0.00,16.06,592,593,0,1,1,26.3989,4.1337,0.1240,False,/lustre/fsw/coreai_dlalgo_llm/users/sna/vllm-benchmark/vllm-runs/qwen235b_a22b_swe_verified_osl32k_bsweep_lyris_tp4_fp8kv_bs16_pard2_offset0_n16_isl4096_osl32768_bs16_k3_20260620_swe_pard2_ksweep_t10_k3
2026-06-20T10:38:48+00:00,2165297,swe,qwen235b,pard2,3,1.0,32,4096,32768,COMPLETED,0:0,03:01:38,05:00:00,5.7,1.4250,0,0,0.0,51.5,0.0,1.00,0.00,16.99,592,593,0,1,1,48.5545,5.1070,0.1532,False,/lustre/fsw/coreai_dlalgo_llm/users/sna/vllm-benchmark/vllm-runs/qwen235b_a22b_swe_verified_osl32k_bsweep_lyris_tp4_fp8kv_bs32_pard2_offset0_n32_isl4096_osl32768_bs32_k3_20260620_swe_pard2_ksweep_t10_k3
2026-06-20T10:38:48+00:00,2165298,swe,qwen235b,pard2,5,0.0,1,4096,32768,COMPLETED,0:0,02:23:59,05:00:00,5.8,1.4500,1,0,2.1,48.6,0.7,1.04,0.20,28.11,592,593,0,1,1,1.9268,3.0672,0.1534,False,/lustre/fsw/coreai_dlalgo_llm/users/sna/vllm-benchmark/vllm-runs/qwen235b_a22b_swe_verified_osl32k_bsweep_lyris_tp4_fp8kv_bs1_pard2_offset0_n1_isl4096_osl32768_bs1_k5_20260620_swe_pard2_ksweep_t00_k5
2026-06-20T10:38:48+00:00,2165299,swe,qwen235b,pard2,5,0.0,2,4096,32768,COMPLETED,0:0,02:28:59,05:00:00,6.1,1.5250,1,0,2.2,50.2,1.8,1.09,0.50,27.99,592,593,0,1,1,3.7698,3.0093,0.1505,False,/lustre/fsw/coreai_dlalgo_llm/users/sna/vllm-benchmark/vllm-runs/qwen235b_a22b_swe_verified_osl32k_bsweep_lyris_tp4_fp8kv_bs2_pard2_offset0_n2_isl4096_osl32768_bs2_k5_20260620_swe_pard2_ksweep_t00_k5
2026-06-20T10:38:48+00:00,2165300,swe,qwen235b,pard2,5,0.0,4,4096,32768,COMPLETED,0:0,02:31:23,05:00:00,5.8,1.4500,1,0,2.1,50.7,0.7,1.04,0.20,28.19,592,593,0,1,1,7.3930,3.1207,0.1560,False,/lustre/fsw/coreai_dlalgo_llm/users/sna/vllm-benchmark/vllm-runs/qwen235b_a22b_swe_verified_osl32k_bsweep_lyris_tp4_fp8kv_bs4_pard2_offset0_n4_isl4096_osl32768_bs4_k5_20260620_swe_pard2_ksweep_t00_k5
2026-06-20T10:38:48+00:00,2165302,swe,qwen235b,pard2,5,0.0,8,4096,32768,COMPLETED,0:0,02:37:24,05:00:00,5.6,1.4000,1,0,2.2,50.8,0.0,1.00,0.00,27.87,592,593,0,1,1,14.0920,4.1922,0.2096,False,/lustre/fsw/coreai_dlalgo_llm/users/sna/vllm-benchmark/vllm-runs/qwen235b_a22b_swe_verified_osl32k_bsweep_lyris_tp4_fp8kv_bs8_pard2_offset0_n8_isl4096_osl32768_bs8_k5_20260620_swe_pard2_ksweep_t00_k5
2026-06-20T10:38:48+00:00,2165304,swe,qwen235b,pard2,5,0.0,16,4096,32768,COMPLETED,0:0,02:39:45,05:00:00,5.6,1.4000,1,0,2.3,51.2,0.0,1.00,0.00,28.07,592,593,0,1,1,27.4034,3.3788,0.1689,False,/lustre/fsw/coreai_dlalgo_llm/users/sna/vllm-benchmark/vllm-runs/qwen235b_a22b_swe_verified_osl32k_bsweep_lyris_tp4_fp8kv_bs16_pard2_offset0_n16_isl4096_osl32768_bs16_k5_20260620_swe_pard2_ksweep_t00_k5
2026-06-20T10:38:48+00:00,2165305,swe,qwen235b,pard2,5,0.0,32,4096,32768,COMPLETED,0:0,02:46:16,05:00:00,5.5,1.3750,1,0,3.1,51.5,1.1,1.06,0.30,26.25,592,593,0,1,1,52.8727,3.5747,0.1787,False,/lustre/fsw/coreai_dlalgo_llm/users/sna/vllm-benchmark/vllm-runs/qwen235b_a22b_swe_verified_osl32k_bsweep_lyris_tp4_fp8kv_bs32_pard2_offset0_n32_isl4096_osl32768_bs32_k5_20260620_swe_pard2_ksweep_t00_k5
2026-06-20T10:38:48+00:00,2165306,swe,qwen235b,pard2,5,1.0,1,4096,32768,COMPLETED,0:0,02:28:15,05:00:00,5.6,1.4000,1,0,2.1,48.6,0.0,1.00,0.00,28.08,587,587,0,1,1,1.9243,3.4410,0.1720,False,/lustre/fsw/coreai_dlalgo_llm/users/sna/vllm-benchmark/vllm-runs/qwen235b_a22b_swe_verified_osl32k_bsweep_lyris_tp4_fp8kv_bs1_pard2_offset0_n1_isl4096_osl32768_bs1_k5_20260620_swe_pard2_ksweep_t10_k5
2026-06-20T10:38:48+00:00,2165307,swe,qwen235b,pard2,5,1.0,2,4096,32768,COMPLETED,0:0,02:37:00,05:00:00,5.6,1.4000,1,0,2.2,50.2,0.4,1.02,0.10,27.72,592,593,0,1,1,3.5128,2.2315,0.1116,False,/lustre/fsw/coreai_dlalgo_llm/users/sna/vllm-benchmark/vllm-runs/qwen235b_a22b_swe_verified_osl32k_bsweep_lyris_tp4_fp8kv_bs2_pard2_offset0_n2_isl4096_osl32768_bs2_k5_20260620_swe_pard2_ksweep_t10_k5
2026-06-20T10:38:48+00:00,2165308,swe,qwen235b,pard2,5,1.0,4,4096,32768,COMPLETED,0:0,02:40:00,05:00:00,5.6,1.4000,1,0,2.2,50.7,0.0,1.00,0.00,27.92,592,593,0,1,1,6.8748,3.5121,0.1756,False,/lustre/fsw/coreai_dlalgo_llm/users/sna/vllm-benchmark/vllm-runs/qwen235b_a22b_swe_verified_osl32k_bsweep_lyris_tp4_fp8kv_bs4_pard2_offset0_n4_isl4096_osl32768_bs4_k5_20260620_swe_pard2_ksweep_t10_k5
2026-06-20T10:38:48+00:00,2165309,swe,qwen235b,pard2,5,1.0,8,4096,32768,COMPLETED,0:0,02:45:46,05:00:00,5.5,1.3750,1,0,2.2,50.8,0.0,1.00,0.00,27.36,592,593,0,1,1,13.3737,1.8703,0.0935,False,/lustre/fsw/coreai_dlalgo_llm/users/sna/vllm-benchmark/vllm-runs/qwen235b_a22b_swe_verified_osl32k_bsweep_lyris_tp4_fp8kv_bs8_pard2_offset0_n8_isl4096_osl32768_bs8_k5_20260620_swe_pard2_ksweep_t10_k5
2026-06-20T10:38:48+00:00,2165310,swe,qwen235b,pard2,5,1.0,16,4096,32768,COMPLETED,0:0,02:49:07,05:00:00,8.7,2.1750,0,0,0.0,51.2,0.0,1.00,0.00,43.69,592,593,0,1,1,25.8771,3.6397,0.1820,False,/lustre/fsw/coreai_dlalgo_llm/users/sna/vllm-benchmark/vllm-runs/qwen235b_a22b_swe_verified_osl32k_bsweep_lyris_tp4_fp8kv_bs16_pard2_offset0_n16_isl4096_osl32768_bs16_k5_20260620_swe_pard2_ksweep_t10_k5
2026-06-20T10:38:48+00:00,2165311,swe,qwen235b,pard2,5,1.0,32,4096,32768,COMPLETED,0:0,02:57:09,05:00:00,5.3,1.3250,1,0,3.1,51.5,0.0,1.00,0.00,26.68,592,593,0,1,1,49.9330,2.9528,0.1476,False,/lustre/fsw/coreai_dlalgo_llm/users/sna/vllm-benchmark/vllm-runs/qwen235b_a22b_swe_verified_osl32k_bsweep_lyris_tp4_fp8kv_bs32_pard2_offset0_n32_isl4096_osl32768_bs32_k5_20260620_swe_pard2_ksweep_t10_k5
2026-06-20T10:38:48+00:00,2165312,swe,qwen235b,pard2,1,0.0,1,4096,32768,COMPLETED,0:0,02:29:13,05:00:00,6.2,1.5500,1,0,2.1,48.6,8.8,1.09,0.50,5.66,592,593,0,1,1,1.8625,12.5202,0.1252,False,/lustre/fsw/coreai_dlalgo_llm/users/sna/vllm-benchmark/vllm-runs/qwen235b_a22b_swe_verified_osl32k_bsweep_lyris_tp4_fp8kv_bs1_pard2_offset0_n1_isl4096_osl32768_bs1_k1_20260620_swe_pard2_ksweep_t00_k1
2026-06-20T10:38:48+00:00,2165313,swe,qwen235b,pard2,1,1.0,1,4096,32768,COMPLETED,0:0,02:35:04,05:00:00,5.8,1.4500,1,0,2.1,48.6,3.5,1.04,0.20,5.65,592,593,0,1,1,1.7766,8.0741,0.0807,False,/lustre/fsw/coreai_dlalgo_llm/users/sna/vllm-benchmark/vllm-runs/qwen235b_a22b_swe_verified_osl32k_bsweep_lyris_tp4_fp8kv_bs1_pard2_offset0_n1_isl4096_osl32768_bs1_k1_20260620_swe_pard2_ksweep_t10_k1
2026-06-20T10:38:48+00:00,2165314,swe,qwen235b,pard2,1,1.0,2,4096,32768,COMPLETED,0:0,02:33:12,05:00:00,5.6,1.4000,1,0,2.1,50.2,0.0,1.00,0.00,5.61,592,593,0,1,1,3.5950,7.6799,0.0768,False,/lustre/fsw/coreai_dlalgo_llm/users/sna/vllm-benchmark/vllm-runs/qwen235b_a22b_swe_verified_osl32k_bsweep_lyris_tp4_fp8kv_bs2_pard2_offset0_n2_isl4096_osl32768_bs2_k1_20260620_swe_pard2_ksweep_t10_k1
2026-06-20T10:38:48+00:00,2165315,swe,qwen235b,pard2,1,1.0,4,4096,32768,COMPLETED,0:0,02:39:49,05:00:00,5.6,1.4000,1,0,2.1,50.7,0.0,1.00,0.00,5.64,592,593,0,1,1,6.9856,9.6106,0.0961,False,/lustre/fsw/coreai_dlalgo_llm/users/sna/vllm-benchmark/vllm-runs/qwen235b_a22b_swe_verified_osl32k_bsweep_lyris_tp4_fp8kv_bs4_pard2_offset0_n4_isl4096_osl32768_bs4_k1_20260620_swe_pard2_ksweep_t10_k1
2026-06-20T10:38:48+00:00,2165316,swe,qwen235b,pard2,1,1.0,8,4096,32768,COMPLETED,0:0,02:47:00,05:00:00,5.6,1.4000,1,0,2.2,50.8,0.0,1.00,0.00,5.58,592,593,0,1,1,13.3138,20.4293,0.2043,False,/lustre/fsw/coreai_dlalgo_llm/users/sna/vllm-benchmark/vllm-runs/qwen235b_a22b_swe_verified_osl32k_bsweep_lyris_tp4_fp8kv_bs8_pard2_offset0_n8_isl4096_osl32768_bs8_k1_20260620_swe_pard2_ksweep_t10_k1
2026-06-20T10:38:48+00:00,2165317,swe,qwen235b,pard2,1,1.0,16,4096,32768,COMPLETED,0:0,02:51:06,05:00:00,5.5,1.3750,1,0,2.4,51.2,0.0,1.00,0.00,5.51,592,593,0,1,1,26.0030,13.1989,0.1320,False,/lustre/fsw/coreai_dlalgo_llm/users/sna/vllm-benchmark/vllm-runs/qwen235b_a22b_swe_verified_osl32k_bsweep_lyris_tp4_fp8kv_bs16_pard2_offset0_n16_isl4096_osl32768_bs16_k1_20260620_swe_pard2_ksweep_t10_k1
2026-06-20T10:38:48+00:00,2165318,swe,qwen235b,pard2,1,1.0,32,4096,32768,COMPLETED,0:0,02:54:47,05:00:00,5.4,1.3500,1,0,3.1,51.5,1.9,1.02,0.10,5.33,592,593,0,1,1,50.2250,14.4944,0.1449,False,/lustre/fsw/coreai_dlalgo_llm/users/sna/vllm-benchmark/vllm-runs/qwen235b_a22b_swe_verified_osl32k_bsweep_lyris_tp4_fp8kv_bs32_pard2_offset0_n32_isl4096_osl32768_bs32_k1_20260620_swe_pard2_ksweep_t10_k1
2026-06-20T10:38:48+00:00,2165320,swe,qwen235b,pard2,9,0.0,1,4096,32768,COMPLETED,0:0,02:25:21,05:00:00,5.7,1.4250,1,0,2.1,48.6,0.2,1.02,0.10,50.62,592,593,0,1,1,1.9089,1.7194,0.1547,False,/lustre/fsw/coreai_dlalgo_llm/users/sna/vllm-benchmark/vllm-runs/qwen235b_a22b_swe_verified_osl32k_bsweep_lyris_tp4_fp8kv_bs1_pard2_offset0_n1_isl4096_osl32768_bs1_k9_20260620_swe_pard2_ksweep_t00_k9
2026-06-20T10:38:48+00:00,2165321,swe,qwen235b,pard2,9,1.0,1,4096,32768,COMPLETED,0:0,02:29:19,05:00:00,5.7,1.4250,1,0,2.1,48.6,0.0,1.00,0.00,50.86,592,593,0,1,1,1.8681,1.3173,0.1186,False,/lustre/fsw/coreai_dlalgo_llm/users/sna/vllm-benchmark/vllm-runs/qwen235b_a22b_swe_verified_osl32k_bsweep_lyris_tp4_fp8kv_bs1_pard2_offset0_n1_isl4096_osl32768_bs1_k9_20260620_swe_pard2_ksweep_t10_k9
2026-06-20T10:38:48+00:00,2165322,swe,qwen235b,pard2,11,0.0,1,4096,32768,COMPLETED,0:0,02:24:14,05:00:00,5.9,1.4750,1,0,2.1,48.6,0.5,1.05,0.30,62.02,592,593,0,1,1,1.9275,1.4075,0.1548,False,/lustre/fsw/coreai_dlalgo_llm/users/sna/vllm-benchmark/vllm-runs/qwen235b_a22b_swe_verified_osl32k_bsweep_lyris_tp4_fp8kv_bs1_pard2_offset0_n1_isl4096_osl32768_bs1_k11_20260620_swe_pard2_ksweep_t00_k11
2026-06-20T10:38:48+00:00,2165323,swe,qwen235b,pard2,11,1.0,1,4096,32768,COMPLETED,0:0,02:28:36,05:00:00,5.8,1.4500,1,0,2.1,48.6,0.2,1.02,0.10,62.17,592,593,0,1,1,1.8575,1.0778,0.1186,False,/lustre/fsw/coreai_dlalgo_llm/users/sna/vllm-benchmark/vllm-runs/qwen235b_a22b_swe_verified_osl32k_bsweep_lyris_tp4_fp8kv_bs1_pard2_offset0_n1_isl4096_osl32768_bs1_k11_20260620_swe_pard2_ksweep_t10_k11
