label,tag,model,prompt_jsonl,prompt_offset,prompt_count_loaded,prompt_count_used,num_batches,batch_size,isl,osl,tp,pp,total_gpus,spec_active,spec_method,parallel_drafting,num_speculative_tokens,draft_model,latency_s,mean_latency_s,output_tok_s,output_tok_s_per_gpu,speedup_vs_baseline,metrics_available,acceptance_rate_pct,mean_acceptance_length,accepted_tokens_per_draft,num_drafts,num_draft_tokens,num_accepted_tokens,acceptance_rate_by_position_pct,breakdown_json
math500_osl32k_qwen235b_eagle3_k3,qwen235b_a22b_math500_osl32k_lyris_tp4_fp8kv_eagle3_offset0_n4_isl4096_osl32768_bs1_2_k3_20260614_temp1rl_math,Qwen/Qwen3-235B-A22B,/lustre/fsw/coreai_dlalgo_llm/users/sna/vllm-benchmark/data/math_500_data_prompts_20260612.jsonl,0,4,4,4,1,4096,32768,4,1,4,True,eagle3,,3,nvidia/Qwen3-235B-A22B-Eagle3,7310.084553351015,1827.5211383377537,17.93029875966555,4.482574689916388,,True,43.07851058992252,2.292355317697676,1.2923553176976756,57177,171531,73893,"67.3977,41.7318,20.1060",/lustre/fsw/coreai_dlalgo_llm/users/sna/vllm-benchmark/vllm-runs/qwen235b_a22b_math500_osl32k_lyris_tp4_fp8kv_eagle3_offset0_n4_isl4096_osl32768_bs1_2_k3_20260614_temp1rl_math/breakdown.json
math500_osl32k_qwen235b_pard_k5,qwen235b_a22b_math500_osl32k_lyris_tp4_fp8kv_pard_offset0_n4_isl4096_osl32768_bs1_2_k5_20260614_temp1rl_math,Qwen/Qwen3-235B-A22B,/lustre/fsw/coreai_dlalgo_llm/users/sna/vllm-benchmark/data/math_500_data_prompts_20260612.jsonl,0,4,4,4,1,4096,32768,4,1,4,True,draft_model,True,5,amd/PARD-Qwen3-0.6B,7216.6431652810425,1804.1607913202606,18.162460994411045,4.540615248602761,,True,34.70035890159419,2.7350179450797096,1.7350179450797096,47924,239620,83149,"70.7266,40.6832,29.4195,19.1741,13.4985",/lustre/fsw/coreai_dlalgo_llm/users/sna/vllm-benchmark/vllm-runs/qwen235b_a22b_math500_osl32k_lyris_tp4_fp8kv_pard_offset0_n4_isl4096_osl32768_bs1_2_k5_20260614_temp1rl_math/breakdown.json
math500_osl32k_qwen235b_suffix_k32,qwen235b_a22b_math500_osl32k_lyris_tp4_fp8kv_suffix_offset0_n4_isl4096_osl32768_bs1_2_k32_arctic_20260614_temp1rl_math,Qwen/Qwen3-235B-A22B,/lustre/fsw/coreai_dlalgo_llm/users/sna/vllm-benchmark/data/math_500_data_prompts_20260612.jsonl,0,4,4,4,1,4096,32768,4,1,4,True,suffix,,32,,4337.698759453138,1084.4246898632846,30.216943883978814,7.554235970994704,,True,59.24627354214926,3.734088598402324,2.734088598402324,34425,158864,94121,"51.2854,36.3021,29.1619,24.6478,22.6202,20.2643,18.6405,16.5171,15.1808,13.9230,12.8686,11.9971,0.0000,0.0000,0.0000,0.0000,0.0000,0.0000,0.0000,0.0000,0.0000,0.0000,0.0000,0.0000,0.0000,0.0000,0.0000,0.0000,0.0000,0.0000,0.0000,0.0000",/lustre/fsw/coreai_dlalgo_llm/users/sna/vllm-benchmark/vllm-runs/qwen235b_a22b_math500_osl32k_lyris_tp4_fp8kv_suffix_offset0_n4_isl4096_osl32768_bs1_2_k32_arctic_20260614_temp1rl_math/breakdown.json
math500_osl32k_qwen235b_eagle3_k3,qwen235b_a22b_math500_osl32k_lyris_tp4_fp8kv_eagle3_offset0_n4_isl4096_osl32768_bs1_2_k3_20260614_temp1rl_math,Qwen/Qwen3-235B-A22B,/lustre/fsw/coreai_dlalgo_llm/users/sna/vllm-benchmark/data/math_500_data_prompts_20260612.jsonl,0,4,4,2,2,4096,32768,4,1,4,True,eagle3,,3,nvidia/Qwen3-235B-A22B-Eagle3,4099.421828911989,2049.7109144559945,31.97328927596292,7.99332231899073,,True,42.043062696249265,2.261291880887478,1.261291880887478,57962,173886,73107,"65.8397,41.7584,18.5311",/lustre/fsw/coreai_dlalgo_llm/users/sna/vllm-benchmark/vllm-runs/qwen235b_a22b_math500_osl32k_lyris_tp4_fp8kv_eagle3_offset0_n4_isl4096_osl32768_bs1_2_k3_20260614_temp1rl_math/breakdown.json
math500_osl32k_qwen235b_pard_k5,qwen235b_a22b_math500_osl32k_lyris_tp4_fp8kv_pard_offset0_n4_isl4096_osl32768_bs1_2_k5_20260614_temp1rl_math,Qwen/Qwen3-235B-A22B,/lustre/fsw/coreai_dlalgo_llm/users/sna/vllm-benchmark/data/math_500_data_prompts_20260612.jsonl,0,4,4,2,2,4096,32768,4,1,4,True,draft_model,True,5,amd/PARD-Qwen3-0.6B,4551.683783497079,2275.8418917485396,28.796376513505688,7.199094128376422,,True,28.836559420235858,2.4418279710117927,1.4418279710117927,53677,268385,77393,"62.1719,37.3400,22.0169,13.4750,9.1790",/lustre/fsw/coreai_dlalgo_llm/users/sna/vllm-benchmark/vllm-runs/qwen235b_a22b_math500_osl32k_lyris_tp4_fp8kv_pard_offset0_n4_isl4096_osl32768_bs1_2_k5_20260614_temp1rl_math/breakdown.json
math500_osl32k_qwen235b_suffix_k32,qwen235b_a22b_math500_osl32k_lyris_tp4_fp8kv_suffix_offset0_n4_isl4096_osl32768_bs1_2_k32_arctic_20260614_temp1rl_math,Qwen/Qwen3-235B-A22B,/lustre/fsw/coreai_dlalgo_llm/users/sna/vllm-benchmark/data/math_500_data_prompts_20260612.jsonl,0,4,4,2,2,4096,32768,4,1,4,True,suffix,,32,,1413.6171336750267,706.8085668375134,92.72100406653097,23.18025101663274,,True,73.35639909062589,6.516373423715296,5.516373423715296,20063,150873,110675,"70.9017,59.1487,52.6541,48.9508,45.3970,43.1242,41.6438,40.2283,39.0221,37.8109,36.8639,35.8919,0.0000,0.0000,0.0000,0.0000,0.0000,0.0000,0.0000,0.0000,0.0000,0.0000,0.0000,0.0000,0.0000,0.0000,0.0000,0.0000,0.0000,0.0000,0.0000,0.0000",/lustre/fsw/coreai_dlalgo_llm/users/sna/vllm-benchmark/vllm-runs/qwen235b_a22b_math500_osl32k_lyris_tp4_fp8kv_suffix_offset0_n4_isl4096_osl32768_bs1_2_k32_arctic_20260614_temp1rl_math/breakdown.json
full_osl32k_qwen235b_baseline,qwen235b_a22b_swe_full_osl32k_bsweep_lyris_tp4_fp8kv_bs2_baseline_offset0_n2_isl4096_osl32768_bs2_20260614_temp1rl,Qwen/Qwen3-235B-A22B,/lustre/fsw/coreai_dlalgo_llm/users/sna/vllm-benchmark/data/swebench_full_test_prompts_all.jsonl,0,2,2,1,2,4096,32768,4,1,4,False,,,,,3970.350521564018,3970.350521564018,16.506351175810988,4.126587793952747,1.0,False,,,,,,,,/lustre/fsw/coreai_dlalgo_llm/users/sna/vllm-benchmark/vllm-runs/qwen235b_a22b_swe_full_osl32k_bsweep_lyris_tp4_fp8kv_bs2_baseline_offset0_n2_isl4096_osl32768_bs2_20260614_temp1rl/breakdown.json
full_osl32k_qwen235b_eagle3_k11,qwen235b_a22b_swe_full_osl32k_bsweep_lyris_tp4_fp8kv_bs2_eagle3_offset0_n2_isl4096_osl32768_bs2_k11_20260614_temp1rl,Qwen/Qwen3-235B-A22B,/lustre/fsw/coreai_dlalgo_llm/users/sna/vllm-benchmark/data/swebench_full_test_prompts_all.jsonl,0,2,2,1,2,4096,32768,4,1,4,True,eagle3,,11,nvidia/Qwen3-235B-A22B-Eagle3,3219.7581155889784,3219.7581155889784,20.354324035304664,5.088581008826166,1.2331207435555254,True,6.0559835252841125,1.6661581877812524,0.6661581877812524,39333,432663,26202,"40.2156,20.5527,4.0729,1.2839,0.2898,0.1093,0.0331,0.0229,0.0153,0.0127,0.0076",/lustre/fsw/coreai_dlalgo_llm/users/sna/vllm-benchmark/vllm-runs/qwen235b_a22b_swe_full_osl32k_bsweep_lyris_tp4_fp8kv_bs2_eagle3_offset0_n2_isl4096_osl32768_bs2_k11_20260614_temp1rl/breakdown.json
full_osl32k_qwen235b_eagle3_k9,qwen235b_a22b_swe_full_osl32k_bsweep_lyris_tp4_fp8kv_bs2_eagle3_offset0_n2_isl4096_osl32768_bs2_k9_20260614_temp1rl,Qwen/Qwen3-235B-A22B,/lustre/fsw/coreai_dlalgo_llm/users/sna/vllm-benchmark/data/swebench_full_test_prompts_all.jsonl,0,2,2,1,2,4096,32768,4,1,4,True,eagle3,,9,nvidia/Qwen3-235B-A22B-Eagle3,3174.367882658,3174.367882658,20.645370172131596,5.161342543032899,1.250753116314772,True,9.491343216023537,1.8542208894421184,0.8542208894421184,35348,318132,30195,"38.0304,16.4479,8.0203,4.9677,3.8333,3.6098,3.5278,3.4995,3.4853",/lustre/fsw/coreai_dlalgo_llm/users/sna/vllm-benchmark/vllm-runs/qwen235b_a22b_swe_full_osl32k_bsweep_lyris_tp4_fp8kv_bs2_eagle3_offset0_n2_isl4096_osl32768_bs2_k9_20260614_temp1rl/breakdown.json
full_osl32k_qwen235b_pard2_k11,qwen235b_a22b_swe_full_osl32k_bsweep_lyris_tp4_fp8kv_bs2_pard2_offset0_n2_isl4096_osl32768_bs2_k11_20260614_temp1rl,Qwen/Qwen3-235B-A22B,/lustre/fsw/coreai_dlalgo_llm/users/sna/vllm-benchmark/data/swebench_full_test_prompts_all.jsonl,0,2,2,1,2,4096,32768,4,1,4,True,pard2,True,11,amd/PARD2-Qwen3-8B,4941.989325028029,4941.989325028029,13.261056568475754,3.3152641421189384,0.8033911569692636,True,0.7406607287789525,1.0814726801656849,0.08147268016568476,60597,666567,4937,"6.1241,1.2921,0.3961,0.1650,0.0759,0.0314,0.0248,0.0132,0.0132,0.0066,0.0050",/lustre/fsw/coreai_dlalgo_llm/users/sna/vllm-benchmark/vllm-runs/qwen235b_a22b_swe_full_osl32k_bsweep_lyris_tp4_fp8kv_bs2_pard2_offset0_n2_isl4096_osl32768_bs2_k11_20260614_temp1rl/breakdown.json
full_osl32k_qwen235b_pard2_k9,qwen235b_a22b_swe_full_osl32k_bsweep_lyris_tp4_fp8kv_bs2_pard2_offset0_n2_isl4096_osl32768_bs2_k9_20260614_temp1rl,Qwen/Qwen3-235B-A22B,/lustre/fsw/coreai_dlalgo_llm/users/sna/vllm-benchmark/data/swebench_full_test_prompts_all.jsonl,0,2,2,1,2,4096,32768,4,1,4,True,pard2,True,9,amd/PARD2-Qwen3-8B,4543.5841900690575,4543.5841900690575,14.423855101715178,3.6059637754287945,0.8738366794747724,True,1.6718454669405285,1.1504660920246477,0.15046609202464759,56963,512667,8571,"11.0563,1.9873,1.0077,0.4090,0.2265,0.1387,0.1018,0.0650,0.0544",/lustre/fsw/coreai_dlalgo_llm/users/sna/vllm-benchmark/vllm-runs/qwen235b_a22b_swe_full_osl32k_bsweep_lyris_tp4_fp8kv_bs2_pard2_offset0_n2_isl4096_osl32768_bs2_k9_20260614_temp1rl/breakdown.json
full_osl32k_qwen235b_pard_k11,qwen235b_a22b_swe_full_osl32k_bsweep_lyris_tp4_fp8kv_bs2_pard_offset0_n2_isl4096_osl32768_bs2_k11_20260614_temp1rl,Qwen/Qwen3-235B-A22B,/lustre/fsw/coreai_dlalgo_llm/users/sna/vllm-benchmark/data/swebench_full_test_prompts_all.jsonl,0,2,2,1,2,4096,32768,4,1,4,True,draft_model,True,11,amd/PARD-Qwen3-0.6B,2788.0110425929306,2788.0110425929306,23.506363138020298,5.876590784505074,1.4240799124925552,True,8.407875975284774,1.9248663572813252,0.9248663572813253,34046,374506,31488,"48.6548,22.9102,10.7648,5.2605,2.5671,1.1837,0.6403,0.2702,0.1234,0.0734,0.0382",/lustre/fsw/coreai_dlalgo_llm/users/sna/vllm-benchmark/vllm-runs/qwen235b_a22b_swe_full_osl32k_bsweep_lyris_tp4_fp8kv_bs2_pard_offset0_n2_isl4096_osl32768_bs2_k11_20260614_temp1rl/breakdown.json
full_osl32k_qwen235b_pard_k9,qwen235b_a22b_swe_full_osl32k_bsweep_lyris_tp4_fp8kv_bs2_pard_offset0_n2_isl4096_osl32768_bs2_k9_20260614_temp1rl,Qwen/Qwen3-235B-A22B,/lustre/fsw/coreai_dlalgo_llm/users/sna/vllm-benchmark/data/swebench_full_test_prompts_all.jsonl,0,2,2,1,2,4096,32768,4,1,4,True,draft_model,True,9,amd/PARD-Qwen3-0.6B,2852.761683604913,2852.761683604913,22.972826779271994,5.7432066948179985,1.3917568173962769,True,11.602882006175728,2.0442593805558156,1.0442593805558156,32061,288549,33480,"38.7262,22.1266,17.4262,8.8394,6.9337,3.6337,2.8789,2.0586,1.8028",/lustre/fsw/coreai_dlalgo_llm/users/sna/vllm-benchmark/vllm-runs/qwen235b_a22b_swe_full_osl32k_bsweep_lyris_tp4_fp8kv_bs2_pard_offset0_n2_isl4096_osl32768_bs2_k9_20260614_temp1rl/breakdown.json
full_osl32k_qwen235b_suffix_k16,qwen235b_a22b_swe_full_osl32k_bsweep_lyris_tp4_fp8kv_bs2_suffix_offset0_n2_isl4096_osl32768_bs2_k16_arctic_20260614_temp1rl,Qwen/Qwen3-235B-A22B,/lustre/fsw/coreai_dlalgo_llm/users/sna/vllm-benchmark/data/swebench_full_test_prompts_all.jsonl,0,2,2,1,2,4096,32768,4,1,4,True,suffix,,16,,1167.0670514230005,1167.0670514230005,56.154442814654224,14.038610703663556,3.4019900713699225,True,73.90482885891295,4.708657945024254,3.708657945024254,13606,68277,50460,"48.4051,37.1527,32.7282,30.5968,29.6560,29.0019,28.5756,27.8480,27.3703,26.9513,26.5030,26.0767,0.0000,0.0000,0.0000,0.0000",/lustre/fsw/coreai_dlalgo_llm/users/sna/vllm-benchmark/vllm-runs/qwen235b_a22b_swe_full_osl32k_bsweep_lyris_tp4_fp8kv_bs2_suffix_offset0_n2_isl4096_osl32768_bs2_k16_arctic_20260614_temp1rl/breakdown.json
full_osl32k_qwen235b_suffix_k8,qwen235b_a22b_swe_full_osl32k_bsweep_lyris_tp4_fp8kv_bs2_suffix_offset0_n2_isl4096_osl32768_bs2_k8_arctic_20260614_temp1rl,Qwen/Qwen3-235B-A22B,/lustre/fsw/coreai_dlalgo_llm/users/sna/vllm-benchmark/data/swebench_full_test_prompts_all.jsonl,0,2,2,1,2,4096,32768,4,1,4,True,suffix,,8,,1047.5523154200055,1047.5523154200055,62.56107598189405,15.640268995473512,3.7901214699450563,True,72.63115750763664,4.1444437311420685,3.1444437311420685,15577,67438,48981,"56.2689,43.2561,38.9420,36.9776,36.1430,34.8527,34.2942,33.7100",/lustre/fsw/coreai_dlalgo_llm/users/sna/vllm-benchmark/vllm-runs/qwen235b_a22b_swe_full_osl32k_bsweep_lyris_tp4_fp8kv_bs2_suffix_offset0_n2_isl4096_osl32768_bs2_k8_arctic_20260614_temp1rl/breakdown.json
full_osl32k_qwen235b_baseline,qwen235b_a22b_swe_full_osl32k_bsweep_lyris_tp4_fp8kv_bs4_baseline_offset0_n4_isl4096_osl32768_bs4_20260614_temp1rl,Qwen/Qwen3-235B-A22B,/lustre/fsw/coreai_dlalgo_llm/users/sna/vllm-benchmark/data/swebench_full_test_prompts_all.jsonl,0,4,4,1,4,4096,32768,4,1,4,False,,,,,3925.2462047769804,3925.2462047769804,33.39204553347172,8.34801138336793,1.0,False,,,,,,,,/lustre/fsw/coreai_dlalgo_llm/users/sna/vllm-benchmark/vllm-runs/qwen235b_a22b_swe_full_osl32k_bsweep_lyris_tp4_fp8kv_bs4_baseline_offset0_n4_isl4096_osl32768_bs4_20260614_temp1rl/breakdown.json
full_osl32k_qwen235b_eagle3_k11,qwen235b_a22b_swe_full_osl32k_bsweep_lyris_tp4_fp8kv_bs4_eagle3_offset0_n4_isl4096_osl32768_bs4_k11_20260614_temp1rl,Qwen/Qwen3-235B-A22B,/lustre/fsw/coreai_dlalgo_llm/users/sna/vllm-benchmark/data/swebench_full_test_prompts_all.jsonl,0,4,4,1,4,4096,32768,4,1,4,True,eagle3,,11,nvidia/Qwen3-235B-A22B-Eagle3,2965.2096900979523,2965.2096900979523,44.20328195935114,11.050820489837784,1.3237668209047686,True,8.02715988757823,1.8829875876336053,0.8829875876336053,69608,765688,61463,"50.6221,27.4638,7.5523,1.8705,0.5402,0.1480,0.0675,0.0144,0.0086,0.0072,0.0043",/lustre/fsw/coreai_dlalgo_llm/users/sna/vllm-benchmark/vllm-runs/qwen235b_a22b_swe_full_osl32k_bsweep_lyris_tp4_fp8kv_bs4_eagle3_offset0_n4_isl4096_osl32768_bs4_k11_20260614_temp1rl/breakdown.json
full_osl32k_qwen235b_eagle3_k9,qwen235b_a22b_swe_full_osl32k_bsweep_lyris_tp4_fp8kv_bs4_eagle3_offset0_n4_isl4096_osl32768_bs4_k9_20260614_temp1rl,Qwen/Qwen3-235B-A22B,/lustre/fsw/coreai_dlalgo_llm/users/sna/vllm-benchmark/data/swebench_full_test_prompts_all.jsonl,0,4,4,1,4,4096,32768,4,1,4,True,eagle3,,9,nvidia/Qwen3-235B-A22B-Eagle3,2812.8431892910157,2812.8431892910157,46.597691794200955,11.649422948550239,1.3954728154491787,True,10.286675155908185,1.9258007640317367,0.9258007640317367,68060,612540,63010,"58.5395,18.6409,7.3876,2.8108,1.5163,1.0917,0.9506,0.8287,0.8140",/lustre/fsw/coreai_dlalgo_llm/users/sna/vllm-benchmark/vllm-runs/qwen235b_a22b_swe_full_osl32k_bsweep_lyris_tp4_fp8kv_bs4_eagle3_offset0_n4_isl4096_osl32768_bs4_k9_20260614_temp1rl/breakdown.json
full_osl32k_qwen235b_pard2_k11,qwen235b_a22b_swe_full_osl32k_bsweep_lyris_tp4_fp8kv_bs4_pard2_offset0_n4_isl4096_osl32768_bs4_k11_20260614_temp1rl,Qwen/Qwen3-235B-A22B,/lustre/fsw/coreai_dlalgo_llm/users/sna/vllm-benchmark/data/swebench_full_test_prompts_all.jsonl,0,4,4,1,4,4096,32768,4,1,4,True,pard2,True,11,amd/PARD2-Qwen3-8B,4658.834129894036,4658.834129894036,28.134077399098388,7.033519349774597,0.8425383036477109,True,1.7851230617188063,1.1963635367890686,0.1963635367890687,109557,1205127,21513,"16.4106,1.9168,0.6654,0.3021,0.1442,0.0831,0.0484,0.0310,0.0173,0.0110,0.0064",/lustre/fsw/coreai_dlalgo_llm/users/sna/vllm-benchmark/vllm-runs/qwen235b_a22b_swe_full_osl32k_bsweep_lyris_tp4_fp8kv_bs4_pard2_offset0_n4_isl4096_osl32768_bs4_k11_20260614_temp1rl/breakdown.json
full_osl32k_qwen235b_pard2_k9,qwen235b_a22b_swe_full_osl32k_bsweep_lyris_tp4_fp8kv_bs4_pard2_offset0_n4_isl4096_osl32768_bs4_k9_20260614_temp1rl,Qwen/Qwen3-235B-A22B,/lustre/fsw/coreai_dlalgo_llm/users/sna/vllm-benchmark/data/swebench_full_test_prompts_all.jsonl,0,4,4,1,4,4096,32768,4,1,4,True,pard2,True,9,amd/PARD2-Qwen3-8B,4539.129633922013,4539.129633922013,28.876020420405542,7.2190051051013855,0.8647574582234149,True,1.677682740963209,1.1509914466866888,0.1509914466866888,113874,1024866,17194,"10.6460,2.2174,0.8905,0.4470,0.2968,0.2195,0.1818,0.1546,0.0457",/lustre/fsw/coreai_dlalgo_llm/users/sna/vllm-benchmark/vllm-runs/qwen235b_a22b_swe_full_osl32k_bsweep_lyris_tp4_fp8kv_bs4_pard2_offset0_n4_isl4096_osl32768_bs4_k9_20260614_temp1rl/breakdown.json
full_osl32k_qwen235b_pard_k11,qwen235b_a22b_swe_full_osl32k_bsweep_lyris_tp4_fp8kv_bs4_pard_offset0_n4_isl4096_osl32768_bs4_k11_20260614_temp1rl,Qwen/Qwen3-235B-A22B,/lustre/fsw/coreai_dlalgo_llm/users/sna/vllm-benchmark/data/swebench_full_test_prompts_all.jsonl,0,4,4,1,4,4096,32768,4,1,4,True,draft_model,True,11,amd/PARD-Qwen3-0.6B,3537.2712917390163,3537.2712917390163,37.054551146842215,9.263637786710554,1.109681978293281,True,8.37850553862107,1.9216356092483178,0.9216356092483177,68207,750277,62862,"45.5701,21.9127,13.1101,5.5918,3.7122,1.1421,0.6187,0.2448,0.1539,0.0674,0.0396",/lustre/fsw/coreai_dlalgo_llm/users/sna/vllm-benchmark/vllm-runs/qwen235b_a22b_swe_full_osl32k_bsweep_lyris_tp4_fp8kv_bs4_pard_offset0_n4_isl4096_osl32768_bs4_k11_20260614_temp1rl/breakdown.json
full_osl32k_qwen235b_pard_k9,qwen235b_a22b_swe_full_osl32k_bsweep_lyris_tp4_fp8kv_bs4_pard_offset0_n4_isl4096_osl32768_bs4_k9_20260614_temp1rl,Qwen/Qwen3-235B-A22B,/lustre/fsw/coreai_dlalgo_llm/users/sna/vllm-benchmark/data/swebench_full_test_prompts_all.jsonl,0,4,4,1,4,4096,32768,4,1,4,True,draft_model,True,9,amd/PARD-Qwen3-0.6B,4121.47400677402,4121.47400677402,31.802214398191314,7.9505535995478285,0.9523889264679283,True,5.866557861195306,1.5279902075075775,0.5279902075075775,85780,772020,45291,"30.3287,12.1590,5.8184,2.0984,0.9105,0.5724,0.3940,0.2914,0.2262",/lustre/fsw/coreai_dlalgo_llm/users/sna/vllm-benchmark/vllm-runs/qwen235b_a22b_swe_full_osl32k_bsweep_lyris_tp4_fp8kv_bs4_pard_offset0_n4_isl4096_osl32768_bs4_k9_20260614_temp1rl/breakdown.json
full_osl32k_qwen235b_suffix_k16,qwen235b_a22b_swe_full_osl32k_bsweep_lyris_tp4_fp8kv_bs4_suffix_offset0_n4_isl4096_osl32768_bs4_k16_arctic_20260614_temp1rl,Qwen/Qwen3-235B-A22B,/lustre/fsw/coreai_dlalgo_llm/users/sna/vllm-benchmark/data/swebench_full_test_prompts_all.jsonl,0,4,4,1,4,4096,32768,4,1,4,True,suffix,,16,,2333.6573693390237,2333.6573693390237,56.16591438062064,14.04147859515516,1.6820147877529907,True,50.72177383136797,2.6584086761343375,1.6584086761343375,47671,155866,79058,"33.5655,19.2654,14.3400,12.6261,11.9486,11.3423,11.0885,10.8116,10.6774,10.4005,10.0417,9.7334,0.0000,0.0000,0.0000,0.0000",/lustre/fsw/coreai_dlalgo_llm/users/sna/vllm-benchmark/vllm-runs/qwen235b_a22b_swe_full_osl32k_bsweep_lyris_tp4_fp8kv_bs4_suffix_offset0_n4_isl4096_osl32768_bs4_k16_arctic_20260614_temp1rl/breakdown.json
full_osl32k_qwen235b_suffix_k8,qwen235b_a22b_swe_full_osl32k_bsweep_lyris_tp4_fp8kv_bs4_suffix_offset0_n4_isl4096_osl32768_bs4_k8_arctic_20260614_temp1rl,Qwen/Qwen3-235B-A22B,/lustre/fsw/coreai_dlalgo_llm/users/sna/vllm-benchmark/data/swebench_full_test_prompts_all.jsonl,0,4,4,1,4,4096,32768,4,1,4,True,suffix,,8,,2665.5676013570046,2665.5676013570046,49.17226632454304,12.29306658113576,1.4725742475181234,True,46.315137574095374,2.363585621790578,1.3635856217905782,53748,158242,73290,"35.6999,21.3831,15.8164,13.8628,13.0833,12.4209,12.1958,11.8963",/lustre/fsw/coreai_dlalgo_llm/users/sna/vllm-benchmark/vllm-runs/qwen235b_a22b_swe_full_osl32k_bsweep_lyris_tp4_fp8kv_bs4_suffix_offset0_n4_isl4096_osl32768_bs4_k8_arctic_20260614_temp1rl/breakdown.json
full_osl32k_qwen235b_baseline,qwen235b_a22b_swe_full_osl32k_bsweep_lyris_tp4_fp8kv_bs8_baseline_offset0_n8_isl4096_osl32768_bs8_20260614_temp1rl,Qwen/Qwen3-235B-A22B,/lustre/fsw/coreai_dlalgo_llm/users/sna/vllm-benchmark/data/swebench_full_test_prompts_all.jsonl,0,8,8,1,8,4096,32768,4,1,4,False,,,,,4079.132602764992,4079.132602764992,64.26464288567348,16.06616072141837,1.0,False,,,,,,,,/lustre/fsw/coreai_dlalgo_llm/users/sna/vllm-benchmark/vllm-runs/qwen235b_a22b_swe_full_osl32k_bsweep_lyris_tp4_fp8kv_bs8_baseline_offset0_n8_isl4096_osl32768_bs8_20260614_temp1rl/breakdown.json
full_osl32k_qwen235b_eagle3_k11,qwen235b_a22b_swe_full_osl32k_bsweep_lyris_tp4_fp8kv_bs8_eagle3_offset0_n8_isl4096_osl32768_bs8_k11_20260614_temp1rl,Qwen/Qwen3-235B-A22B,/lustre/fsw/coreai_dlalgo_llm/users/sna/vllm-benchmark/data/swebench_full_test_prompts_all.jsonl,0,8,8,1,8,4096,32768,4,1,4,True,eagle3,,11,nvidia/Qwen3-235B-A22B-Eagle3,3791.6661304630106,3791.6661304630106,69.13688889796552,17.28422222449138,1.075815344075898,True,6.113250664099203,1.6724575730509124,0.6724575730509124,156740,1724140,105401,"41.9038,16.7098,6.2262,1.5280,0.3924,0.1652,0.1002,0.0593,0.0549,0.0536,0.0523",/lustre/fsw/coreai_dlalgo_llm/users/sna/vllm-benchmark/vllm-runs/qwen235b_a22b_swe_full_osl32k_bsweep_lyris_tp4_fp8kv_bs8_eagle3_offset0_n8_isl4096_osl32768_bs8_k11_20260614_temp1rl/breakdown.json
full_osl32k_qwen235b_eagle3_k9,qwen235b_a22b_swe_full_osl32k_bsweep_lyris_tp4_fp8kv_bs8_eagle3_offset0_n8_isl4096_osl32768_bs8_k9_20260614_temp1rl,Qwen/Qwen3-235B-A22B,/lustre/fsw/coreai_dlalgo_llm/users/sna/vllm-benchmark/data/swebench_full_test_prompts_all.jsonl,0,8,8,1,8,4096,32768,4,1,4,True,eagle3,,9,nvidia/Qwen3-235B-A22B-Eagle3,3038.3913398100412,3038.3913398100412,86.27723379977417,21.56930844994354,1.3425303545724356,True,9.616798796832672,1.8655118917149405,0.8655118917149405,140518,1264662,121620,"50.0633,22.5957,9.5490,2.9370,0.7579,0.3686,0.1986,0.0434,0.0377",/lustre/fsw/coreai_dlalgo_llm/users/sna/vllm-benchmark/vllm-runs/qwen235b_a22b_swe_full_osl32k_bsweep_lyris_tp4_fp8kv_bs8_eagle3_offset0_n8_isl4096_osl32768_bs8_k9_20260614_temp1rl/breakdown.json
full_osl32k_qwen235b_pard2_k11,qwen235b_a22b_swe_full_osl32k_bsweep_lyris_tp4_fp8kv_bs8_pard2_offset0_n8_isl4096_osl32768_bs8_k11_20260614_temp1rl,Qwen/Qwen3-235B-A22B,/lustre/fsw/coreai_dlalgo_llm/users/sna/vllm-benchmark/data/swebench_full_test_prompts_all.jsonl,0,8,8,1,8,4096,32768,4,1,4,True,pard2,True,11,amd/PARD2-Qwen3-8B,4802.404404712957,4802.404404712957,54.58599024745575,13.646497561863937,0.8493938158897729,True,1.4019914883805826,1.1542190637218641,0.1542190637218641,227112,2498232,35025,"10.6428,2.0404,0.9718,0.5165,0.3249,0.2351,0.1792,0.1462,0.1312,0.1202,0.1136",/lustre/fsw/coreai_dlalgo_llm/users/sna/vllm-benchmark/vllm-runs/qwen235b_a22b_swe_full_osl32k_bsweep_lyris_tp4_fp8kv_bs8_pard2_offset0_n8_isl4096_osl32768_bs8_k11_20260614_temp1rl/breakdown.json
full_osl32k_qwen235b_pard2_k9,qwen235b_a22b_swe_full_osl32k_bsweep_lyris_tp4_fp8kv_bs8_pard2_offset0_n8_isl4096_osl32768_bs8_k9_20260614_temp1rl,Qwen/Qwen3-235B-A22B,/lustre/fsw/coreai_dlalgo_llm/users/sna/vllm-benchmark/data/swebench_full_test_prompts_all.jsonl,0,8,8,1,8,4096,32768,4,1,4,True,pard2,True,9,amd/PARD2-Qwen3-8B,4652.732434493024,4652.732434493024,56.34194609098858,14.085486522747145,0.8767176406973995,True,1.7913763893687877,1.161223875043191,0.1612238750431909,225742,2031678,36395,"11.7010,2.4617,0.9436,0.4576,0.2321,0.1382,0.0975,0.0540,0.0368",/lustre/fsw/coreai_dlalgo_llm/users/sna/vllm-benchmark/vllm-runs/qwen235b_a22b_swe_full_osl32k_bsweep_lyris_tp4_fp8kv_bs8_pard2_offset0_n8_isl4096_osl32768_bs8_k9_20260614_temp1rl/breakdown.json
full_osl32k_qwen235b_pard_k11,qwen235b_a22b_swe_full_osl32k_bsweep_lyris_tp4_fp8kv_bs8_pard_offset0_n8_isl4096_osl32768_bs8_k11_20260614_temp1rl,Qwen/Qwen3-235B-A22B,/lustre/fsw/coreai_dlalgo_llm/users/sna/vllm-benchmark/data/swebench_full_test_prompts_all.jsonl,0,8,8,1,8,4096,32768,4,1,4,True,draft_model,True,11,amd/PARD-Qwen3-0.6B,3383.2015039339894,3383.2015039339894,77.48400433588681,19.371001083971702,1.2057019358798977,True,9.108960522214021,2.0019856574435426,1.0019856574435424,130939,1440329,131199,"48.0331,23.1062,12.6250,6.8650,4.0645,2.1254,1.4228,0.7110,0.5270,0.3895,0.3292",/lustre/fsw/coreai_dlalgo_llm/users/sna/vllm-benchmark/vllm-runs/qwen235b_a22b_swe_full_osl32k_bsweep_lyris_tp4_fp8kv_bs8_pard_offset0_n8_isl4096_osl32768_bs8_k11_20260614_temp1rl/breakdown.json
full_osl32k_qwen235b_pard_k9,qwen235b_a22b_swe_full_osl32k_bsweep_lyris_tp4_fp8kv_bs8_pard_offset0_n8_isl4096_osl32768_bs8_k9_20260614_temp1rl,Qwen/Qwen3-235B-A22B,/lustre/fsw/coreai_dlalgo_llm/users/sna/vllm-benchmark/data/swebench_full_test_prompts_all.jsonl,0,8,8,1,8,4096,32768,4,1,4,True,draft_model,True,9,amd/PARD-Qwen3-0.6B,4117.270103432937,4117.270103432937,63.66937155311406,15.917342888278515,0.9907371875757809,True,9.773599847669672,1.8796239862902704,0.8796239862902705,139463,1255167,122675,"35.6059,17.6377,11.8038,7.4959,5.8245,3.5472,2.7333,1.8048,1.5094",/lustre/fsw/coreai_dlalgo_llm/users/sna/vllm-benchmark/vllm-runs/qwen235b_a22b_swe_full_osl32k_bsweep_lyris_tp4_fp8kv_bs8_pard_offset0_n8_isl4096_osl32768_bs8_k9_20260614_temp1rl/breakdown.json
full_osl32k_qwen235b_suffix_k16,qwen235b_a22b_swe_full_osl32k_bsweep_lyris_tp4_fp8kv_bs8_suffix_offset0_n8_isl4096_osl32768_bs8_k16_arctic_20260614_temp1rl,Qwen/Qwen3-235B-A22B,/lustre/fsw/coreai_dlalgo_llm/users/sna/vllm-benchmark/data/swebench_full_test_prompts_all.jsonl,0,8,8,1,8,4096,32768,4,1,4,True,suffix,,16,,2764.9115926640807,2764.9115926640807,94.81098806035092,23.70274701508773,1.4753211688893884,True,54.529117364783474,2.954675594550912,1.954675594550912,86620,310502,169314,"36.7386,22.4983,17.3159,15.3602,14.5047,13.7347,13.3988,12.9797,12.7315,12.4382,12.1565,11.6105,0.0000,0.0000,0.0000,0.0000",/lustre/fsw/coreai_dlalgo_llm/users/sna/vllm-benchmark/vllm-runs/qwen235b_a22b_swe_full_osl32k_bsweep_lyris_tp4_fp8kv_bs8_suffix_offset0_n8_isl4096_osl32768_bs8_k16_arctic_20260614_temp1rl/breakdown.json
full_osl32k_qwen235b_suffix_k8,qwen235b_a22b_swe_full_osl32k_bsweep_lyris_tp4_fp8kv_bs8_suffix_offset0_n8_isl4096_osl32768_bs8_k8_arctic_20260614_temp1rl,Qwen/Qwen3-235B-A22B,/lustre/fsw/coreai_dlalgo_llm/users/sna/vllm-benchmark/data/swebench_full_test_prompts_all.jsonl,0,8,8,1,8,4096,32768,4,1,4,True,suffix,,8,,2876.312010647962,2876.312010647962,91.13893034884816,22.78473258721204,1.4181815420803616,True,54.17681959622277,2.7201594496415598,1.7201594496415598,93321,296302,160527,"38.6001,25.2623,20.7702,18.7911,17.9188,17.2726,16.9179,16.4829",/lustre/fsw/coreai_dlalgo_llm/users/sna/vllm-benchmark/vllm-runs/qwen235b_a22b_swe_full_osl32k_bsweep_lyris_tp4_fp8kv_bs8_suffix_offset0_n8_isl4096_osl32768_bs8_k8_arctic_20260614_temp1rl/breakdown.json
full_osl32k_qwen235b_baseline,qwen235b_a22b_swe_full_osl32k_bsweep_lyris_tp4_fp8kv_bs16_baseline_offset0_n16_isl4096_osl32768_bs16_20260614_temp1rl,Qwen/Qwen3-235B-A22B,/lustre/fsw/coreai_dlalgo_llm/users/sna/vllm-benchmark/data/swebench_full_test_prompts_all.jsonl,0,16,16,1,16,4096,32768,4,1,4,False,,,,,4125.99757354398,4125.99757354398,127.06939125746227,31.767347814365568,1.0,False,,,,,,,,/lustre/fsw/coreai_dlalgo_llm/users/sna/vllm-benchmark/vllm-runs/qwen235b_a22b_swe_full_osl32k_bsweep_lyris_tp4_fp8kv_bs16_baseline_offset0_n16_isl4096_osl32768_bs16_20260614_temp1rl/breakdown.json
full_osl32k_qwen235b_eagle3_k11,qwen235b_a22b_swe_full_osl32k_bsweep_lyris_tp4_fp8kv_bs16_eagle3_offset0_n16_isl4096_osl32768_bs16_k11_20260614_temp1rl,Qwen/Qwen3-235B-A22B,/lustre/fsw/coreai_dlalgo_llm/users/sna/vllm-benchmark/data/swebench_full_test_prompts_all.jsonl,0,16,16,1,16,4096,32768,4,1,4,True,eagle3,,11,nvidia/Qwen3-235B-A22B-Eagle3,3473.7282130910316,3473.7282130910316,150.9294820545192,37.7323705136298,1.1877721342719956,True,8.837151887415374,1.972086707615691,0.972086707615691,265859,2924449,258438,"49.9626,23.2800,11.1830,3.7561,1.8126,1.3455,1.2706,1.1758,1.1623,1.1341,1.1262",/lustre/fsw/coreai_dlalgo_llm/users/sna/vllm-benchmark/vllm-runs/qwen235b_a22b_swe_full_osl32k_bsweep_lyris_tp4_fp8kv_bs16_eagle3_offset0_n16_isl4096_osl32768_bs16_k11_20260614_temp1rl/breakdown.json
full_osl32k_qwen235b_eagle3_k9,qwen235b_a22b_swe_full_osl32k_bsweep_lyris_tp4_fp8kv_bs16_eagle3_offset0_n16_isl4096_osl32768_bs16_k9_20260614_temp1rl,Qwen/Qwen3-235B-A22B,/lustre/fsw/coreai_dlalgo_llm/users/sna/vllm-benchmark/data/swebench_full_test_prompts_all.jsonl,0,16,16,1,16,4096,32768,4,1,4,True,eagle3,,9,nvidia/Qwen3-235B-A22B-Eagle3,4049.761281254934,4049.761281254934,129.46145799426833,32.36536449856708,1.0188248854671804,True,9.032803910787749,1.8129523519708974,0.8129523519708973,289183,2602647,235092,"45.4242,19.7930,8.9701,3.0092,1.4358,0.8901,0.6256,0.5778,0.5695",/lustre/fsw/coreai_dlalgo_llm/users/sna/vllm-benchmark/vllm-runs/qwen235b_a22b_swe_full_osl32k_bsweep_lyris_tp4_fp8kv_bs16_eagle3_offset0_n16_isl4096_osl32768_bs16_k9_20260614_temp1rl/breakdown.json
full_osl32k_qwen235b_pard2_k11,qwen235b_a22b_swe_full_osl32k_bsweep_lyris_tp4_fp8kv_bs16_pard2_offset0_n16_isl4096_osl32768_bs16_k11_20260614_temp1rl,Qwen/Qwen3-235B-A22B,/lustre/fsw/coreai_dlalgo_llm/users/sna/vllm-benchmark/data/swebench_full_test_prompts_all.jsonl,0,16,16,1,16,4096,32768,4,1,4,True,pard2,True,11,amd/PARD2-Qwen3-8B,4956.604924466985,4956.604924466985,105.77562827571536,26.44390706892884,0.832424136363395,True,1.039531891821285,1.1143485081003415,0.11434850810034136,470474,5175214,53798,"8.3552,1.7140,0.6742,0.3195,0.1630,0.0882,0.0506,0.0300,0.0202,0.0130,0.0070",/lustre/fsw/coreai_dlalgo_llm/users/sna/vllm-benchmark/vllm-runs/qwen235b_a22b_swe_full_osl32k_bsweep_lyris_tp4_fp8kv_bs16_pard2_offset0_n16_isl4096_osl32768_bs16_k11_20260614_temp1rl/breakdown.json
full_osl32k_qwen235b_pard2_k9,qwen235b_a22b_swe_full_osl32k_bsweep_lyris_tp4_fp8kv_bs16_pard2_offset0_n16_isl4096_osl32768_bs16_k9_20260614_temp1rl,Qwen/Qwen3-235B-A22B,/lustre/fsw/coreai_dlalgo_llm/users/sna/vllm-benchmark/data/swebench_full_test_prompts_all.jsonl,0,16,16,1,16,4096,32768,4,1,4,True,pard2,True,9,amd/PARD2-Qwen3-8B,5018.875004219997,5018.875004219997,104.46325113878416,26.11581278469604,0.8220961012327935,True,1.6562681122362006,1.149064130101258,0.14906413010125805,456260,4106340,68012,"10.9701,2.4672,0.7888,0.3367,0.1701,0.0822,0.0454,0.0281,0.0180",/lustre/fsw/coreai_dlalgo_llm/users/sna/vllm-benchmark/vllm-runs/qwen235b_a22b_swe_full_osl32k_bsweep_lyris_tp4_fp8kv_bs16_pard2_offset0_n16_isl4096_osl32768_bs16_k9_20260614_temp1rl/breakdown.json
full_osl32k_qwen235b_pard_k11,qwen235b_a22b_swe_full_osl32k_bsweep_lyris_tp4_fp8kv_bs16_pard_offset0_n16_isl4096_osl32768_bs16_k11_20260614_temp1rl,Qwen/Qwen3-235B-A22B,/lustre/fsw/coreai_dlalgo_llm/users/sna/vllm-benchmark/data/swebench_full_test_prompts_all.jsonl,0,16,16,1,16,4096,32768,4,1,4,True,draft_model,True,11,amd/PARD-Qwen3-0.6B,4525.458948018961,4525.458948018961,115.85300099330463,28.96325024832616,0.9117301959727541,True,5.961868914164143,1.6558055805580558,0.6558055805580558,316635,3482985,207651,"35.7055,15.5352,6.8606,3.6499,1.8899,0.8603,0.4794,0.2640,0.1639,0.1011,0.0707",/lustre/fsw/coreai_dlalgo_llm/users/sna/vllm-benchmark/vllm-runs/qwen235b_a22b_swe_full_osl32k_bsweep_lyris_tp4_fp8kv_bs16_pard_offset0_n16_isl4096_osl32768_bs16_k11_20260614_temp1rl/breakdown.json
full_osl32k_qwen235b_pard_k9,qwen235b_a22b_swe_full_osl32k_bsweep_lyris_tp4_fp8kv_bs16_pard_offset0_n16_isl4096_osl32768_bs16_k9_20260614_temp1rl,Qwen/Qwen3-235B-A22B,/lustre/fsw/coreai_dlalgo_llm/users/sna/vllm-benchmark/data/swebench_full_test_prompts_all.jsonl,0,16,16,1,16,4096,32768,4,1,4,True,draft_model,True,9,amd/PARD-Qwen3-0.6B,4645.549921319936,4645.549921319936,112.85811343752269,28.214528359380672,0.888161281963291,True,6.308452514330294,1.5677607262897264,0.5677607262897264,334412,3009708,189866,"28.0089,12.1640,7.4543,3.8784,2.3597,1.3068,0.8606,0.5054,0.2380",/lustre/fsw/coreai_dlalgo_llm/users/sna/vllm-benchmark/vllm-runs/qwen235b_a22b_swe_full_osl32k_bsweep_lyris_tp4_fp8kv_bs16_pard_offset0_n16_isl4096_osl32768_bs16_k9_20260614_temp1rl/breakdown.json
full_osl32k_qwen235b_suffix_k16,qwen235b_a22b_swe_full_osl32k_bsweep_lyris_tp4_fp8kv_bs16_suffix_offset0_n16_isl4096_osl32768_bs16_k16_arctic_20260614_temp1rl,Qwen/Qwen3-235B-A22B,/lustre/fsw/coreai_dlalgo_llm/users/sna/vllm-benchmark/data/swebench_full_test_prompts_all.jsonl,0,16,16,1,16,4096,32768,4,1,4,True,suffix,,16,,2772.6030403189943,2772.6030403189943,189.0959478785248,47.2739869696312,1.4881313745761726,True,52.009688800618726,2.807337749066427,1.8073377490664269,183435,637437,331529,"34.0649,20.9518,16.1103,14.2290,13.4794,12.7931,12.3995,11.9094,11.6586,11.3572,11.0759,10.7046,0.0000,0.0000,0.0000,0.0000",/lustre/fsw/coreai_dlalgo_llm/users/sna/vllm-benchmark/vllm-runs/qwen235b_a22b_swe_full_osl32k_bsweep_lyris_tp4_fp8kv_bs16_suffix_offset0_n16_isl4096_osl32768_bs16_k16_arctic_20260614_temp1rl/breakdown.json
full_osl32k_qwen235b_suffix_k8,qwen235b_a22b_swe_full_osl32k_bsweep_lyris_tp4_fp8kv_bs16_suffix_offset0_n16_isl4096_osl32768_bs16_k8_arctic_20260614_temp1rl,Qwen/Qwen3-235B-A22B,/lustre/fsw/coreai_dlalgo_llm/users/sna/vllm-benchmark/data/swebench_full_test_prompts_all.jsonl,0,16,16,1,16,4096,32768,4,1,4,True,suffix,,8,,2731.710758035071,2731.710758035071,191.92661538483017,47.98165384620754,1.5104079234625207,True,42.72295140555904,2.1965469393716788,1.1965469393716788,232779,651947,278531,"32.2894,18.9167,14.0567,12.1991,11.3747,10.6732,10.2960,9.8488",/lustre/fsw/coreai_dlalgo_llm/users/sna/vllm-benchmark/vllm-runs/qwen235b_a22b_swe_full_osl32k_bsweep_lyris_tp4_fp8kv_bs16_suffix_offset0_n16_isl4096_osl32768_bs16_k8_arctic_20260614_temp1rl/breakdown.json
full_osl32k_qwen235b_baseline,qwen235b_a22b_swe_full_osl32k_bsweep_lyris_tp4_fp8kv_bs32_baseline_offset0_n32_isl4096_osl32768_bs32_20260614_temp1rl,Qwen/Qwen3-235B-A22B,/lustre/fsw/coreai_dlalgo_llm/users/sna/vllm-benchmark/data/swebench_full_test_prompts_all.jsonl,0,32,32,1,32,4096,32768,4,1,4,False,,,,,4038.176712657005,4038.176712657005,259.6657042554403,64.91642606386007,1.0,False,,,,,,,,/lustre/fsw/coreai_dlalgo_llm/users/sna/vllm-benchmark/vllm-runs/qwen235b_a22b_swe_full_osl32k_bsweep_lyris_tp4_fp8kv_bs32_baseline_offset0_n32_isl4096_osl32768_bs32_20260614_temp1rl/breakdown.json
full_osl32k_qwen235b_eagle3_k11,qwen235b_a22b_swe_full_osl32k_bsweep_lyris_tp4_fp8kv_bs32_eagle3_offset0_n32_isl4096_osl32768_bs32_k11_20260614_temp1rl,Qwen/Qwen3-235B-A22B,/lustre/fsw/coreai_dlalgo_llm/users/sna/vllm-benchmark/data/swebench_full_test_prompts_all.jsonl,0,32,32,1,32,4096,32768,4,1,4,True,eagle3,,11,nvidia/Qwen3-235B-A22B-Eagle3,4065.9397835399723,4065.9397835399723,257.8926535618949,64.47316339047373,0.9931717948712966,True,6.633274779312726,1.7296602257243998,0.7296602257243998,606226,6668486,442339,"42.1722,20.3312,6.9228,2.1225,0.7433,0.2593,0.1212,0.0883,0.0754,0.0678,0.0620",/lustre/fsw/coreai_dlalgo_llm/users/sna/vllm-benchmark/vllm-runs/qwen235b_a22b_swe_full_osl32k_bsweep_lyris_tp4_fp8kv_bs32_eagle3_offset0_n32_isl4096_osl32768_bs32_k11_20260614_temp1rl/breakdown.json
full_osl32k_qwen235b_eagle3_k9,qwen235b_a22b_swe_full_osl32k_bsweep_lyris_tp4_fp8kv_bs32_eagle3_offset0_n32_isl4096_osl32768_bs32_k9_20260614_temp1rl,Qwen/Qwen3-235B-A22B,/lustre/fsw/coreai_dlalgo_llm/users/sna/vllm-benchmark/data/swebench_full_test_prompts_all.jsonl,0,32,32,1,32,4096,32768,4,1,4,True,eagle3,,9,nvidia/Qwen3-235B-A22B-Eagle3,3395.6050857770024,3395.6050857770024,308.8038725092375,77.20096812730938,1.1892362658930833,True,9.43921462335195,1.8495293161016755,0.8495293161016755,566941,5102469,481633,"46.4588,21.3303,8.6270,3.1028,1.5310,1.0961,0.9661,0.9266,0.9144",/lustre/fsw/coreai_dlalgo_llm/users/sna/vllm-benchmark/vllm-runs/qwen235b_a22b_swe_full_osl32k_bsweep_lyris_tp4_fp8kv_bs32_eagle3_offset0_n32_isl4096_osl32768_bs32_k9_20260614_temp1rl/breakdown.json
full_osl32k_qwen235b_pard2_k11,qwen235b_a22b_swe_full_osl32k_bsweep_lyris_tp4_fp8kv_bs32_pard2_offset0_n32_isl4096_osl32768_bs32_k11_20260614_temp1rl,Qwen/Qwen3-235B-A22B,/lustre/fsw/coreai_dlalgo_llm/users/sna/vllm-benchmark/data/swebench_full_test_prompts_all.jsonl,0,32,32,1,32,4096,32768,4,1,4,True,pard2,True,11,amd/PARD2-Qwen3-8B,5534.949237311026,5534.949237311026,189.44636256671728,47.36159064167932,0.7295779129166542,True,1.3359177338074804,1.146950950718823,0.14695095071882283,914203,10056233,134343,"10.2624,2.4609,0.9348,0.4099,0.2322,0.1482,0.1016,0.0552,0.0398,0.0284,0.0215",/lustre/fsw/coreai_dlalgo_llm/users/sna/vllm-benchmark/vllm-runs/qwen235b_a22b_swe_full_osl32k_bsweep_lyris_tp4_fp8kv_bs32_pard2_offset0_n32_isl4096_osl32768_bs32_k11_20260614_temp1rl/breakdown.json
full_osl32k_qwen235b_pard2_k9,qwen235b_a22b_swe_full_osl32k_bsweep_lyris_tp4_fp8kv_bs32_pard2_offset0_n32_isl4096_osl32768_bs32_k9_20260614_temp1rl,Qwen/Qwen3-235B-A22B,/lustre/fsw/coreai_dlalgo_llm/users/sna/vllm-benchmark/data/swebench_full_test_prompts_all.jsonl,0,32,32,1,32,4096,32768,4,1,4,True,pard2,True,9,amd/PARD2-Qwen3-8B,5534.215813036077,5534.215813036077,189.4714690254824,47.3678672563706,0.7296746005359803,True,2.009087271288532,1.180817854415968,0.1808178544159679,887982,7991838,160563,"13.5771,2.3057,1.0728,0.4839,0.2787,0.1507,0.1011,0.0666,0.0453",/lustre/fsw/coreai_dlalgo_llm/users/sna/vllm-benchmark/vllm-runs/qwen235b_a22b_swe_full_osl32k_bsweep_lyris_tp4_fp8kv_bs32_pard2_offset0_n32_isl4096_osl32768_bs32_k9_20260614_temp1rl/breakdown.json
full_osl32k_qwen235b_pard_k11,qwen235b_a22b_swe_full_osl32k_bsweep_lyris_tp4_fp8kv_bs32_pard_offset0_n32_isl4096_osl32768_bs32_k11_20260614_temp1rl,Qwen/Qwen3-235B-A22B,/lustre/fsw/coreai_dlalgo_llm/users/sna/vllm-benchmark/data/swebench_full_test_prompts_all.jsonl,0,32,32,1,32,4096,32768,4,1,4,True,draft_model,True,11,amd/PARD-Qwen3-0.6B,5300.41091284703,5300.41091284703,197.8291904611551,49.45729761528877,0.7618610668220748,True,5.810246404265569,1.6391271044692126,0.6391271044692126,639710,7036810,408856,"34.3313,13.4845,7.3522,3.5352,2.2354,1.0441,0.7421,0.4310,0.3155,0.2475,0.1940",/lustre/fsw/coreai_dlalgo_llm/users/sna/vllm-benchmark/vllm-runs/qwen235b_a22b_swe_full_osl32k_bsweep_lyris_tp4_fp8kv_bs32_pard_offset0_n32_isl4096_osl32768_bs32_k11_20260614_temp1rl/breakdown.json
full_osl32k_qwen235b_pard_k9,qwen235b_a22b_swe_full_osl32k_bsweep_lyris_tp4_fp8kv_bs32_pard_offset0_n32_isl4096_osl32768_bs32_k9_20260614_temp1rl,Qwen/Qwen3-235B-A22B,/lustre/fsw/coreai_dlalgo_llm/users/sna/vllm-benchmark/data/swebench_full_test_prompts_all.jsonl,0,32,32,1,32,4096,32768,4,1,4,True,draft_model,True,9,amd/PARD-Qwen3-0.6B,5262.812116771936,5262.812116771936,199.2425297985305,49.81063244963263,0.7673039855988458,True,7.0304042591880345,1.632736383326923,0.6327363833269232,642209,5779881,406349,"33.3205,13.3237,7.2473,3.9475,2.3380,1.3770,0.8469,0.5167,0.3561",/lustre/fsw/coreai_dlalgo_llm/users/sna/vllm-benchmark/vllm-runs/qwen235b_a22b_swe_full_osl32k_bsweep_lyris_tp4_fp8kv_bs32_pard_offset0_n32_isl4096_osl32768_bs32_k9_20260614_temp1rl/breakdown.json
full_osl32k_qwen235b_suffix_k16,qwen235b_a22b_swe_full_osl32k_bsweep_lyris_tp4_fp8kv_bs32_suffix_offset0_n32_isl4096_osl32768_bs32_k16_arctic_20260614_temp1rl,Qwen/Qwen3-235B-A22B,/lustre/fsw/coreai_dlalgo_llm/users/sna/vllm-benchmark/data/swebench_full_test_prompts_all.jsonl,0,32,32,1,32,4096,32768,4,1,4,True,suffix,,16,,2907.0416256099707,2907.0416256099707,360.702093414291,90.17552335357276,1.3891017854997842,True,48.91887927240722,2.695165948927562,1.6951659489275621,383612,1329315,650286,"34.0956,20.3166,15.2138,13.2392,12.3109,11.5604,11.2350,10.8443,10.6159,10.3029,10.0589,9.7231,0.0000,0.0000,0.0000,0.0000",/lustre/fsw/coreai_dlalgo_llm/users/sna/vllm-benchmark/vllm-runs/qwen235b_a22b_swe_full_osl32k_bsweep_lyris_tp4_fp8kv_bs32_suffix_offset0_n32_isl4096_osl32768_bs32_k16_arctic_20260614_temp1rl/breakdown.json
full_osl32k_qwen235b_suffix_k8,qwen235b_a22b_swe_full_osl32k_bsweep_lyris_tp4_fp8kv_bs32_suffix_offset0_n32_isl4096_osl32768_bs32_k8_arctic_20260614_temp1rl,Qwen/Qwen3-235B-A22B,/lustre/fsw/coreai_dlalgo_llm/users/sna/vllm-benchmark/data/swebench_full_test_prompts_all.jsonl,0,32,32,1,32,4096,32768,4,1,4,True,suffix,,8,,2780.113807163001,2780.113807163001,377.1701709830474,94.29254274576185,1.4525220882154493,True,47.23962669403737,2.504724886176499,1.504724886176499,412920,1315275,621331,"36.4993,23.2733,18.2268,16.1409,15.1603,14.2769,13.7785,13.1166",/lustre/fsw/coreai_dlalgo_llm/users/sna/vllm-benchmark/vllm-runs/qwen235b_a22b_swe_full_osl32k_bsweep_lyris_tp4_fp8kv_bs32_suffix_offset0_n32_isl4096_osl32768_bs32_k8_arctic_20260614_temp1rl/breakdown.json
verified_osl32k_qwen235b_baseline,qwen235b_a22b_swe_verified_osl32k_bsweep_lyris_tp4_fp8kv_bs2_baseline_offset0_n2_isl4096_osl32768_bs2_20260614_temp1rl,Qwen/Qwen3-235B-A22B,/lustre/fsw/coreai_dlalgo_llm/users/sna/vllm-benchmark/data/swebench_verified_prompts_all.jsonl,0,2,2,1,2,4096,32768,4,1,4,False,,,,,3975.435486182978,3975.435486182978,16.485237963935496,4.121309490983874,1.0,False,,,,,,,,/lustre/fsw/coreai_dlalgo_llm/users/sna/vllm-benchmark/vllm-runs/qwen235b_a22b_swe_verified_osl32k_bsweep_lyris_tp4_fp8kv_bs2_baseline_offset0_n2_isl4096_osl32768_bs2_20260614_temp1rl/breakdown.json
verified_osl32k_qwen235b_eagle3_k11,qwen235b_a22b_swe_verified_osl32k_bsweep_lyris_tp4_fp8kv_bs2_eagle3_offset0_n2_isl4096_osl32768_bs2_k11_20260614_temp1rl,Qwen/Qwen3-235B-A22B,/lustre/fsw/coreai_dlalgo_llm/users/sna/vllm-benchmark/data/swebench_verified_prompts_all.jsonl,0,2,2,1,2,4096,32768,4,1,4,True,eagle3,,11,nvidia/Qwen3-235B-A22B-Eagle3,2743.060829621041,2743.060829621041,23.891559127055128,5.972889781763782,1.4492698970631985,True,7.401069518716577,1.8141176470588234,0.8141176470588235,36125,397375,29410,"41.4588,19.3329,6.7211,3.4491,2.1924,1.7218,1.4754,1.3453,1.2734,1.2401,1.2014",/lustre/fsw/coreai_dlalgo_llm/users/sna/vllm-benchmark/vllm-runs/qwen235b_a22b_swe_verified_osl32k_bsweep_lyris_tp4_fp8kv_bs2_eagle3_offset0_n2_isl4096_osl32768_bs2_k11_20260614_temp1rl/breakdown.json
verified_osl32k_qwen235b_eagle3_k9,qwen235b_a22b_swe_verified_osl32k_bsweep_lyris_tp4_fp8kv_bs2_eagle3_offset0_n2_isl4096_osl32768_bs2_k9_20260614_temp1rl,Qwen/Qwen3-235B-A22B,/lustre/fsw/coreai_dlalgo_llm/users/sna/vllm-benchmark/data/swebench_verified_prompts_all.jsonl,0,2,2,1,2,4096,32768,4,1,4,True,eagle3,,9,nvidia/Qwen3-235B-A22B-Eagle3,2735.1741530889994,2735.1741530889994,23.960448707072707,5.990112176768177,1.4534487618250107,True,10.8729415947965,1.9785647435316849,0.9785647435316849,33123,298107,32413,"50.1676,23.1471,8.3356,4.3535,3.0402,2.5752,2.2673,2.0650,1.9050",/lustre/fsw/coreai_dlalgo_llm/users/sna/vllm-benchmark/vllm-runs/qwen235b_a22b_swe_verified_osl32k_bsweep_lyris_tp4_fp8kv_bs2_eagle3_offset0_n2_isl4096_osl32768_bs2_k9_20260614_temp1rl/breakdown.json
verified_osl32k_qwen235b_pard2_k11,qwen235b_a22b_swe_verified_osl32k_bsweep_lyris_tp4_fp8kv_bs2_pard2_offset0_n2_isl4096_osl32768_bs2_k11_20260614_temp1rl,Qwen/Qwen3-235B-A22B,/lustre/fsw/coreai_dlalgo_llm/users/sna/vllm-benchmark/data/swebench_verified_prompts_all.jsonl,0,2,2,1,2,4096,32768,4,1,4,True,pard2,True,11,amd/PARD2-Qwen3-8B,4630.475482322974,4630.475482322974,14.153190152973773,3.538297538243443,0.8585372066776646,True,0.8643685704042632,1.095080542744469,0.09508054274446895,59844,658284,5690,"6.4852,1.7546,0.6701,0.2958,0.1537,0.0668,0.0317,0.0167,0.0134,0.0100,0.0100",/lustre/fsw/coreai_dlalgo_llm/users/sna/vllm-benchmark/vllm-runs/qwen235b_a22b_swe_verified_osl32k_bsweep_lyris_tp4_fp8kv_bs2_pard2_offset0_n2_isl4096_osl32768_bs2_k11_20260614_temp1rl/breakdown.json
verified_osl32k_qwen235b_pard2_k9,qwen235b_a22b_swe_verified_osl32k_bsweep_lyris_tp4_fp8kv_bs2_pard2_offset0_n2_isl4096_osl32768_bs2_k9_20260614_temp1rl,Qwen/Qwen3-235B-A22B,/lustre/fsw/coreai_dlalgo_llm/users/sna/vllm-benchmark/data/swebench_verified_prompts_all.jsonl,0,2,2,1,2,4096,32768,4,1,4,True,pard2,True,9,amd/PARD2-Qwen3-8B,4599.489180407021,4599.489180407021,14.248538789735894,3.5621346974339736,0.8643210865931814,True,1.0080499753119296,1.0907244977780737,0.09072449777807366,60083,540747,5451,"6.2314,1.6810,0.6474,0.2563,0.1198,0.0632,0.0300,0.0233,0.0200",/lustre/fsw/coreai_dlalgo_llm/users/sna/vllm-benchmark/vllm-runs/qwen235b_a22b_swe_verified_osl32k_bsweep_lyris_tp4_fp8kv_bs2_pard2_offset0_n2_isl4096_osl32768_bs2_k9_20260614_temp1rl/breakdown.json
verified_osl32k_qwen235b_pard_k11,qwen235b_a22b_swe_verified_osl32k_bsweep_lyris_tp4_fp8kv_bs2_pard_offset0_n2_isl4096_osl32768_bs2_k11_20260614_temp1rl,Qwen/Qwen3-235B-A22B,/lustre/fsw/coreai_dlalgo_llm/users/sna/vllm-benchmark/data/swebench_verified_prompts_all.jsonl,0,2,2,1,2,4096,32768,4,1,4,True,draft_model,True,11,amd/PARD-Qwen3-0.6B,3789.505305666011,3789.505305666011,17.29407791091137,4.323519477727842,1.049064499326328,True,6.150690283928107,1.6765759312320916,0.6765759312320917,39088,429968,26446,"36.1569,16.9029,7.5138,3.9168,1.7422,0.7470,0.4144,0.1458,0.0844,0.0230,0.0102",/lustre/fsw/coreai_dlalgo_llm/users/sna/vllm-benchmark/vllm-runs/qwen235b_a22b_swe_verified_osl32k_bsweep_lyris_tp4_fp8kv_bs2_pard_offset0_n2_isl4096_osl32768_bs2_k11_20260614_temp1rl/breakdown.json
verified_osl32k_qwen235b_pard_k9,qwen235b_a22b_swe_verified_osl32k_bsweep_lyris_tp4_fp8kv_bs2_pard_offset0_n2_isl4096_osl32768_bs2_k9_20260614_temp1rl,Qwen/Qwen3-235B-A22B,/lustre/fsw/coreai_dlalgo_llm/users/sna/vllm-benchmark/data/swebench_verified_prompts_all.jsonl,0,2,2,1,2,4096,32768,4,1,4,True,draft_model,True,9,amd/PARD-Qwen3-0.6B,3630.487523849006,3630.487523849006,18.051570090652564,4.512892522663141,1.0950142260696332,True,5.3228411222452925,1.4790557010020764,0.4790557010020764,44308,398772,21226,"29.5590,10.5105,4.6922,1.8349,0.7719,0.3160,0.1377,0.0474,0.0361",/lustre/fsw/coreai_dlalgo_llm/users/sna/vllm-benchmark/vllm-runs/qwen235b_a22b_swe_verified_osl32k_bsweep_lyris_tp4_fp8kv_bs2_pard_offset0_n2_isl4096_osl32768_bs2_k9_20260614_temp1rl/breakdown.json
verified_osl32k_qwen235b_suffix_k16,qwen235b_a22b_swe_verified_osl32k_bsweep_lyris_tp4_fp8kv_bs2_suffix_offset0_n2_isl4096_osl32768_bs2_k16_arctic_20260614_temp1rl,Qwen/Qwen3-235B-A22B,/lustre/fsw/coreai_dlalgo_llm/users/sna/vllm-benchmark/data/swebench_verified_prompts_all.jsonl,0,2,2,1,2,4096,32768,4,1,4,True,suffix,,16,,2220.21805758297,2220.21805758297,29.51782135820725,7.3794553395518125,1.790560829196578,True,38.88929547228728,2.0481622723387467,1.0481622723387467,30418,81984,31883,"28.5620,13.8799,9.1952,7.6435,6.8939,6.3811,6.1444,5.6841,5.4902,5.2272,5.0135,4.7012,0.0000,0.0000,0.0000,0.0000",/lustre/fsw/coreai_dlalgo_llm/users/sna/vllm-benchmark/vllm-runs/qwen235b_a22b_swe_verified_osl32k_bsweep_lyris_tp4_fp8kv_bs2_suffix_offset0_n2_isl4096_osl32768_bs2_k16_arctic_20260614_temp1rl/breakdown.json
verified_osl32k_qwen235b_suffix_k8,qwen235b_a22b_swe_verified_osl32k_bsweep_lyris_tp4_fp8kv_bs2_suffix_offset0_n2_isl4096_osl32768_bs2_k8_arctic_20260614_temp1rl,Qwen/Qwen3-235B-A22B,/lustre/fsw/coreai_dlalgo_llm/users/sna/vllm-benchmark/data/swebench_verified_prompts_all.jsonl,0,2,2,1,2,4096,32768,4,1,4,True,suffix,,8,,1698.128405586991,1698.128405586991,38.59307681585258,9.648269203963144,2.3410688338428636,True,61.04819631283509,3.1164224012423567,2.1164224012423567,20606,71437,43611,"44.2395,30.9667,25.9002,23.8280,22.8817,21.7218,21.3239,20.7804",/lustre/fsw/coreai_dlalgo_llm/users/sna/vllm-benchmark/vllm-runs/qwen235b_a22b_swe_verified_osl32k_bsweep_lyris_tp4_fp8kv_bs2_suffix_offset0_n2_isl4096_osl32768_bs2_k8_arctic_20260614_temp1rl/breakdown.json
verified_osl32k_qwen235b_baseline,qwen235b_a22b_swe_verified_osl32k_bsweep_lyris_tp4_fp8kv_bs4_baseline_offset0_n4_isl4096_osl32768_bs4_20260614_temp1rl,Qwen/Qwen3-235B-A22B,/lustre/fsw/coreai_dlalgo_llm/users/sna/vllm-benchmark/data/swebench_verified_prompts_all.jsonl,0,4,4,1,4,4096,32768,4,1,4,False,,,,,3900.1209045480937,3900.1209045480937,33.60716326695192,8.40179081673798,1.0,False,,,,,,,,/lustre/fsw/coreai_dlalgo_llm/users/sna/vllm-benchmark/vllm-runs/qwen235b_a22b_swe_verified_osl32k_bsweep_lyris_tp4_fp8kv_bs4_baseline_offset0_n4_isl4096_osl32768_bs4_20260614_temp1rl/breakdown.json
verified_osl32k_qwen235b_eagle3_k11,qwen235b_a22b_swe_verified_osl32k_bsweep_lyris_tp4_fp8kv_bs4_eagle3_offset0_n4_isl4096_osl32768_bs4_k11_20260614_temp1rl,Qwen/Qwen3-235B-A22B,/lustre/fsw/coreai_dlalgo_llm/users/sna/vllm-benchmark/data/swebench_verified_prompts_all.jsonl,0,4,4,1,4,4096,32768,4,1,4,True,eagle3,,11,nvidia/Qwen3-235B-A22B-Eagle3,2956.4086707459064,2956.4086707459064,44.33487200094375,11.083718000235937,1.319208992701299,True,9.210834929552297,2.0131918422507527,1.0131918422507524,65116,716276,65975,"50.2595,24.6422,10.6180,3.7641,2.3973,1.8920,1.6816,1.5803,1.5219,1.4973,1.4651",/lustre/fsw/coreai_dlalgo_llm/users/sna/vllm-benchmark/vllm-runs/qwen235b_a22b_swe_verified_osl32k_bsweep_lyris_tp4_fp8kv_bs4_eagle3_offset0_n4_isl4096_osl32768_bs4_k11_20260614_temp1rl/breakdown.json
verified_osl32k_qwen235b_eagle3_k9,qwen235b_a22b_swe_verified_osl32k_bsweep_lyris_tp4_fp8kv_bs4_eagle3_offset0_n4_isl4096_osl32768_bs4_k9_20260614_temp1rl,Qwen/Qwen3-235B-A22B,/lustre/fsw/coreai_dlalgo_llm/users/sna/vllm-benchmark/data/swebench_verified_prompts_all.jsonl,0,4,4,1,4,4096,32768,4,1,4,True,eagle3,,9,nvidia/Qwen3-235B-A22B-Eagle3,3547.227771209029,3547.227771209029,36.950545173287736,9.237636293321934,1.099484204595857,True,7.542228996508965,1.678800609685807,0.6788006096858069,78073,702657,52996,"40.7900,18.7337,6.2685,1.5562,0.3702,0.0871,0.0371,0.0218,0.0154",/lustre/fsw/coreai_dlalgo_llm/users/sna/vllm-benchmark/vllm-runs/qwen235b_a22b_swe_verified_osl32k_bsweep_lyris_tp4_fp8kv_bs4_eagle3_offset0_n4_isl4096_osl32768_bs4_k9_20260614_temp1rl/breakdown.json
verified_osl32k_qwen235b_pard2_k11,qwen235b_a22b_swe_verified_osl32k_bsweep_lyris_tp4_fp8kv_bs4_pard2_offset0_n4_isl4096_osl32768_bs4_k11_20260614_temp1rl,Qwen/Qwen3-235B-A22B,/lustre/fsw/coreai_dlalgo_llm/users/sna/vllm-benchmark/data/swebench_verified_prompts_all.jsonl,0,4,4,1,4,4096,32768,4,1,4,True,pard2,True,11,amd/PARD2-Qwen3-8B,4785.66282942798,4785.66282942798,27.388473586984137,6.847118396746034,0.8149593992634594,True,1.4041572214085931,1.1544572943549452,0.15445729435494526,113533,1248863,17536,"10.6577,2.0258,1.1741,0.6192,0.4078,0.2061,0.1356,0.0934,0.0599,0.0396,0.0264",/lustre/fsw/coreai_dlalgo_llm/users/sna/vllm-benchmark/vllm-runs/qwen235b_a22b_swe_verified_osl32k_bsweep_lyris_tp4_fp8kv_bs4_pard2_offset0_n4_isl4096_osl32768_bs4_k11_20260614_temp1rl/breakdown.json
verified_osl32k_qwen235b_pard2_k9,qwen235b_a22b_swe_verified_osl32k_bsweep_lyris_tp4_fp8kv_bs4_pard2_offset0_n4_isl4096_osl32768_bs4_k9_20260614_temp1rl,Qwen/Qwen3-235B-A22B,/lustre/fsw/coreai_dlalgo_llm/users/sna/vllm-benchmark/data/swebench_verified_prompts_all.jsonl,0,4,4,1,4,4096,32768,4,1,4,True,pard2,True,9,amd/PARD2-Qwen3-8B,4651.896813141997,4651.896813141997,28.176033404204205,7.044008351051051,0.8383936835249497,True,1.1994191692918637,1.1079477252362677,0.10794772523626774,118298,1064682,12770,"7.1362,1.8318,0.8529,0.4328,0.2375,0.1310,0.0854,0.0533,0.0338",/lustre/fsw/coreai_dlalgo_llm/users/sna/vllm-benchmark/vllm-runs/qwen235b_a22b_swe_verified_osl32k_bsweep_lyris_tp4_fp8kv_bs4_pard2_offset0_n4_isl4096_osl32768_bs4_k9_20260614_temp1rl/breakdown.json
verified_osl32k_qwen235b_pard_k11,qwen235b_a22b_swe_verified_osl32k_bsweep_lyris_tp4_fp8kv_bs4_pard_offset0_n4_isl4096_osl32768_bs4_k11_20260614_temp1rl,Qwen/Qwen3-235B-A22B,/lustre/fsw/coreai_dlalgo_llm/users/sna/vllm-benchmark/data/swebench_verified_prompts_all.jsonl,0,4,4,1,4,4096,32768,4,1,4,True,draft_model,True,11,amd/PARD-Qwen3-0.6B,4120.7396776879905,4120.7396776879905,31.807881655251787,7.951970413812947,0.946461366066279,True,4.578462526815725,1.5036308779497298,0.5036308779497298,87169,958859,43901,"28.3874,8.9814,4.6989,3.0676,1.8562,1.1816,0.8248,0.5449,0.3683,0.2593,0.1927",/lustre/fsw/coreai_dlalgo_llm/users/sna/vllm-benchmark/vllm-runs/qwen235b_a22b_swe_verified_osl32k_bsweep_lyris_tp4_fp8kv_bs4_pard_offset0_n4_isl4096_osl32768_bs4_k11_20260614_temp1rl/breakdown.json
verified_osl32k_qwen235b_pard_k9,qwen235b_a22b_swe_verified_osl32k_bsweep_lyris_tp4_fp8kv_bs4_pard_offset0_n4_isl4096_osl32768_bs4_k9_20260614_temp1rl,Qwen/Qwen3-235B-A22B,/lustre/fsw/coreai_dlalgo_llm/users/sna/vllm-benchmark/data/swebench_verified_prompts_all.jsonl,0,4,4,1,4,4096,32768,4,1,4,True,draft_model,True,9,amd/PARD-Qwen3-0.6B,3956.2215561929625,3956.2215561929625,33.13060154450233,8.282650386125583,0.9858196385495522,True,5.909286875581111,1.5318358188023,0.5318358188023,85564,770076,45506,"30.5748,10.9018,5.0804,2.9054,1.6970,1.0916,0.4500,0.3004,0.1823",/lustre/fsw/coreai_dlalgo_llm/users/sna/vllm-benchmark/vllm-runs/qwen235b_a22b_swe_verified_osl32k_bsweep_lyris_tp4_fp8kv_bs4_pard_offset0_n4_isl4096_osl32768_bs4_k9_20260614_temp1rl/breakdown.json
verified_osl32k_qwen235b_suffix_k16,qwen235b_a22b_swe_verified_osl32k_bsweep_lyris_tp4_fp8kv_bs4_suffix_offset0_n4_isl4096_osl32768_bs4_k16_arctic_20260614_temp1rl,Qwen/Qwen3-235B-A22B,/lustre/fsw/coreai_dlalgo_llm/users/sna/vllm-benchmark/data/swebench_verified_prompts_all.jsonl,0,4,4,1,4,4096,32768,4,1,4,True,suffix,,16,,2029.1655192930484,2029.1655192930484,64.59404063088203,16.14851015772051,1.9220319227121885,True,46.82108687577648,2.357287393023558,1.357287393023558,53867,156154,73113,"29.3593,16.3774,12.0315,10.5166,9.7852,9.1058,8.7902,8.3483,8.1757,7.9752,7.7803,7.4832,0.0000,0.0000,0.0000,0.0000",/lustre/fsw/coreai_dlalgo_llm/users/sna/vllm-benchmark/vllm-runs/qwen235b_a22b_swe_verified_osl32k_bsweep_lyris_tp4_fp8kv_bs4_suffix_offset0_n4_isl4096_osl32768_bs4_k16_arctic_20260614_temp1rl/breakdown.json
verified_osl32k_qwen235b_suffix_k8,qwen235b_a22b_swe_verified_osl32k_bsweep_lyris_tp4_fp8kv_bs4_suffix_offset0_n4_isl4096_osl32768_bs4_k8_arctic_20260614_temp1rl,Qwen/Qwen3-235B-A22B,/lustre/fsw/coreai_dlalgo_llm/users/sna/vllm-benchmark/data/swebench_verified_prompts_all.jsonl,0,4,4,1,4,4096,32768,4,1,4,True,suffix,,8,,2288.988748223055,2288.988748223055,57.26196780204855,14.315491950512138,1.7038619816614489,True,52.51459050741257,2.627901735406806,1.6279017354068064,48807,151297,79453,"39.1050,25.0517,19.7390,17.4831,16.4526,15.4466,15.0429,14.4692",/lustre/fsw/coreai_dlalgo_llm/users/sna/vllm-benchmark/vllm-runs/qwen235b_a22b_swe_verified_osl32k_bsweep_lyris_tp4_fp8kv_bs4_suffix_offset0_n4_isl4096_osl32768_bs4_k8_arctic_20260614_temp1rl/breakdown.json
verified_osl32k_qwen235b_baseline,qwen235b_a22b_swe_verified_osl32k_bsweep_lyris_tp4_fp8kv_bs8_baseline_offset0_n8_isl4096_osl32768_bs8_20260614_temp1rl,Qwen/Qwen3-235B-A22B,/lustre/fsw/coreai_dlalgo_llm/users/sna/vllm-benchmark/data/swebench_verified_prompts_all.jsonl,0,8,8,1,8,4096,32768,4,1,4,False,,,,,4087.2674226659583,4087.2674226659583,64.13673804319222,16.034184510798056,1.0,False,,,,,,,,/lustre/fsw/coreai_dlalgo_llm/users/sna/vllm-benchmark/vllm-runs/qwen235b_a22b_swe_verified_osl32k_bsweep_lyris_tp4_fp8kv_bs8_baseline_offset0_n8_isl4096_osl32768_bs8_20260614_temp1rl/breakdown.json
verified_osl32k_qwen235b_eagle3_k11,qwen235b_a22b_swe_verified_osl32k_bsweep_lyris_tp4_fp8kv_bs8_eagle3_offset0_n8_isl4096_osl32768_bs8_k11_20260614_temp1rl,Qwen/Qwen3-235B-A22B,/lustre/fsw/coreai_dlalgo_llm/users/sna/vllm-benchmark/data/swebench_verified_prompts_all.jsonl,0,8,8,1,8,4096,32768,4,1,4,True,eagle3,,11,nvidia/Qwen3-235B-A22B-Eagle3,2886.901750199031,2886.901750199031,90.80461431772905,22.701153579432262,1.4157972027915984,True,8.24920724584573,1.9074127970430304,0.9074127970430304,137438,1511818,124713,"57.0897,21.1135,8.9204,2.3298,0.6177,0.2285,0.1244,0.0975,0.0800,0.0735,0.0662",/lustre/fsw/coreai_dlalgo_llm/users/sna/vllm-benchmark/vllm-runs/qwen235b_a22b_swe_verified_osl32k_bsweep_lyris_tp4_fp8kv_bs8_eagle3_offset0_n8_isl4096_osl32768_bs8_k11_20260614_temp1rl/breakdown.json
verified_osl32k_qwen235b_eagle3_k9,qwen235b_a22b_swe_verified_osl32k_bsweep_lyris_tp4_fp8kv_bs8_eagle3_offset0_n8_isl4096_osl32768_bs8_k9_20260614_temp1rl,Qwen/Qwen3-235B-A22B,/lustre/fsw/coreai_dlalgo_llm/users/sna/vllm-benchmark/data/swebench_verified_prompts_all.jsonl,0,8,8,1,8,4096,32768,4,1,4,True,eagle3,,9,nvidia/Qwen3-235B-A22B-Eagle3,3371.332350681012,3371.332350681012,77.7567954541909,19.439198863547723,1.2123596838028523,True,8.979570564936418,1.8081613508442778,0.8081613508442776,144976,1304784,117164,"46.4063,22.6631,7.9310,2.2549,0.6318,0.2863,0.2242,0.2124,0.2062",/lustre/fsw/coreai_dlalgo_llm/users/sna/vllm-benchmark/vllm-runs/qwen235b_a22b_swe_verified_osl32k_bsweep_lyris_tp4_fp8kv_bs8_eagle3_offset0_n8_isl4096_osl32768_bs8_k9_20260614_temp1rl/breakdown.json
verified_osl32k_qwen235b_pard2_k11,qwen235b_a22b_swe_verified_osl32k_bsweep_lyris_tp4_fp8kv_bs8_pard2_offset0_n8_isl4096_osl32768_bs8_k11_20260614_temp1rl,Qwen/Qwen3-235B-A22B,/lustre/fsw/coreai_dlalgo_llm/users/sna/vllm-benchmark/data/swebench_verified_prompts_all.jsonl,0,8,8,1,8,4096,32768,4,1,4,True,pard2,True,11,amd/PARD2-Qwen3-8B,4877.884225065936,4877.884225065936,53.74133290268006,13.435333225670014,0.8379180878592315,True,1.316987913251114,1.1448686704576225,0.14486867045762253,228966,2518626,33170,"11.1130,1.7282,0.7674,0.3765,0.2127,0.1153,0.0734,0.0459,0.0275,0.0170,0.0100",/lustre/fsw/coreai_dlalgo_llm/users/sna/vllm-benchmark/vllm-runs/qwen235b_a22b_swe_verified_osl32k_bsweep_lyris_tp4_fp8kv_bs8_pard2_offset0_n8_isl4096_osl32768_bs8_k11_20260614_temp1rl/breakdown.json
verified_osl32k_qwen235b_pard2_k9,qwen235b_a22b_swe_verified_osl32k_bsweep_lyris_tp4_fp8kv_bs8_pard2_offset0_n8_isl4096_osl32768_bs8_k9_20260614_temp1rl,Qwen/Qwen3-235B-A22B,/lustre/fsw/coreai_dlalgo_llm/users/sna/vllm-benchmark/data/swebench_verified_prompts_all.jsonl,0,8,8,1,8,4096,32768,4,1,4,True,pard2,True,9,amd/PARD2-Qwen3-8B,4803.378099723021,4803.378099723021,54.57492509596863,13.643731273992158,0.8509151971404549,True,3.2968935496636327,1.296720419469727,0.29672041946972694,202160,1819440,59985,"12.9922,5.1291,2.9017,2.0479,1.6324,1.4637,1.3390,1.1446,1.0215",/lustre/fsw/coreai_dlalgo_llm/users/sna/vllm-benchmark/vllm-runs/qwen235b_a22b_swe_verified_osl32k_bsweep_lyris_tp4_fp8kv_bs8_pard2_offset0_n8_isl4096_osl32768_bs8_k9_20260614_temp1rl/breakdown.json
verified_osl32k_qwen235b_pard_k11,qwen235b_a22b_swe_verified_osl32k_bsweep_lyris_tp4_fp8kv_bs8_pard_offset0_n8_isl4096_osl32768_bs8_k11_20260614_temp1rl,Qwen/Qwen3-235B-A22B,/lustre/fsw/coreai_dlalgo_llm/users/sna/vllm-benchmark/data/swebench_verified_prompts_all.jsonl,0,8,8,1,8,4096,32768,4,1,4,True,draft_model,True,11,amd/PARD-Qwen3-0.6B,4326.191010649025,4326.191010649025,60.59464303696396,15.14866075924099,0.94477276028845,True,4.906963506284489,1.5397659856912937,0.5397659856912937,170246,1872706,91893,"28.8066,11.0857,5.5249,3.1648,2.2391,1.1648,0.8858,0.4123,0.3295,0.1927,0.1703",/lustre/fsw/coreai_dlalgo_llm/users/sna/vllm-benchmark/vllm-runs/qwen235b_a22b_swe_verified_osl32k_bsweep_lyris_tp4_fp8kv_bs8_pard_offset0_n8_isl4096_osl32768_bs8_k11_20260614_temp1rl/breakdown.json
verified_osl32k_qwen235b_pard_k9,qwen235b_a22b_swe_verified_osl32k_bsweep_lyris_tp4_fp8kv_bs8_pard_offset0_n8_isl4096_osl32768_bs8_k9_20260614_temp1rl,Qwen/Qwen3-235B-A22B,/lustre/fsw/coreai_dlalgo_llm/users/sna/vllm-benchmark/data/swebench_verified_prompts_all.jsonl,0,8,8,1,8,4096,32768,4,1,4,True,draft_model,True,9,amd/PARD-Qwen3-0.6B,4125.333615840995,4125.333615840995,63.54492131094204,15.88623032773551,0.9907725782397658,True,6.827589557667343,1.6144830601900608,0.6144830601900609,162369,1461321,99773,"34.9291,11.2306,6.3830,3.1970,2.2049,1.2675,0.9318,0.6935,0.6110",/lustre/fsw/coreai_dlalgo_llm/users/sna/vllm-benchmark/vllm-runs/qwen235b_a22b_swe_verified_osl32k_bsweep_lyris_tp4_fp8kv_bs8_pard_offset0_n8_isl4096_osl32768_bs8_k9_20260614_temp1rl/breakdown.json
verified_osl32k_qwen235b_suffix_k16,qwen235b_a22b_swe_verified_osl32k_bsweep_lyris_tp4_fp8kv_bs8_suffix_offset0_n8_isl4096_osl32768_bs8_k16_arctic_20260614_temp1rl,Qwen/Qwen3-235B-A22B,/lustre/fsw/coreai_dlalgo_llm/users/sna/vllm-benchmark/data/swebench_verified_prompts_all.jsonl,0,8,8,1,8,4096,32768,4,1,4,True,suffix,,16,,2506.0642392680747,2506.0642392680747,104.6038628589035,26.150965714725874,1.6309507787636333,True,48.77994283745915,2.581193228113589,1.581193228113589,99411,322239,157188,"32.6121,18.6951,13.8687,12.1224,11.4172,10.7493,10.4566,10.1015,9.8943,9.6428,9.4134,9.1459,0.0000,0.0000,0.0000,0.0000",/lustre/fsw/coreai_dlalgo_llm/users/sna/vllm-benchmark/vllm-runs/qwen235b_a22b_swe_verified_osl32k_bsweep_lyris_tp4_fp8kv_bs8_suffix_offset0_n8_isl4096_osl32768_bs8_k16_arctic_20260614_temp1rl/breakdown.json
verified_osl32k_qwen235b_suffix_k8,qwen235b_a22b_swe_verified_osl32k_bsweep_lyris_tp4_fp8kv_bs8_suffix_offset0_n8_isl4096_osl32768_bs8_k8_arctic_20260614_temp1rl,Qwen/Qwen3-235B-A22B,/lustre/fsw/coreai_dlalgo_llm/users/sna/vllm-benchmark/data/swebench_verified_prompts_all.jsonl,0,8,8,1,8,4096,32768,4,1,4,True,suffix,,8,,2566.267975603,2566.267975603,102.14989334401197,25.537473336002993,1.5926892520667355,True,46.25430737422467,2.3531994061257033,1.3531994061257033,109114,319220,147653,"34.6225,20.9625,16.0438,14.1494,13.2907,12.5309,12.1295,11.5906",/lustre/fsw/coreai_dlalgo_llm/users/sna/vllm-benchmark/vllm-runs/qwen235b_a22b_swe_verified_osl32k_bsweep_lyris_tp4_fp8kv_bs8_suffix_offset0_n8_isl4096_osl32768_bs8_k8_arctic_20260614_temp1rl/breakdown.json
verified_osl32k_qwen235b_baseline,qwen235b_a22b_swe_verified_osl32k_bsweep_lyris_tp4_fp8kv_bs16_baseline_offset0_n16_isl4096_osl32768_bs16_20260614_temp1rl,Qwen/Qwen3-235B-A22B,/lustre/fsw/coreai_dlalgo_llm/users/sna/vllm-benchmark/data/swebench_verified_prompts_all.jsonl,0,16,16,1,16,4096,32768,4,1,4,False,,,,,4003.108345507062,4003.108345507062,130.9702248225285,32.74255620563213,1.0,False,,,,,,,,/lustre/fsw/coreai_dlalgo_llm/users/sna/vllm-benchmark/vllm-runs/qwen235b_a22b_swe_verified_osl32k_bsweep_lyris_tp4_fp8kv_bs16_baseline_offset0_n16_isl4096_osl32768_bs16_20260614_temp1rl/breakdown.json
verified_osl32k_qwen235b_eagle3_k11,qwen235b_a22b_swe_verified_osl32k_bsweep_lyris_tp4_fp8kv_bs16_eagle3_offset0_n16_isl4096_osl32768_bs16_k11_20260614_temp1rl,Qwen/Qwen3-235B-A22B,/lustre/fsw/coreai_dlalgo_llm/users/sna/vllm-benchmark/data/swebench_verified_prompts_all.jsonl,0,16,16,1,16,4096,32768,4,1,4,True,eagle3,,11,nvidia/Qwen3-235B-A22B-Eagle3,3429.873930539936,3429.873930539936,152.85926264860288,38.21481566215072,1.1671298789914666,True,8.030078792407087,1.8833086671647796,0.8833086671647796,278384,3062224,245899,"46.4933,23.9051,10.0085,2.9262,1.2443,0.7479,0.6563,0.6171,0.5906,0.5758,0.5658",/lustre/fsw/coreai_dlalgo_llm/users/sna/vllm-benchmark/vllm-runs/qwen235b_a22b_swe_verified_osl32k_bsweep_lyris_tp4_fp8kv_bs16_eagle3_offset0_n16_isl4096_osl32768_bs16_k11_20260614_temp1rl/breakdown.json
verified_osl32k_qwen235b_eagle3_k9,qwen235b_a22b_swe_verified_osl32k_bsweep_lyris_tp4_fp8kv_bs16_eagle3_offset0_n16_isl4096_osl32768_bs16_k9_20260614_temp1rl,Qwen/Qwen3-235B-A22B,/lustre/fsw/coreai_dlalgo_llm/users/sna/vllm-benchmark/data/swebench_verified_prompts_all.jsonl,0,16,16,1,16,4096,32768,4,1,4,True,eagle3,,9,nvidia/Qwen3-235B-A22B-Eagle3,3815.235511124949,3815.235511124949,137.4195638699667,34.35489096749168,1.0492427882457818,True,7.287366704461591,1.6558630034015431,0.6558630034015431,316621,2849589,207660,"41.9817,16.8760,5.1146,1.1976,0.3089,0.0717,0.0199,0.0092,0.0066",/lustre/fsw/coreai_dlalgo_llm/users/sna/vllm-benchmark/vllm-runs/qwen235b_a22b_swe_verified_osl32k_bsweep_lyris_tp4_fp8kv_bs16_eagle3_offset0_n16_isl4096_osl32768_bs16_k9_20260614_temp1rl/breakdown.json
verified_osl32k_qwen235b_pard2_k11,qwen235b_a22b_swe_verified_osl32k_bsweep_lyris_tp4_fp8kv_bs16_pard2_offset0_n16_isl4096_osl32768_bs16_k11_20260614_temp1rl,Qwen/Qwen3-235B-A22B,/lustre/fsw/coreai_dlalgo_llm/users/sna/vllm-benchmark/data/swebench_verified_prompts_all.jsonl,0,16,16,1,16,4096,32768,4,1,4,True,pard2,True,11,amd/PARD2-Qwen3-8B,4964.1558785709785,4964.1558785709785,105.61473346621132,26.40368336655283,0.806402627844037,True,1.3947720797578345,1.1534249287733618,0.15342492877336178,454535,4999885,69737,"10.5418,2.1035,0.9086,0.5045,0.3304,0.2314,0.1828,0.1544,0.1373,0.1272,0.1206",/lustre/fsw/coreai_dlalgo_llm/users/sna/vllm-benchmark/vllm-runs/qwen235b_a22b_swe_verified_osl32k_bsweep_lyris_tp4_fp8kv_bs16_pard2_offset0_n16_isl4096_osl32768_bs16_k11_20260614_temp1rl/breakdown.json
verified_osl32k_qwen235b_pard2_k9,qwen235b_a22b_swe_verified_osl32k_bsweep_lyris_tp4_fp8kv_bs16_pard2_offset0_n16_isl4096_osl32768_bs16_k9_20260614_temp1rl,Qwen/Qwen3-235B-A22B,/lustre/fsw/coreai_dlalgo_llm/users/sna/vllm-benchmark/data/swebench_verified_prompts_all.jsonl,0,16,16,1,16,4096,32768,4,1,4,True,pard2,True,9,amd/PARD2-Qwen3-8B,5049.521736280993,5049.521736280993,103.82923916001235,25.957309790003087,0.7927698016912347,True,1.2328491359672824,1.1109564222370554,0.1109564222370554,471915,4247235,52362,"7.8787,1.6986,0.7328,0.3460,0.1920,0.1053,0.0651,0.0441,0.0331",/lustre/fsw/coreai_dlalgo_llm/users/sna/vllm-benchmark/vllm-runs/qwen235b_a22b_swe_verified_osl32k_bsweep_lyris_tp4_fp8kv_bs16_pard2_offset0_n16_isl4096_osl32768_bs16_k9_20260614_temp1rl/breakdown.json
verified_osl32k_qwen235b_pard_k11,qwen235b_a22b_swe_verified_osl32k_bsweep_lyris_tp4_fp8kv_bs16_pard_offset0_n16_isl4096_osl32768_bs16_k11_20260614_temp1rl,Qwen/Qwen3-235B-A22B,/lustre/fsw/coreai_dlalgo_llm/users/sna/vllm-benchmark/data/swebench_verified_prompts_all.jsonl,0,16,16,1,16,4096,32768,4,1,4,True,draft_model,True,11,amd/PARD-Qwen3-0.6B,4786.7934950419585,4786.7934950419585,109.5280171461427,27.382004286535675,0.8362818136302269,True,5.364209579010668,1.5900630536911735,0.5900630536911734,329719,3626909,194555,"31.0710,12.8807,6.7485,3.7477,2.1027,1.0967,0.6557,0.3403,0.1871,0.1052,0.0707",/lustre/fsw/coreai_dlalgo_llm/users/sna/vllm-benchmark/vllm-runs/qwen235b_a22b_swe_verified_osl32k_bsweep_lyris_tp4_fp8kv_bs16_pard_offset0_n16_isl4096_osl32768_bs16_k11_20260614_temp1rl/breakdown.json
verified_osl32k_qwen235b_pard_k9,qwen235b_a22b_swe_verified_osl32k_bsweep_lyris_tp4_fp8kv_bs16_pard_offset0_n16_isl4096_osl32768_bs16_k9_20260614_temp1rl,Qwen/Qwen3-235B-A22B,/lustre/fsw/coreai_dlalgo_llm/users/sna/vllm-benchmark/data/swebench_verified_prompts_all.jsonl,0,16,16,1,16,4096,32768,4,1,4,True,draft_model,True,9,amd/PARD-Qwen3-0.6B,4293.02137626498,4293.02137626498,122.12564393428241,30.531410983570602,0.9324687660861011,True,6.4252438043785105,1.5782719423940659,0.578271942394066,332188,2989692,192095,"33.4515,12.4059,5.4427,2.8460,1.5822,0.9227,0.5563,0.3600,0.2598",/lustre/fsw/coreai_dlalgo_llm/users/sna/vllm-benchmark/vllm-runs/qwen235b_a22b_swe_verified_osl32k_bsweep_lyris_tp4_fp8kv_bs16_pard_offset0_n16_isl4096_osl32768_bs16_k9_20260614_temp1rl/breakdown.json
verified_osl32k_qwen235b_suffix_k16,qwen235b_a22b_swe_verified_osl32k_bsweep_lyris_tp4_fp8kv_bs16_suffix_offset0_n16_isl4096_osl32768_bs16_k16_arctic_20260614_temp1rl,Qwen/Qwen3-235B-A22B,/lustre/fsw/coreai_dlalgo_llm/users/sna/vllm-benchmark/data/swebench_verified_prompts_all.jsonl,0,16,16,1,16,4096,32768,4,1,4,True,suffix,,16,,3122.015803382965,3122.015803382965,167.93252597629075,41.98313149407269,1.2822191166263026,True,49.118924451575424,2.6269095092414902,1.6269095092414902,196451,650682,319608,"32.8800,19.2603,14.4352,12.5502,11.7424,11.1117,10.8154,10.4301,10.2585,9.9989,9.7582,9.4502,0.0000,0.0000,0.0000,0.0000",/lustre/fsw/coreai_dlalgo_llm/users/sna/vllm-benchmark/vllm-runs/qwen235b_a22b_swe_verified_osl32k_bsweep_lyris_tp4_fp8kv_bs16_suffix_offset0_n16_isl4096_osl32768_bs16_k16_arctic_20260614_temp1rl/breakdown.json
verified_osl32k_qwen235b_suffix_k8,qwen235b_a22b_swe_verified_osl32k_bsweep_lyris_tp4_fp8kv_bs16_suffix_offset0_n16_isl4096_osl32768_bs16_k8_arctic_20260614_temp1rl,Qwen/Qwen3-235B-A22B,/lustre/fsw/coreai_dlalgo_llm/users/sna/vllm-benchmark/data/swebench_verified_prompts_all.jsonl,0,16,16,1,16,4096,32768,4,1,4,True,suffix,,8,,3160.1857272130437,3160.1857272130437,165.90417312667495,41.47604328166874,1.2667319869953935,True,44.40084014176228,2.2582428942841934,1.2582428942841934,227317,644177,286020,"32.3394,19.1380,14.6131,13.0118,12.3431,11.7708,11.4862,11.1219",/lustre/fsw/coreai_dlalgo_llm/users/sna/vllm-benchmark/vllm-runs/qwen235b_a22b_swe_verified_osl32k_bsweep_lyris_tp4_fp8kv_bs16_suffix_offset0_n16_isl4096_osl32768_bs16_k8_arctic_20260614_temp1rl/breakdown.json
verified_osl32k_qwen235b_baseline,qwen235b_a22b_swe_verified_osl32k_bsweep_lyris_tp4_fp8kv_bs32_baseline_offset0_n32_isl4096_osl32768_bs32_20260614_temp1rl,Qwen/Qwen3-235B-A22B,/lustre/fsw/coreai_dlalgo_llm/users/sna/vllm-benchmark/data/swebench_verified_prompts_all.jsonl,0,32,32,1,32,4096,32768,4,1,4,False,,,,,4049.5220023909933,4049.5220023909933,258.9382152710568,64.7345538177642,1.0,False,,,,,,,,/lustre/fsw/coreai_dlalgo_llm/users/sna/vllm-benchmark/vllm-runs/qwen235b_a22b_swe_verified_osl32k_bsweep_lyris_tp4_fp8kv_bs32_baseline_offset0_n32_isl4096_osl32768_bs32_20260614_temp1rl/breakdown.json
verified_osl32k_qwen235b_eagle3_k11,qwen235b_a22b_swe_verified_osl32k_bsweep_lyris_tp4_fp8kv_bs32_eagle3_offset0_n32_isl4096_osl32768_bs32_k11_20260614_temp1rl,Qwen/Qwen3-235B-A22B,/lustre/fsw/coreai_dlalgo_llm/users/sna/vllm-benchmark/data/swebench_verified_prompts_all.jsonl,0,32,32,1,32,4096,32768,4,1,4,True,eagle3,,11,nvidia/Qwen3-235B-A22B-Eagle3,3578.468838763074,3578.468838763074,293.0236498475277,73.25591246188192,1.1316353962693002,True,6.916019049026391,1.760762095392903,0.760762095392903,595516,6550676,453046,"46.4122,19.1897,7.1844,2.0107,0.5755,0.2044,0.1280,0.1036,0.0940,0.0888,0.0850",/lustre/fsw/coreai_dlalgo_llm/users/sna/vllm-benchmark/vllm-runs/qwen235b_a22b_swe_verified_osl32k_bsweep_lyris_tp4_fp8kv_bs32_eagle3_offset0_n32_isl4096_osl32768_bs32_k11_20260614_temp1rl/breakdown.json
verified_osl32k_qwen235b_eagle3_k9,qwen235b_a22b_swe_verified_osl32k_bsweep_lyris_tp4_fp8kv_bs32_eagle3_offset0_n32_isl4096_osl32768_bs32_k9_20260614_temp1rl,Qwen/Qwen3-235B-A22B,/lustre/fsw/coreai_dlalgo_llm/users/sna/vllm-benchmark/data/swebench_verified_prompts_all.jsonl,0,32,32,1,32,4096,32768,4,1,4,True,eagle3,,9,nvidia/Qwen3-235B-A22B-Eagle3,3766.6327768020565,3766.6327768020565,278.38551357009675,69.59637839252419,1.0751040099611504,True,8.566645310621611,1.7709980779559449,0.770998077955945,592078,5328702,456491,"43.3627,20.3262,7.6492,2.3595,1.0843,0.7188,0.6031,0.5167,0.4793",/lustre/fsw/coreai_dlalgo_llm/users/sna/vllm-benchmark/vllm-runs/qwen235b_a22b_swe_verified_osl32k_bsweep_lyris_tp4_fp8kv_bs32_eagle3_offset0_n32_isl4096_osl32768_bs32_k9_20260614_temp1rl/breakdown.json
verified_osl32k_qwen235b_pard2_k11,qwen235b_a22b_swe_verified_osl32k_bsweep_lyris_tp4_fp8kv_bs32_pard2_offset0_n32_isl4096_osl32768_bs32_k11_20260614_temp1rl,Qwen/Qwen3-235B-A22B,/lustre/fsw/coreai_dlalgo_llm/users/sna/vllm-benchmark/data/swebench_verified_prompts_all.jsonl,0,32,32,1,32,4096,32768,4,1,4,True,pard2,True,11,amd/PARD2-Qwen3-8B,5328.033680501976,5328.033680501976,196.80356072771846,49.200890181929616,0.7600406163366203,True,1.6583342457170251,1.1824167670288728,0.18241676702887274,886788,9754668,161765,"9.7594,2.7182,1.3586,0.8989,0.6913,0.5759,0.5050,0.4685,0.4415,0.4193,0.4052",/lustre/fsw/coreai_dlalgo_llm/users/sna/vllm-benchmark/vllm-runs/qwen235b_a22b_swe_verified_osl32k_bsweep_lyris_tp4_fp8kv_bs32_pard2_offset0_n32_isl4096_osl32768_bs32_k11_20260614_temp1rl/breakdown.json
verified_osl32k_qwen235b_pard2_k9,qwen235b_a22b_swe_verified_osl32k_bsweep_lyris_tp4_fp8kv_bs32_pard2_offset0_n32_isl4096_osl32768_bs32_k9_20260614_temp1rl,Qwen/Qwen3-235B-A22B,/lustre/fsw/coreai_dlalgo_llm/users/sna/vllm-benchmark/data/swebench_verified_prompts_all.jsonl,0,32,32,1,32,4096,32768,4,1,4,True,pard2,True,9,amd/PARD2-Qwen3-8B,5401.7551146149635,5401.7551146149635,194.11764838486988,48.52941209621747,0.7496678239697734,True,2.240351928697461,1.2016316735827715,0.2016316735827715,872601,7853409,175944,"14.4486,2.7096,1.1262,0.6098,0.4081,0.2862,0.2251,0.1870,0.1626",/lustre/fsw/coreai_dlalgo_llm/users/sna/vllm-benchmark/vllm-runs/qwen235b_a22b_swe_verified_osl32k_bsweep_lyris_tp4_fp8kv_bs32_pard2_offset0_n32_isl4096_osl32768_bs32_k9_20260614_temp1rl/breakdown.json
verified_osl32k_qwen235b_pard_k11,qwen235b_a22b_swe_verified_osl32k_bsweep_lyris_tp4_fp8kv_bs32_pard_offset0_n32_isl4096_osl32768_bs32_k11_20260614_temp1rl,Qwen/Qwen3-235B-A22B,/lustre/fsw/coreai_dlalgo_llm/users/sna/vllm-benchmark/data/swebench_verified_prompts_all.jsonl,0,32,32,1,32,4096,32768,4,1,4,True,draft_model,True,11,amd/PARD-Qwen3-0.6B,4885.986278145021,4885.986278145021,214.6088712304151,53.652217807603776,0.8288033923681846,True,5.655680897013051,1.6221248986714354,0.6221248986714355,646412,7110532,402149,"31.2008,13.0912,6.7101,4.0138,2.7156,1.4576,0.9729,0.7333,0.5216,0.4270,0.3685",/lustre/fsw/coreai_dlalgo_llm/users/sna/vllm-benchmark/vllm-runs/qwen235b_a22b_swe_verified_osl32k_bsweep_lyris_tp4_fp8kv_bs32_pard_offset0_n32_isl4096_osl32768_bs32_k11_20260614_temp1rl/breakdown.json
verified_osl32k_qwen235b_pard_k9,qwen235b_a22b_swe_verified_osl32k_bsweep_lyris_tp4_fp8kv_bs32_pard_offset0_n32_isl4096_osl32768_bs32_k9_20260614_temp1rl,Qwen/Qwen3-235B-A22B,/lustre/fsw/coreai_dlalgo_llm/users/sna/vllm-benchmark/data/swebench_verified_prompts_all.jsonl,0,32,32,1,32,4096,32768,4,1,4,True,draft_model,True,9,amd/PARD-Qwen3-0.6B,5105.8403315789765,5105.8403315789765,205.36795745740227,51.34198936435057,0.7931156752680283,True,6.46756836093521,1.582081152484169,0.5820811524841689,662777,5964993,385790,"29.8642,12.6119,5.6446,3.3785,2.2809,1.6633,1.0974,0.8944,0.7730",/lustre/fsw/coreai_dlalgo_llm/users/sna/vllm-benchmark/vllm-runs/qwen235b_a22b_swe_verified_osl32k_bsweep_lyris_tp4_fp8kv_bs32_pard_offset0_n32_isl4096_osl32768_bs32_k9_20260614_temp1rl/breakdown.json
verified_osl32k_qwen235b_suffix_k16,qwen235b_a22b_swe_verified_osl32k_bsweep_lyris_tp4_fp8kv_bs32_suffix_offset0_n32_isl4096_osl32768_bs32_k16_arctic_20260614_temp1rl,Qwen/Qwen3-235B-A22B,/lustre/fsw/coreai_dlalgo_llm/users/sna/vllm-benchmark/data/swebench_verified_prompts_all.jsonl,0,32,32,1,32,4096,32768,4,1,4,True,suffix,,16,,3056.277073312027,3056.277073312027,343.0893125352928,85.7723281338232,1.324985237023228,True,45.337647020473966,2.4541978746863355,1.4541978746863355,420832,1349812,611973,"31.5069,17.6443,12.9477,11.1002,10.3281,9.6789,9.3771,9.0281,8.8327,8.5854,8.3870,8.0034,0.0000,0.0000,0.0000,0.0000",/lustre/fsw/coreai_dlalgo_llm/users/sna/vllm-benchmark/vllm-runs/qwen235b_a22b_swe_verified_osl32k_bsweep_lyris_tp4_fp8kv_bs32_suffix_offset0_n32_isl4096_osl32768_bs32_k16_arctic_20260614_temp1rl/breakdown.json
verified_osl32k_qwen235b_suffix_k8,qwen235b_a22b_swe_verified_osl32k_bsweep_lyris_tp4_fp8kv_bs32_suffix_offset0_n32_isl4096_osl32768_bs32_k8_arctic_20260614_temp1rl,Qwen/Qwen3-235B-A22B,/lustre/fsw/coreai_dlalgo_llm/users/sna/vllm-benchmark/data/swebench_verified_prompts_all.jsonl,0,32,32,1,32,4096,32768,4,1,4,True,suffix,,8,,3179.026538023958,3179.026538023958,329.8418517298007,82.46046293245017,1.2738245352642208,True,49.95771346455116,2.5925388191178054,1.5925388191178054,399481,1273455,636189,"37.3277,23.9874,19.0294,17.1926,16.3747,15.5289,15.1381,14.6750",/lustre/fsw/coreai_dlalgo_llm/users/sna/vllm-benchmark/vllm-runs/qwen235b_a22b_swe_verified_osl32k_bsweep_lyris_tp4_fp8kv_bs32_suffix_offset0_n32_isl4096_osl32768_bs32_k8_arctic_20260614_temp1rl/breakdown.json
