checked_at_local,mode,step,helper,selected_scope,returncode,timed_out,operation_state,child_selected_rows,child_operation_summary,child_preflight_summary,child_status_csv,command,stdout_path,stderr_path,timeout_refresh_state,timeout_refresh_returncode,timeout_refresh_stdout_tail,timeout_refresh_stderr_tail,stdout_tail,stderr_tail
2026-06-17T11:46:25-07:00,dry_run,math_qwen32_reference_poll,submit_mathrl_qwen32_online_pard_gate_from_manifest.py,"--action completed_reference,static_reference",0,false,driver_step_ok,3,dry_run_ready=3,ok_controlmaster=3,docs/oci_hsg_mathrl_qwen32_online_pard_gate_submit_status_20260616.csv,"/opt/homebrew/opt/python@3.14/bin/python3.14 /Users/sna/Nemo-RL_Qwen3_Roadmap/scripts/submit_mathrl_qwen32_online_pard_gate_from_manifest.py --ssh-timeout 8 --command-timeout 120 --tail-lines 80 --log-chunk-lines 20 --max-log-files 3 --remote-log-timeout 20 --remote-host-override login-lyris --action completed_reference,static_reference",docs/specdec_goal_next_access_window_command_outputs_20260616/2026-06-17T114625-0700_math_qwen32_reference_poll.stdout.log,docs/specdec_goal_next_access_window_command_outputs_20260616/2026-06-17T114625-0700_math_qwen32_reference_poll.stderr.log,refresh_ok,0,"/Users/sna/Nemo-RL_Qwen3_Roadmap/docs/specdec_timeout_command_output_artifacts_20260616.csv
/Users/sna/Nemo-RL_Qwen3_Roadmap/docs/specdec_timeout_command_output_step_index_20260616.csv
/Users/sna/Nemo-RL_Qwen3_Roadmap/docs/specdec_timeout_command_output_artifacts_20260616.md",,"/Users/sna/Nemo-RL_Qwen3_Roadmap/docs/oci_hsg_mathrl_qwen32_online_pard_gate_submit_status_20260616.csv
/Users/sna/Nemo-RL_Qwen3_Roadmap/docs/oci_hsg_mathrl_qwen32_online_pard_gate_submit_status_20260616.md",
2026-06-17T11:46:25-07:00,dry_run,math_qwen32_online_pard_submit,submit_mathrl_qwen32_online_pard_gate_from_manifest.py,--gate-name online_pard_step5_k5_tp4_r1,0,false,driver_step_ok,1,dry_run_ready=1,ok_controlmaster=1,docs/oci_hsg_mathrl_qwen32_online_pard_gate_submit_status_20260616.csv,/opt/homebrew/opt/python@3.14/bin/python3.14 /Users/sna/Nemo-RL_Qwen3_Roadmap/scripts/submit_mathrl_qwen32_online_pard_gate_from_manifest.py --ssh-timeout 8 --command-timeout 120 --tail-lines 80 --log-chunk-lines 20 --max-log-files 3 --remote-log-timeout 20 --remote-host-override login-lyris --gate-name online_pard_step5_k5_tp4_r1,docs/specdec_goal_next_access_window_command_outputs_20260616/2026-06-17T114625-0700_math_qwen32_online_pard_submit.stdout.log,docs/specdec_goal_next_access_window_command_outputs_20260616/2026-06-17T114625-0700_math_qwen32_online_pard_submit.stderr.log,refresh_ok,0,"/Users/sna/Nemo-RL_Qwen3_Roadmap/docs/specdec_timeout_command_output_artifacts_20260616.csv
/Users/sna/Nemo-RL_Qwen3_Roadmap/docs/specdec_timeout_command_output_step_index_20260616.csv
/Users/sna/Nemo-RL_Qwen3_Roadmap/docs/specdec_timeout_command_output_artifacts_20260616.md",,"/Users/sna/Nemo-RL_Qwen3_Roadmap/docs/oci_hsg_mathrl_qwen32_online_pard_gate_submit_status_20260616.csv
/Users/sna/Nemo-RL_Qwen3_Roadmap/docs/oci_hsg_mathrl_qwen32_online_pard_gate_submit_status_20260616.md",
2026-06-17T11:46:25-07:00,dry_run,swerl_qwen30_suffix_poll,submit_swerl_qwen30_specdec_from_manifest.py,--action poll_existing,0,false,driver_step_ok,1,dry_run_ready=1,ok_controlmaster=1,docs/oci_hsg_swerl_qwen30ba3b_specdec_manifest_submit_status_20260616.csv,/opt/homebrew/opt/python@3.14/bin/python3.14 /Users/sna/Nemo-RL_Qwen3_Roadmap/scripts/submit_swerl_qwen30_specdec_from_manifest.py --ssh-timeout 8 --command-timeout 120 --tail-lines 80 --log-chunk-lines 20 --max-log-files 3 --remote-log-timeout 20 --remote-host-override login-lyris --action poll_existing,docs/specdec_goal_next_access_window_command_outputs_20260616/2026-06-17T114625-0700_swerl_qwen30_suffix_poll.stdout.log,docs/specdec_goal_next_access_window_command_outputs_20260616/2026-06-17T114625-0700_swerl_qwen30_suffix_poll.stderr.log,refresh_ok,0,"/Users/sna/Nemo-RL_Qwen3_Roadmap/docs/specdec_timeout_command_output_artifacts_20260616.csv
/Users/sna/Nemo-RL_Qwen3_Roadmap/docs/specdec_timeout_command_output_step_index_20260616.csv
/Users/sna/Nemo-RL_Qwen3_Roadmap/docs/specdec_timeout_command_output_artifacts_20260616.md",,"/Users/sna/Nemo-RL_Qwen3_Roadmap/docs/oci_hsg_swerl_qwen30ba3b_specdec_manifest_submit_status_20260616.csv
/Users/sna/Nemo-RL_Qwen3_Roadmap/docs/oci_hsg_swerl_qwen30ba3b_specdec_manifest_submit_status_20260616.md",
2026-06-17T11:46:25-07:00,dry_run,swerl_qwen30_static_submit,submit_swerl_qwen30_specdec_from_manifest.py,--action launch_static,0,false,driver_step_ok,3,dry_run_ready=3,ok_controlmaster=3,docs/oci_hsg_swerl_qwen30ba3b_specdec_manifest_submit_status_20260616.csv,/opt/homebrew/opt/python@3.14/bin/python3.14 /Users/sna/Nemo-RL_Qwen3_Roadmap/scripts/submit_swerl_qwen30_specdec_from_manifest.py --ssh-timeout 8 --command-timeout 120 --tail-lines 80 --log-chunk-lines 20 --max-log-files 3 --remote-log-timeout 20 --remote-host-override login-lyris --action launch_static,docs/specdec_goal_next_access_window_command_outputs_20260616/2026-06-17T114625-0700_swerl_qwen30_static_submit.stdout.log,docs/specdec_goal_next_access_window_command_outputs_20260616/2026-06-17T114625-0700_swerl_qwen30_static_submit.stderr.log,refresh_ok,0,"/Users/sna/Nemo-RL_Qwen3_Roadmap/docs/specdec_timeout_command_output_artifacts_20260616.csv
/Users/sna/Nemo-RL_Qwen3_Roadmap/docs/specdec_timeout_command_output_step_index_20260616.csv
/Users/sna/Nemo-RL_Qwen3_Roadmap/docs/specdec_timeout_command_output_artifacts_20260616.md",,"/Users/sna/Nemo-RL_Qwen3_Roadmap/docs/oci_hsg_swerl_qwen30ba3b_specdec_manifest_submit_status_20260616.csv
/Users/sna/Nemo-RL_Qwen3_Roadmap/docs/oci_hsg_swerl_qwen30ba3b_specdec_manifest_submit_status_20260616.md",
2026-06-17T11:46:25-07:00,dry_run,swerl_qwen30_online_submit,submit_swerl_qwen30_specdec_from_manifest.py,--action launch_online,0,false,driver_step_ok,2,dry_run_ready=2,ok_controlmaster=2,docs/oci_hsg_swerl_qwen30ba3b_specdec_manifest_submit_status_20260616.csv,/opt/homebrew/opt/python@3.14/bin/python3.14 /Users/sna/Nemo-RL_Qwen3_Roadmap/scripts/submit_swerl_qwen30_specdec_from_manifest.py --ssh-timeout 8 --command-timeout 120 --tail-lines 80 --log-chunk-lines 20 --max-log-files 3 --remote-log-timeout 20 --remote-host-override login-lyris --action launch_online,docs/specdec_goal_next_access_window_command_outputs_20260616/2026-06-17T114625-0700_swerl_qwen30_online_submit.stdout.log,docs/specdec_goal_next_access_window_command_outputs_20260616/2026-06-17T114625-0700_swerl_qwen30_online_submit.stderr.log,refresh_ok,0,"/Users/sna/Nemo-RL_Qwen3_Roadmap/docs/specdec_timeout_command_output_artifacts_20260616.csv
/Users/sna/Nemo-RL_Qwen3_Roadmap/docs/specdec_timeout_command_output_step_index_20260616.csv
/Users/sna/Nemo-RL_Qwen3_Roadmap/docs/specdec_timeout_command_output_artifacts_20260616.md",,"/Users/sna/Nemo-RL_Qwen3_Roadmap/docs/oci_hsg_swerl_qwen30ba3b_specdec_manifest_submit_status_20260616.csv
/Users/sna/Nemo-RL_Qwen3_Roadmap/docs/oci_hsg_swerl_qwen30ba3b_specdec_manifest_submit_status_20260616.md",
