priority,experiment,domain,model,method,k,status,blocked_by,depends_on,launch_basis,target_model,draft_model,shape,expected_artifact,next_action,notes
P0,preserve_timeout_command_outputs,All NeMo-RL,all,submit/poll stdout parser,,ready,,saved stdout_path from submit or poll status,scripts/refresh_specdec_timeout_command_outputs.py,,,Any saved *.stdout.log containing NeMo-RL Step N/M blocks from a timeout or truncated remote tail,"docs/specdec_timeout_command_output_artifacts_20260616.csv, docs/specdec_timeout_command_output_step_index_20260616.csv",Run the timeout command-output refresh or rebuild the dashboard after any remote command timeout.,"This makes partial stdout tail chunks usable immediately, before full ray-driver.log rsync is available."
P0,preserve_timeout_partial_logs,All NeMo-RL,all,partial-log workflow,,ready,,local copied ray-driver.log,scripts/refresh_oci_nemorl_partial_logs.py,,,Any failed or timed-out NeMo-RL run with completed step banners in ray-driver.log,docs/oci_hsg_nemorl_partial_artifacts_20260616.csv,"Add manifest rows for new logs immediately after rsync/scp completes, then rebuild the dashboard.",This protects usable completed-step metrics when SSH or SLURM polling times out.
P0,poll_swerl_qwen30_suffix_r16,SWE-RL,Qwen3-30B-A3B,suffix,32,RUNNING (last confirmed); 00:09:04; Last confirmed running before local DNS failure; Ray actors reached 64/64 and all workers connected; no arctic ImportError observed in copied log.,local DNS cannot resolve login-lyris or oci-hsg-cs-001-vscode-02,remote SSH/DNS recovery,/lustre/fs1/portfolios/coreai/projects/coreai_dlalgo_nemorl/users/sna/swerl_qwen30ba3b_launchers/20260616_oci_hsg_swerl_qwen30ba3b_suffix_step1_smoke_py313_r1/run_qwen30ba3b_swerl_gb200_suffix_smoke.sh,/lustre/fsw/portfolios/llmservice/users/igitman/hf_models/Qwen3-30B-A3B-Thinking-2507,,SWE-RL step1 ctx40k/vllm40k; max_steps=1; total_nodes=8; GBS=64; gen_train_ratio=1; vllm_tp=1; Ray 2.54.0/Python 3.13.13; account nemotron_n3_post,"docs/oci_hsg_swerl_qwen30ba3b_suffix_ctx40k_3351394_{metrics,summary}_20260616.csv","Poll sacct/squeue and copy ray-driver.log; if terminal, add the local log to docs/oci_hsg_nemorl_partial_log_manifest_20260616.csv and run python3 scripts/refresh_oci_nemorl_partial_logs.py --build-dashboard.",This gates whether suffix K32 is integrated in SWE-RL after the arctic-inference fix.
P1,launch_swerl_qwen30_eagle3_step1_ctx40k,SWE-RL,Qwen3-30B-A3B,eagle3,3,not launched in current tracker,local DNS cannot resolve login-lyris or oci-hsg-cs-001-vscode-02,"suffix r16 poll, or explicit decision to run in parallel",Clone the ctx40k baseline/suffix r14-r16 launcher and set speculative_config.method=eagle3.,/lustre/fsw/portfolios/llmservice/users/igitman/hf_models/Qwen3-30B-A3B-Thinking-2507,/lustre/fs1/portfolios/coreai/projects/coreai_dlalgo_nemorl/users/sna/hf_home/hub/models--RedHatAI--Qwen3-30B-A3B-Thinking-2507-speculator.eagle3/snapshots/a7ec796dd65236f1ecd4ed2958a7f0689e5da5cf,SWE-RL step1 ctx40k/vllm40k; max_steps=1; total_nodes=8; GBS=64; gen_train_ratio=1; vllm_tp=1; Ray 2.54.0/Python 3.13.13; account nemotron_n3_post,"docs/oci_hsg_swerl_qwen30ba3b_eagle3_ctx40k_step1_{metrics,summary}_20260616.csv","Submit under nemotron_n3_post when OCI-HSG SSH resolves; on timeout, parse completed steps immediately through the partial-log manifest workflow.","Best next non-suffix integrated proof; standalone SWE temp1 shows Eagle-3 can work, but smaller gains than suffix."
P2,launch_mathrl_qwen235b_short_gate,MathRL,Qwen3-235B-A22B,baseline/suffix/eagle3,0/32/3,recommended shorter rerun,local DNS cannot resolve login-lyris or oci-hsg-cs-001-vscode-02,remote SSH/DNS recovery,Reuse qwen235B step20 genbound1024 jobs but cap max_steps to 3-5 or split runs to avoid step15 NCCL watchdog loss.,/lustre/fs1/.../models--Qwen--Qwen3-235B-A22B/snapshots/8efa61729e24bd65b1d152b5ab5409052aa80e65,suffix none; Eagle-3 nvidia/Qwen3-235B-A22B-Eagle3; PARD2 tracked separately,MathRL temp1/top_p1 Max OSL 1024; shorter 3-5 step gate before another 20-step attempt,docs/oci_hsg_mathrl_qwen235b_short_gate_*_20260616.csv,Launch only after active SWE-RL r16 is polled or if spare nodes are available.,Existing qwen235B baseline/suffix/eagle3 rows are useful partials but not clean final step20 results.
P2,launch_swerl_qwen30_pard_step1_ctx40k,SWE-RL,Qwen3-30B-A3B,pard,5,not launched in current tracker,local DNS cannot resolve login-lyris or oci-hsg-cs-001-vscode-02,"suffix r16 poll, or explicit decision to run in parallel",Clone the ctx40k launcher and set speculative_config.method=pard with PARD-Qwen3-0.6B draft.,/lustre/fsw/portfolios/llmservice/users/igitman/hf_models/Qwen3-30B-A3B-Thinking-2507,/lustre/fs1/portfolios/coreai/projects/coreai_dlalgo_nemorl/users/sna/hf_home/hub/models--amd--PARD-Qwen3-0.6B/snapshots/34e73caf94c021c3d4b8bad86ebd3616850ab4fd,SWE-RL step1 ctx40k/vllm40k; max_steps=1; total_nodes=8; GBS=64; gen_train_ratio=1; vllm_tp=1; Ray 2.54.0/Python 3.13.13; account nemotron_n3_post,"docs/oci_hsg_swerl_qwen30ba3b_pard_ctx40k_step1_{metrics,summary}_20260616.csv","Submit under nemotron_n3_post when OCI-HSG SSH resolves; on timeout, parse completed steps immediately through the partial-log manifest workflow.",PARD has clean MathRL static speedup; SWE-RL integrated proof is still missing.
P3,launch_swerl_qwen30_pard2_online_step1_ctx40k,SWE-RL,Qwen3-30B-A3B,pard2_online,3,not launched in current tracker,local DNS cannot resolve login-lyris or oci-hsg-cs-001-vscode-02,"suffix r16 poll, or explicit decision to run in parallel","Use the qwen30 manifest launch_online row: policy.draft.enabled=true, policy.draft.type=pard2, hard PARD2 draft loss, k_slot, train/refit interval 1.",/lustre/fsw/portfolios/llmservice/users/igitman/hf_models/Qwen3-30B-A3B-Thinking-2507,/lustre/fs1/portfolios/coreai/projects/coreai_dlalgo_nemorl/users/sna/hf_home/hub/models--amd--PARD2-Qwen3-8B/snapshots/6cf9edc27c8afa8088a6f61fc0edb875a621c43d,SWE-RL step1 ctx40k/vllm40k; max_steps=1; total_nodes=8; GBS=64; gen_train_ratio=1; vllm_tp=1; Ray 2.54.0/Python 3.13.13; account nemotron_n3_post,"docs/oci_hsg_swerl_qwen30ba3b_pard2_online_ctx40k_step1_{metrics,summary}_20260616.csv","Submit under nemotron_n3_post when OCI-HSG SSH resolves; on timeout, parse completed steps immediately through the partial-log manifest workflow.",Directly tests online PARD-2 drafter training in SWE-RL; qwen32 MathRL proves the online PARD-2 training path over 5 steps.
P3,launch_swerl_qwen30_pard2_step1_ctx40k,SWE-RL,Qwen3-30B-A3B,pard2,3,not launched in current tracker,local DNS cannot resolve login-lyris or oci-hsg-cs-001-vscode-02,"suffix r16 poll, or explicit decision to run in parallel",Clone the ctx40k launcher after the qwen32 online PARD-2 hard-CE patch is ported to the SWE repo.,/lustre/fsw/portfolios/llmservice/users/igitman/hf_models/Qwen3-30B-A3B-Thinking-2507,/lustre/fs1/portfolios/coreai/projects/coreai_dlalgo_nemorl/users/sna/hf_home/hub/models--amd--PARD2-Qwen3-8B/snapshots/6cf9edc27c8afa8088a6f61fc0edb875a621c43d,SWE-RL step1 ctx40k/vllm40k; max_steps=1; total_nodes=8; GBS=64; gen_train_ratio=1; vllm_tp=1; Ray 2.54.0/Python 3.13.13; account nemotron_n3_post,"docs/oci_hsg_swerl_qwen30ba3b_pard2_ctx40k_step1_{metrics,summary}_20260616.csv","Submit under nemotron_n3_post when OCI-HSG SSH resolves; on timeout, parse completed steps immediately through the partial-log manifest workflow.","Higher risk: qwen32 online PARD-2 proves functional training, but qwen30 PARD2 draft/target alignment needs validation."
P3,launch_swerl_qwen30_pard_online_step1_ctx40k,SWE-RL,Qwen3-30B-A3B,pard_online,5,not launched in current tracker,local DNS cannot resolve login-lyris or oci-hsg-cs-001-vscode-02,"suffix r16 poll, or explicit decision to run in parallel","Use the qwen30 manifest launch_online row: policy.draft.enabled=true, policy.draft.type=pard, hard CE, k_slot, train/refit interval 1.",/lustre/fsw/portfolios/llmservice/users/igitman/hf_models/Qwen3-30B-A3B-Thinking-2507,/lustre/fs1/portfolios/coreai/projects/coreai_dlalgo_nemorl/users/sna/hf_home/hub/models--amd--PARD-Qwen3-0.6B/snapshots/34e73caf94c021c3d4b8bad86ebd3616850ab4fd,SWE-RL step1 ctx40k/vllm40k; max_steps=1; total_nodes=8; GBS=64; gen_train_ratio=1; vllm_tp=1; Ray 2.54.0/Python 3.13.13; account nemotron_n3_post,"docs/oci_hsg_swerl_qwen30ba3b_pard_online_ctx40k_step1_{metrics,summary}_20260616.csv","Submit under nemotron_n3_post when OCI-HSG SSH resolves; on timeout, parse completed steps immediately through the partial-log manifest workflow.",Directly tests online PARD drafter training in SWE-RL after the static PARD smoke is available or by explicit parallel launch.
