domain,temperature,model,method,rows,batches,isl,osl,tp,total_gpus,baseline_tok_s_per_gpu,tok_s_per_gpu,speedup_vs_baseline,acceptance_pct,mean_accept_len,source_group,source_file
Math,0.0,Qwen3-235B-A22B,eagle3_k3,4,4/8/16/32,4096,32768,,4,26.93571765350918,56.315406374595796,2.2052334941773903,60.567682797406164,2.817030483922185,oci_qmath_bsweep_20260617,docs/qmath_vllm_standalone_batch_sweep_status_20260617.csv
Math,0.0,Qwen3-235B-A22B,pard2_k1,4,4/8/16/32,4096,32768,,4,26.93571765350918,22.96992657932862,0.8327079843864087,4.539960640078016,1.0453996064007802,oci_qmath_bsweep_20260617,docs/qmath_vllm_standalone_batch_sweep_status_20260617.csv
Math,0.0,Qwen3-235B-A22B,pard_k5,4,4/8/16/32,4096,32768,,4,26.93571765350918,54.83520375968066,2.222502866192927,52.95664793450376,3.647832396725188,oci_qmath_bsweep_20260617,docs/qmath_vllm_standalone_batch_sweep_status_20260617.csv
Math,0.0,Qwen3-235B-A22B,suffix_k32,4,4/8/16/32,4096,32768,,4,26.93571765350918,93.31401635325699,4.488954405085961,83.69436458270918,7.443941773356167,oci_qmath_bsweep_20260617,docs/qmath_vllm_standalone_batch_sweep_status_20260617.csv
Math,0.0,Qwen3-30B-A3B,eagle3_k3,2,1/2,4096,32768,1.0,1,29.185249562014818,31.07621629510208,1.0750437999990954,10.168825145825785,1.3050647543747735,lyris_core_20260616,docs/lyris_math500_osl32k_temp01_home_retry_metrics_live_20260616.csv
Math,0.0,Qwen3-30B-A3B,eagle3_k3,4,4/8/16/32,4096,32768,,4,244.4868328456129,254.2260356735894,1.043752083804975,9.295982291307318,1.2788794687392195,oci_qmath_bsweep_20260617,docs/qmath_vllm_standalone_batch_sweep_status_20260617.csv
Math,0.0,Qwen3-30B-A3B,pard_k3,1,1,4096,32768,1.0,1,29.185249562014818,37.27226286533422,1.9237059506126568,70.67225290420872,3.1201675871262617,lyris_core_20260616,docs/lyris_math500_osl32k_temp01_home_retry_metrics_live_20260616.csv
Math,0.0,Qwen3-30B-A3B,pard_k5,1,1,4096,32768,1.0,1,29.185249562014818,42.534127057705525,2.1952826856972,52.15435853678677,3.6077179268393382,lyris_core_20260616,docs/lyris_math500_osl32k_temp01_home_retry_metrics_live_20260616.csv
Math,0.0,Qwen3-30B-A3B,pard_k5,4,4/8/16/32,4096,32768,,4,244.4868328456129,269.17722911631546,1.2659936204136248,45.01927786997247,3.250963893498623,oci_qmath_bsweep_20260617,docs/qmath_vllm_standalone_batch_sweep_status_20260617.csv
Math,0.0,Qwen3-30B-A3B,suffix_k32,2,1/2,4096,32768,1.0,1,29.185249562014818,206.2137001494698,7.147400108572916,88.59275227260844,8.403551549712132,lyris_core_20260616,docs/lyris_math500_osl32k_temp01_home_retry_metrics_live_20260616.csv
Math,0.0,Qwen3-30B-A3B,suffix_k32,4,4/8/16/32,4096,32768,,4,244.4868328456129,962.9769082928858,4.816949691814787,85.94961135512634,8.272575203260468,oci_qmath_bsweep_20260617,docs/qmath_vllm_standalone_batch_sweep_status_20260617.csv
Math,0.0,Qwen3-8B,eagle3_k3,2,1/2,4096,32768,1.0,1,55.78296271260291,94.82805221072883,1.765542882749265,63.277654361332026,2.8983296308399606,lyris_core_20260616,docs/lyris_math500_osl32k_temp01_home_retry_metrics_live_20260616.csv
Math,0.0,Qwen3-8B,eagle3_k3,4,4/8/16/32,4096,32768,,4,430.19116699663607,683.991674396757,1.4846048556864553,70.67484163767404,3.1202452491302215,oci_qmath_bsweep_20260617,docs/qmath_vllm_standalone_batch_sweep_status_20260617.csv
Math,0.0,Qwen3-8B,pard2_k5,4,4/8/16/32,4096,32768,,4,430.19116699663607,163.86403270870392,0.3896682688140606,0.14587929256706197,1.0072939646283532,oci_qmath_bsweep_20260617,docs/qmath_vllm_standalone_batch_sweep_status_20260617.csv
Math,0.0,Qwen3-8B,pard_k3,1,1,4096,32768,1.0,1,55.78296271260291,38.189953469696626,1.0265349083972708,50.69428417570583,2.520828525271175,lyris_core_20260616,docs/lyris_math500_osl32k_temp01_home_retry_metrics_live_20260616.csv
Math,0.0,Qwen3-8B,pard_k5,1,1,4096,32768,1.0,1,55.78296271260291,40.44638523554702,1.0871871419198882,34.521442535668236,2.7260721267834116,lyris_core_20260616,docs/lyris_math500_osl32k_temp01_home_retry_metrics_live_20260616.csv
Math,0.0,Qwen3-8B,pard_k5,4,4/8/16/32,4096,32768,,4,430.19116699663607,407.6452941454342,0.978346557237787,47.77367908001327,3.3886839540006632,oci_qmath_bsweep_20260617,docs/qmath_vllm_standalone_batch_sweep_status_20260617.csv
Math,0.0,Qwen3-8B,suffix_k32,2,1/2,4096,32768,1.0,1,55.78296271260291,312.8517884083655,5.659561143003195,85.9472007731868,8.093049811879391,lyris_core_20260616,docs/lyris_math500_osl32k_temp01_home_retry_metrics_live_20260616.csv
Math,0.0,Qwen3-8B,suffix_k32,4,4/8/16/32,4096,32768,,4,430.19116699663607,1371.5207946635132,3.6456395868206286,85.60754514318953,8.387107527475548,oci_qmath_bsweep_20260617,docs/qmath_vllm_standalone_batch_sweep_status_20260617.csv
Math,1.0,Qwen3-235B-A22B,eagle3_k3,4,4/8/16/32,4096,32768,,4,27.99205069541574,42.986719888499394,1.7054600187850575,47.402299674307585,2.422068990229228,oci_qmath_bsweep_20260617,docs/qmath_vllm_standalone_batch_sweep_status_20260617.csv
Math,1.0,Qwen3-235B-A22B,pard2_k1,4,4/8/16/32,4096,32768,,4,27.99205069541574,23.501875901253385,0.8750439198397523,1.9219824075654248,1.0192198240756543,oci_qmath_bsweep_20260617,docs/qmath_vllm_standalone_batch_sweep_status_20260617.csv
Math,1.0,Qwen3-235B-A22B,pard_k5,4,4/8/16/32,4096,32768,,4,27.99205069541574,29.67838440523166,1.1614539584377301,26.86294253981451,2.3431471269907256,oci_qmath_bsweep_20260617,docs/qmath_vllm_standalone_batch_sweep_status_20260617.csv
Math,1.0,Qwen3-235B-A22B,suffix_k32,4,4/8/16/32,4096,32768,,4,27.99205069541574,66.75594431557522,3.230323707276413,68.39951304224039,5.210208259500682,oci_qmath_bsweep_20260617,docs/qmath_vllm_standalone_batch_sweep_status_20260617.csv
Math,1.0,Qwen3-30B-A3B,eagle3_k3,2,1/2,4096,32768,1.0,1,29.089809686161978,32.48063643235426,1.1217967690105248,10.700124312838327,1.3210037293851498,lyris_core_20260616,docs/lyris_math500_osl32k_temp01_home_retry_metrics_live_20260616.csv
Math,1.0,Qwen3-30B-A3B,eagle3_k3,4,4/8/16/32,4096,32768,,4,231.08615865287845,226.32593485464582,0.9466985594226089,10.517261320785035,1.315517839623551,oci_qmath_bsweep_20260617,docs/qmath_vllm_standalone_batch_sweep_status_20260617.csv
Math,1.0,Qwen3-30B-A3B,pard_k3,1,1,4096,32768,1.0,1,29.089809686161978,36.29858869664507,1.8749026480058524,63.654257405228606,2.9096277221568583,lyris_core_20260616,docs/lyris_math500_osl32k_temp01_home_retry_metrics_live_20260616.csv
Math,1.0,Qwen3-30B-A3B,pard_k5,1,1,4096,32768,1.0,1,29.089809686161978,36.92239144421829,1.9071234440547755,41.09016336137587,3.0545081680687933,lyris_core_20260616,docs/lyris_math500_osl32k_temp01_home_retry_metrics_live_20260616.csv
Math,1.0,Qwen3-30B-A3B,pard_k5,4,4/8/16/32,4096,32768,,4,231.08615865287845,174.10893566821315,0.7322066525189055,38.2468493856816,2.91234246928408,oci_qmath_bsweep_20260617,docs/qmath_vllm_standalone_batch_sweep_status_20260617.csv
Math,1.0,Qwen3-30B-A3B,suffix_k32,2,1/2,4096,32768,1.0,1,29.089809686161978,162.80937398387036,6.061236990396827,83.85014049378901,7.162472600585987,lyris_core_20260616,docs/lyris_math500_osl32k_temp01_home_retry_metrics_live_20260616.csv
Math,1.0,Qwen3-30B-A3B,suffix_k32,4,4/8/16/32,4096,32768,,4,231.08615865287845,750.8296726963102,3.917787885123758,80.79205378636911,6.963258087114238,oci_qmath_bsweep_20260617,docs/qmath_vllm_standalone_batch_sweep_status_20260617.csv
Math,1.0,Qwen3-8B,eagle3_k3,2,1/2,4096,32768,1.0,1,54.359703416616185,99.61495617773986,1.930465552830496,68.60841324846666,3.058252397454,lyris_core_20260616,docs/lyris_math500_osl32k_temp01_home_retry_metrics_live_20260616.csv
Math,1.0,Qwen3-8B,eagle3_k3,4,4/8/16/32,4096,32768,,4,401.59006766060344,417.06655328297734,0.9626797281590703,52.60332059670742,2.5780996179012226,oci_qmath_bsweep_20260617,docs/qmath_vllm_standalone_batch_sweep_status_20260617.csv
Math,1.0,Qwen3-8B,pard2_k3,2,1/2,4096,32768,1.0,1,54.359703416616185,36.52511961129672,0.6974486044552847,25.29879945381927,1.7589639836145783,lyris_core_20260616,docs/lyris_math500_osl32k_temp01_home_retry_metrics_live_20260616.csv
Math,1.0,Qwen3-8B,pard2_k5,2,1/2,4096,32768,1.0,1,54.359703416616185,31.047241432739753,0.6172243442335872,12.357572752435122,1.617878637621756,lyris_core_20260616,docs/lyris_math500_osl32k_temp01_home_retry_metrics_live_20260616.csv
Math,1.0,Qwen3-8B,pard2_k5,4,4/8/16/32,4096,32768,,4,401.59006766060344,161.25294090586684,0.38092423366730305,0.18932827255249554,1.0094664136276248,oci_qmath_bsweep_20260617,docs/qmath_vllm_standalone_batch_sweep_status_20260617.csv
Math,1.0,Qwen3-8B,pard_k3,2,1/2,4096,32768,1.0,1,54.359703416616185,69.7477531105339,1.2910940925233265,70.68529484148067,3.12055884524442,lyris_core_20260616,docs/lyris_math500_osl32k_temp01_home_retry_metrics_live_20260616.csv
Math,1.0,Qwen3-8B,pard_k5,2,1/2,4096,32768,1.0,1,54.359703416616185,57.46661447641178,1.0535619865132577,33.393198217347994,2.6696599108673995,lyris_core_20260616,docs/lyris_math500_osl32k_temp01_home_retry_metrics_live_20260616.csv
Math,1.0,Qwen3-8B,pard_k5,4,4/8/16/32,4096,32768,,4,401.59006766060344,233.88309313730696,0.5832500503297429,35.48286185512371,2.7741430927561854,oci_qmath_bsweep_20260617,docs/qmath_vllm_standalone_batch_sweep_status_20260617.csv
Math,1.0,Qwen3-8B,suffix_k32,2,1/2,4096,32768,1.0,1,54.359703416616185,272.28985232218633,5.322017825549832,80.59374451070266,6.705824285833183,lyris_core_20260616,docs/lyris_math500_osl32k_temp01_home_retry_metrics_live_20260616.csv
Math,1.0,Qwen3-8B,suffix_k32,4,4/8/16/32,4096,32768,,4,401.59006766060344,870.762822138413,2.1705449779830444,75.85959150834857,6.113951442072419,oci_qmath_bsweep_20260617,docs/qmath_vllm_standalone_batch_sweep_status_20260617.csv
SWE,0.0,Qwen3-235B-A22B,eagle3_k3,2,1/2,4096,32768,4.0,4,3.1185986038110527,6.8986817000460725,2.32636912546855,54.578900784441856,2.6373670235332556,lyris_core_20260616,docs/lyris_swebench_osl32k_temp01_core_matrix_20260616_metrics_live.csv
SWE,0.0,Qwen3-235B-A22B,suffix_k32,2,1/2,4096,32768,4.0,4,3.1185986038110527,17.263664023249678,5.642925446600554,79.1886397790432,6.263974078481839,lyris_core_20260616,docs/lyris_swebench_osl32k_temp01_core_matrix_20260616_metrics_live.csv
SWE,0.0,Qwen3-30B-A3B,eagle3_k3,2,1/2,4096,32768,1.0,1,29.783960688575036,32.95644211829114,1.1117174725610597,12.309575238032533,1.369287257140976,lyris_core_20260616,docs/lyris_swebench_osl32k_temp01_core_matrix_20260616_metrics_live.csv
SWE,0.0,Qwen3-30B-A3B,suffix_k32,2,1/2,4096,32768,1.0,1,29.783960688575036,243.29042818775972,8.348164538277693,92.2705290943552,9.944839714045452,lyris_core_20260616,docs/lyris_swebench_osl32k_temp01_core_matrix_20260616_metrics_live.csv
SWE,0.0,Qwen3-32B,eagle3_k3,2,1/2,4096,32768,2.0,2,12.293823281770901,29.340388311438826,2.3801147348475746,69.09586872877179,3.0728760618631537,lyris_core_20260616,docs/lyris_swebench_osl32k_temp01_core_matrix_20260616_metrics_live.csv
SWE,0.0,Qwen3-32B,suffix_k32,2,1/2,4096,32768,2.0,2,12.293823281770901,80.23012948901234,6.526548633169174,84.85797271560884,8.059830595533525,lyris_core_20260616,docs/lyris_swebench_osl32k_temp01_core_matrix_20260616_metrics_live.csv
SWE,1.0,Qwen3-235B-A22B,eagle3_k3,2,1/2,4096,32768,4.0,4,3.1277273947987685,4.788725559808784,1.5501189179347417,24.058275652370824,1.7217482695711248,lyris_core_20260616,docs/lyris_swebench_osl32k_temp01_core_matrix_20260616_metrics_live.csv
SWE,1.0,Qwen3-235B-A22B,suffix_k32,2,1/2,4096,32768,4.0,4,3.1277273947987685,6.947160428244677,2.374102513102707,52.84087910012178,2.888871381115619,lyris_core_20260616,docs/lyris_swebench_osl32k_temp01_core_matrix_20260616_metrics_live.csv
SWE,1.0,Qwen3-30B-A3B,eagle3_k3,2,1/2,4096,32768,1.0,1,29.181326013076216,30.848639518904506,1.0660245364226706,10.98891762505656,1.3296675287516968,lyris_core_20260616,docs/lyris_swebench_osl32k_temp01_core_matrix_20260616_metrics_live.csv
SWE,1.0,Qwen3-30B-A3B,suffix_k32,2,1/2,4096,32768,1.0,1,29.181326013076216,237.7201431639577,8.260533962224164,90.7835375621384,9.37355775641392,lyris_core_20260616,docs/lyris_swebench_osl32k_temp01_core_matrix_20260616_metrics_live.csv
SWE,1.0,Qwen3-32B,eagle3_k3,2,1/2,4096,32768,2.0,2,12.376714114638053,22.82835790169611,1.8595986510911915,49.03087979925819,2.4709263939777455,lyris_core_20260616,docs/lyris_swebench_osl32k_temp01_core_matrix_20260616_metrics_live.csv
SWE,1.0,Qwen3-32B,suffix_k32,2,1/2,4096,32768,2.0,2,12.376714114638053,27.87866518423364,2.1743437478211676,52.22717245914072,3.2126034529455803,lyris_core_20260616,docs/lyris_swebench_osl32k_temp01_core_matrix_20260616_metrics_live.csv
