model,bench,variant,k,sample_method,tp,tag,step,finished_s,output_tokens
Nemotron3-Super-120B (FP8),openmath,baseline,0,-,4,nemotron3_super_openmath_rollout_baseline_20260713,0,11.122726664994843,14727
Nemotron3-Super-120B (FP8),openmath,baseline,0,-,4,nemotron3_super_openmath_rollout_baseline_20260713,0,40.622241769997345,111339
Nemotron3-Super-120B (FP8),openmath,baseline,0,-,4,nemotron3_super_openmath_rollout_baseline_20260713,0,40.622241769997345,125497
Nemotron3-Super-120B (FP8),openmath,baseline,0,-,4,nemotron3_super_openmath_rollout_baseline_20260713,0,40.622241769997345,58694
Nemotron3-Super-120B (FP8),openmath,baseline,0,-,4,nemotron3_super_openmath_rollout_baseline_20260713,1,42.76805700799741,131072
Nemotron3-Super-120B (FP8),openmath,baseline,0,-,4,nemotron3_super_openmath_rollout_baseline_20260713,1,21.466793675994268,39294
Nemotron3-Super-120B (FP8),openmath,baseline,0,-,4,nemotron3_super_openmath_rollout_baseline_20260713,1,42.76805700799741,118229
Nemotron3-Super-120B (FP8),openmath,baseline,0,-,4,nemotron3_super_openmath_rollout_baseline_20260713,1,42.77655710399995,128767
Nemotron3-Super-120B (FP8),openmath,baseline,0,-,4,nemotron3_super_openmath_rollout_baseline_20260713,2,26.327714790000755,26972
Nemotron3-Super-120B (FP8),openmath,baseline,0,-,4,nemotron3_super_openmath_rollout_baseline_20260713,2,5.3980339679983445,7151
Nemotron3-Super-120B (FP8),openmath,baseline,0,-,4,nemotron3_super_openmath_rollout_baseline_20260713,2,27.244441793998703,60850
Nemotron3-Super-120B (FP8),openmath,baseline,0,-,4,nemotron3_super_openmath_rollout_baseline_20260713,2,14.882465382004739,25832
Nemotron3-Super-120B (FP8),openmath,baseline,0,-,4,nemotron3_super_openmath_rollout_baseline_20260713,3,38.20510376499442,88407
Nemotron3-Super-120B (FP8),openmath,baseline,0,-,4,nemotron3_super_openmath_rollout_baseline_20260713,3,38.20510376499442,128616
Nemotron3-Super-120B (FP8),openmath,baseline,0,-,4,nemotron3_super_openmath_rollout_baseline_20260713,3,7.394427035993431,9446
Nemotron3-Super-120B (FP8),openmath,baseline,0,-,4,nemotron3_super_openmath_rollout_baseline_20260713,3,12.560265228996286,20418
Nemotron3-Super-120B (FP8),openmath,dynamic,3,greedy,4,nemotron3_super_openmath_rollout_dynamic_20260713c,0,7.55436539099901,14812
Nemotron3-Super-120B (FP8),openmath,dynamic,3,greedy,4,nemotron3_super_openmath_rollout_dynamic_20260713c,0,26.980167950998293,106934
Nemotron3-Super-120B (FP8),openmath,dynamic,3,greedy,4,nemotron3_super_openmath_rollout_dynamic_20260713c,0,27.125284959001874,128708
Nemotron3-Super-120B (FP8),openmath,dynamic,3,greedy,4,nemotron3_super_openmath_rollout_dynamic_20260713c,0,25.523871156001405,63286
Nemotron3-Super-120B (FP8),openmath,dynamic,3,greedy,4,nemotron3_super_openmath_rollout_dynamic_20260713c,1,30.513611080001283,131072
Nemotron3-Super-120B (FP8),openmath,dynamic,3,greedy,4,nemotron3_super_openmath_rollout_dynamic_20260713c,1,15.563589595003577,35972
Nemotron3-Super-120B (FP8),openmath,dynamic,3,greedy,4,nemotron3_super_openmath_rollout_dynamic_20260713c,1,30.269252947997302,123939
Nemotron3-Super-120B (FP8),openmath,dynamic,3,greedy,4,nemotron3_super_openmath_rollout_dynamic_20260713c,1,30.333717763001914,130655
Nemotron3-Super-120B (FP8),openmath,dynamic,3,greedy,4,nemotron3_super_openmath_rollout_dynamic_20260713c,2,8.275644000998,18608
Nemotron3-Super-120B (FP8),openmath,dynamic,3,greedy,4,nemotron3_super_openmath_rollout_dynamic_20260713c,2,4.4215351679958985,7843
Nemotron3-Super-120B (FP8),openmath,dynamic,3,greedy,4,nemotron3_super_openmath_rollout_dynamic_20260713c,2,15.16205120599625,67781
Nemotron3-Super-120B (FP8),openmath,dynamic,3,greedy,4,nemotron3_super_openmath_rollout_dynamic_20260713c,2,10.111405526993622,26037
Nemotron3-Super-120B (FP8),openmath,dynamic,3,greedy,4,nemotron3_super_openmath_rollout_dynamic_20260713c,3,23.536872564000078,87794
Nemotron3-Super-120B (FP8),openmath,dynamic,3,greedy,4,nemotron3_super_openmath_rollout_dynamic_20260713c,3,24.22053039599996,129624
Nemotron3-Super-120B (FP8),openmath,dynamic,3,greedy,4,nemotron3_super_openmath_rollout_dynamic_20260713c,3,5.153495111000666,8662
Nemotron3-Super-120B (FP8),openmath,dynamic,3,greedy,4,nemotron3_super_openmath_rollout_dynamic_20260713c,3,8.432248057004472,19310
Nemotron3-Super-120B (FP8),openmath,fixed_k3,3,greedy,4,nemotron3_super_openmath_rollout_fixed_k3_20260713,0,7.507638852999662,14860
Nemotron3-Super-120B (FP8),openmath,fixed_k3,3,greedy,4,nemotron3_super_openmath_rollout_fixed_k3_20260713,0,27.13840404200164,110015
Nemotron3-Super-120B (FP8),openmath,fixed_k3,3,greedy,4,nemotron3_super_openmath_rollout_fixed_k3_20260713,0,27.07066576500074,126866
Nemotron3-Super-120B (FP8),openmath,fixed_k3,3,greedy,4,nemotron3_super_openmath_rollout_fixed_k3_20260713,0,18.631519694004965,57049
Nemotron3-Super-120B (FP8),openmath,fixed_k3,3,greedy,4,nemotron3_super_openmath_rollout_fixed_k3_20260713,1,31.11744402399927,131072
Nemotron3-Super-120B (FP8),openmath,fixed_k3,3,greedy,4,nemotron3_super_openmath_rollout_fixed_k3_20260713,1,15.586548518003838,38680
Nemotron3-Super-120B (FP8),openmath,fixed_k3,3,greedy,4,nemotron3_super_openmath_rollout_fixed_k3_20260713,1,30.716857496001467,119350
Nemotron3-Super-120B (FP8),openmath,fixed_k3,3,greedy,4,nemotron3_super_openmath_rollout_fixed_k3_20260713,1,31.59430141300254,129850
Nemotron3-Super-120B (FP8),openmath,fixed_k3,3,greedy,4,nemotron3_super_openmath_rollout_fixed_k3_20260713,2,10.204567910994228,20481
Nemotron3-Super-120B (FP8),openmath,fixed_k3,3,greedy,4,nemotron3_super_openmath_rollout_fixed_k3_20260713,2,5.866649880998011,6948
Nemotron3-Super-120B (FP8),openmath,fixed_k3,3,greedy,4,nemotron3_super_openmath_rollout_fixed_k3_20260713,2,16.62062569799309,64262
Nemotron3-Super-120B (FP8),openmath,fixed_k3,3,greedy,4,nemotron3_super_openmath_rollout_fixed_k3_20260713,2,8.498822062996624,23812
Nemotron3-Super-120B (FP8),openmath,fixed_k3,3,greedy,4,nemotron3_super_openmath_rollout_fixed_k3_20260713,3,23.473231157004193,93628
Nemotron3-Super-120B (FP8),openmath,fixed_k3,3,greedy,4,nemotron3_super_openmath_rollout_fixed_k3_20260713,3,24.03482092700142,130341
Nemotron3-Super-120B (FP8),openmath,fixed_k3,3,greedy,4,nemotron3_super_openmath_rollout_fixed_k3_20260713,3,4.027624059999653,8778
Nemotron3-Super-120B (FP8),openmath,fixed_k3,3,greedy,4,nemotron3_super_openmath_rollout_fixed_k3_20260713,3,12.56324972800212,21540
Nemotron3-Super-120B (FP8),swe_verified,baseline,0,-,4,nemotron3_super_swe_verified_rollout_baseline_20260713,0,47.77558127400698,131072
Nemotron3-Super-120B (FP8),swe_verified,baseline,0,-,4,nemotron3_super_swe_verified_rollout_baseline_20260713,0,47.79844544100342,131072
Nemotron3-Super-120B (FP8),swe_verified,baseline,0,-,4,nemotron3_super_swe_verified_rollout_baseline_20260713,0,47.81860969100671,111663
Nemotron3-Super-120B (FP8),swe_verified,baseline,0,-,4,nemotron3_super_swe_verified_rollout_baseline_20260713,0,47.84361662000447,131072
Nemotron3-Super-120B (FP8),swe_verified,baseline,0,-,4,nemotron3_super_swe_verified_rollout_baseline_20260713,1,49.05598833399563,127911
Nemotron3-Super-120B (FP8),swe_verified,baseline,0,-,4,nemotron3_super_swe_verified_rollout_baseline_20260713,1,49.0954058310017,131072
Nemotron3-Super-120B (FP8),swe_verified,baseline,0,-,4,nemotron3_super_swe_verified_rollout_baseline_20260713,1,49.1124764289998,121090
Nemotron3-Super-120B (FP8),swe_verified,baseline,0,-,4,nemotron3_super_swe_verified_rollout_baseline_20260713,1,49.11887765899883,131072
Nemotron3-Super-120B (FP8),swe_verified,baseline,0,-,4,nemotron3_super_swe_verified_rollout_baseline_20260713,2,47.87466055299592,128947
Nemotron3-Super-120B (FP8),swe_verified,baseline,0,-,4,nemotron3_super_swe_verified_rollout_baseline_20260713,2,47.904777871997794,109123
Nemotron3-Super-120B (FP8),swe_verified,baseline,0,-,4,nemotron3_super_swe_verified_rollout_baseline_20260713,2,47.9141207749999,129877
Nemotron3-Super-120B (FP8),swe_verified,baseline,0,-,4,nemotron3_super_swe_verified_rollout_baseline_20260713,2,47.928906025998,131072
Nemotron3-Super-120B (FP8),swe_verified,baseline,0,-,4,nemotron3_super_swe_verified_rollout_baseline_20260713,3,48.21427303599921,127266
Nemotron3-Super-120B (FP8),swe_verified,baseline,0,-,4,nemotron3_super_swe_verified_rollout_baseline_20260713,3,48.23461459200189,129956
Nemotron3-Super-120B (FP8),swe_verified,baseline,0,-,4,nemotron3_super_swe_verified_rollout_baseline_20260713,3,48.252153900997655,131072
Nemotron3-Super-120B (FP8),swe_verified,baseline,0,-,4,nemotron3_super_swe_verified_rollout_baseline_20260713,3,48.26487358199665,130348
Nemotron3-Super-120B (FP8),swe_verified,dynamic,3,greedy,4,nemotron3_super_swe_verified_rollout_dynamic_20260713c,0,32.950152255012654,131072
Nemotron3-Super-120B (FP8),swe_verified,dynamic,3,greedy,4,nemotron3_super_swe_verified_rollout_dynamic_20260713c,0,30.543908397026826,130331
Nemotron3-Super-120B (FP8),swe_verified,dynamic,3,greedy,4,nemotron3_super_swe_verified_rollout_dynamic_20260713c,0,32.59908842999721,117859
Nemotron3-Super-120B (FP8),swe_verified,dynamic,3,greedy,4,nemotron3_super_swe_verified_rollout_dynamic_20260713c,0,31.179434645047877,131072
Nemotron3-Super-120B (FP8),swe_verified,dynamic,3,greedy,4,nemotron3_super_swe_verified_rollout_dynamic_20260713c,1,34.11196073197061,123755
Nemotron3-Super-120B (FP8),swe_verified,dynamic,3,greedy,4,nemotron3_super_swe_verified_rollout_dynamic_20260713c,1,31.415197184018325,131072
Nemotron3-Super-120B (FP8),swe_verified,dynamic,3,greedy,4,nemotron3_super_swe_verified_rollout_dynamic_20260713c,1,33.697294269979466,119699
Nemotron3-Super-120B (FP8),swe_verified,dynamic,3,greedy,4,nemotron3_super_swe_verified_rollout_dynamic_20260713c,1,34.84332237200579,131072
Nemotron3-Super-120B (FP8),swe_verified,dynamic,3,greedy,4,nemotron3_super_swe_verified_rollout_dynamic_20260713c,2,32.93575979897287,130520
Nemotron3-Super-120B (FP8),swe_verified,dynamic,3,greedy,4,nemotron3_super_swe_verified_rollout_dynamic_20260713c,2,30.260759727971163,111188
Nemotron3-Super-120B (FP8),swe_verified,dynamic,3,greedy,4,nemotron3_super_swe_verified_rollout_dynamic_20260713c,2,32.81582174199866,130010
Nemotron3-Super-120B (FP8),swe_verified,dynamic,3,greedy,4,nemotron3_super_swe_verified_rollout_dynamic_20260713c,2,33.024657338974066,131072
Nemotron3-Super-120B (FP8),swe_verified,dynamic,3,greedy,4,nemotron3_super_swe_verified_rollout_dynamic_20260713c,3,32.49337568599731,129776
Nemotron3-Super-120B (FP8),swe_verified,dynamic,3,greedy,4,nemotron3_super_swe_verified_rollout_dynamic_20260713c,3,33.4447238619905,130218
Nemotron3-Super-120B (FP8),swe_verified,dynamic,3,greedy,4,nemotron3_super_swe_verified_rollout_dynamic_20260713c,3,33.823409537028056,131072
Nemotron3-Super-120B (FP8),swe_verified,dynamic,3,greedy,4,nemotron3_super_swe_verified_rollout_dynamic_20260713c,3,32.79265504301293,131063
Nemotron3-Super-120B (FP8),swe_verified,fixed_k3,3,greedy,4,nemotron3_super_swe_verified_rollout_fixed_k3_20260713,0,33.38278770599936,131072
Nemotron3-Super-120B (FP8),swe_verified,fixed_k3,3,greedy,4,nemotron3_super_swe_verified_rollout_fixed_k3_20260713,0,30.642654108996794,130130
Nemotron3-Super-120B (FP8),swe_verified,fixed_k3,3,greedy,4,nemotron3_super_swe_verified_rollout_fixed_k3_20260713,0,31.69834364199778,110408
Nemotron3-Super-120B (FP8),swe_verified,fixed_k3,3,greedy,4,nemotron3_super_swe_verified_rollout_fixed_k3_20260713,0,29.97558449099961,131072
Nemotron3-Super-120B (FP8),swe_verified,fixed_k3,3,greedy,4,nemotron3_super_swe_verified_rollout_fixed_k3_20260713,1,30.183675871998275,126955
Nemotron3-Super-120B (FP8),swe_verified,fixed_k3,3,greedy,4,nemotron3_super_swe_verified_rollout_fixed_k3_20260713,1,29.71625077399949,131072
Nemotron3-Super-120B (FP8),swe_verified,fixed_k3,3,greedy,4,nemotron3_super_swe_verified_rollout_fixed_k3_20260713,1,32.69886919599958,114722
Nemotron3-Super-120B (FP8),swe_verified,fixed_k3,3,greedy,4,nemotron3_super_swe_verified_rollout_fixed_k3_20260713,1,33.68108767299782,131072
Nemotron3-Super-120B (FP8),swe_verified,fixed_k3,3,greedy,4,nemotron3_super_swe_verified_rollout_fixed_k3_20260713,2,31.86359510300099,128844
Nemotron3-Super-120B (FP8),swe_verified,fixed_k3,3,greedy,4,nemotron3_super_swe_verified_rollout_fixed_k3_20260713,2,28.93662085699907,108344
Nemotron3-Super-120B (FP8),swe_verified,fixed_k3,3,greedy,4,nemotron3_super_swe_verified_rollout_fixed_k3_20260713,2,32.011249972998485,129779
Nemotron3-Super-120B (FP8),swe_verified,fixed_k3,3,greedy,4,nemotron3_super_swe_verified_rollout_fixed_k3_20260713,2,31.961866434998228,131072
Nemotron3-Super-120B (FP8),swe_verified,fixed_k3,3,greedy,4,nemotron3_super_swe_verified_rollout_fixed_k3_20260713,3,30.876719234998745,127847
Nemotron3-Super-120B (FP8),swe_verified,fixed_k3,3,greedy,4,nemotron3_super_swe_verified_rollout_fixed_k3_20260713,3,32.63845018600114,129716
Nemotron3-Super-120B (FP8),swe_verified,fixed_k3,3,greedy,4,nemotron3_super_swe_verified_rollout_fixed_k3_20260713,3,32.61363103199983,131072
Nemotron3-Super-120B (FP8),swe_verified,fixed_k3,3,greedy,4,nemotron3_super_swe_verified_rollout_fixed_k3_20260713,3,31.37257288500041,131072
Nemotron3-Ultra-550B (NVFP4),openmath,baseline,0,-,4,nemotron3_ultra_openmath_rollout_baseline_20260713,0,14.888915077997808,19806
Nemotron3-Ultra-550B (NVFP4),openmath,baseline,0,-,4,nemotron3_ultra_openmath_rollout_baseline_20260713,0,60.26057340799889,131072
Nemotron3-Ultra-550B (NVFP4),openmath,baseline,0,-,4,nemotron3_ultra_openmath_rollout_baseline_20260713,1,69.44966392599963,131072
Nemotron3-Ultra-550B (NVFP4),openmath,baseline,0,-,4,nemotron3_ultra_openmath_rollout_baseline_20260713,1,69.44966392599963,104429
Nemotron3-Ultra-550B (NVFP4),openmath,baseline,0,-,4,nemotron3_ultra_openmath_rollout_baseline_20260713,2,71.17502251100086,131072
Nemotron3-Ultra-550B (NVFP4),openmath,baseline,0,-,4,nemotron3_ultra_openmath_rollout_baseline_20260713,2,71.17502251100086,127047
Nemotron3-Ultra-550B (NVFP4),openmath,baseline,0,-,4,nemotron3_ultra_openmath_rollout_baseline_20260713,3,70.22942635100117,131072
Nemotron3-Ultra-550B (NVFP4),openmath,baseline,0,-,4,nemotron3_ultra_openmath_rollout_baseline_20260713,3,70.22942635100117,131072
Nemotron3-Ultra-550B (NVFP4),openmath,dynamic,3,greedy,4,nemotron3_ultra_openmath_rollout_dynamic_20260713,0,8.591160400999797,21262
Nemotron3-Ultra-550B (NVFP4),openmath,dynamic,3,greedy,4,nemotron3_ultra_openmath_rollout_dynamic_20260713,0,34.509401177001564,131072
Nemotron3-Ultra-550B (NVFP4),openmath,dynamic,3,greedy,4,nemotron3_ultra_openmath_rollout_dynamic_20260713,1,38.780771441997786,131072
Nemotron3-Ultra-550B (NVFP4),openmath,dynamic,3,greedy,4,nemotron3_ultra_openmath_rollout_dynamic_20260713,1,38.60152671000105,114878
Nemotron3-Ultra-550B (NVFP4),openmath,dynamic,3,greedy,4,nemotron3_ultra_openmath_rollout_dynamic_20260713,2,39.85512520699922,131072
Nemotron3-Ultra-550B (NVFP4),openmath,dynamic,3,greedy,4,nemotron3_ultra_openmath_rollout_dynamic_20260713,2,39.5256528769969,129565
Nemotron3-Ultra-550B (NVFP4),openmath,dynamic,3,greedy,4,nemotron3_ultra_openmath_rollout_dynamic_20260713,3,41.52980282499993,131072
Nemotron3-Ultra-550B (NVFP4),openmath,dynamic,3,greedy,4,nemotron3_ultra_openmath_rollout_dynamic_20260713,3,42.121854041000915,131072
Nemotron3-Ultra-550B (NVFP4),openmath,fixed_k3,3,greedy,4,nemotron3_ultra_openmath_rollout_fixed_k3_20260713,0,8.83027572300125,20267
Nemotron3-Ultra-550B (NVFP4),openmath,fixed_k3,3,greedy,4,nemotron3_ultra_openmath_rollout_fixed_k3_20260713,0,34.52707032200124,130400
Nemotron3-Ultra-550B (NVFP4),openmath,fixed_k3,3,greedy,4,nemotron3_ultra_openmath_rollout_fixed_k3_20260713,1,38.69267206999939,131072
Nemotron3-Ultra-550B (NVFP4),openmath,fixed_k3,3,greedy,4,nemotron3_ultra_openmath_rollout_fixed_k3_20260713,1,38.24024156299856,107429
Nemotron3-Ultra-550B (NVFP4),openmath,fixed_k3,3,greedy,4,nemotron3_ultra_openmath_rollout_fixed_k3_20260713,2,39.826063013999374,131072
Nemotron3-Ultra-550B (NVFP4),openmath,fixed_k3,3,greedy,4,nemotron3_ultra_openmath_rollout_fixed_k3_20260713,2,39.424776239000494,129744
Nemotron3-Ultra-550B (NVFP4),openmath,fixed_k3,3,greedy,4,nemotron3_ultra_openmath_rollout_fixed_k3_20260713,3,42.19880478199775,131072
Nemotron3-Ultra-550B (NVFP4),openmath,fixed_k3,3,greedy,4,nemotron3_ultra_openmath_rollout_fixed_k3_20260713,3,42.053067937999,131072
Nemotron3-Ultra-550B (NVFP4),swe_verified,baseline,0,-,4,nemotron3_ultra_swe_verified_rollout_baseline_20260713,0,70.95951016799881,124290
Nemotron3-Ultra-550B (NVFP4),swe_verified,baseline,0,-,4,nemotron3_ultra_swe_verified_rollout_baseline_20260713,0,70.98616286600009,123670
Nemotron3-Ultra-550B (NVFP4),swe_verified,baseline,0,-,4,nemotron3_ultra_swe_verified_rollout_baseline_20260713,1,69.09744994900029,92071
Nemotron3-Ultra-550B (NVFP4),swe_verified,baseline,0,-,4,nemotron3_ultra_swe_verified_rollout_baseline_20260713,1,69.12919272799991,128943
Nemotron3-Ultra-550B (NVFP4),swe_verified,baseline,0,-,4,nemotron3_ultra_swe_verified_rollout_baseline_20260713,2,74.41755795900099,122975
Nemotron3-Ultra-550B (NVFP4),swe_verified,baseline,0,-,4,nemotron3_ultra_swe_verified_rollout_baseline_20260713,2,74.45261269700131,131072
Nemotron3-Ultra-550B (NVFP4),swe_verified,baseline,0,-,4,nemotron3_ultra_swe_verified_rollout_baseline_20260713,3,68.16149514099743,94006
Nemotron3-Ultra-550B (NVFP4),swe_verified,baseline,0,-,4,nemotron3_ultra_swe_verified_rollout_baseline_20260713,3,68.17483129599714,131072
Nemotron3-Ultra-550B (NVFP4),swe_verified,dynamic,3,greedy,4,nemotron3_ultra_swe_verified_rollout_dynamic_20260713,0,38.63938195300216,128299
Nemotron3-Ultra-550B (NVFP4),swe_verified,dynamic,3,greedy,4,nemotron3_ultra_swe_verified_rollout_dynamic_20260713,0,38.283295961002295,127000
Nemotron3-Ultra-550B (NVFP4),swe_verified,dynamic,3,greedy,4,nemotron3_ultra_swe_verified_rollout_dynamic_20260713,1,36.620184971001436,83627
Nemotron3-Ultra-550B (NVFP4),swe_verified,dynamic,3,greedy,4,nemotron3_ultra_swe_verified_rollout_dynamic_20260713,1,36.630465191999974,131072
Nemotron3-Ultra-550B (NVFP4),swe_verified,dynamic,3,greedy,4,nemotron3_ultra_swe_verified_rollout_dynamic_20260713,2,71.2514030099992,114644
Nemotron3-Ultra-550B (NVFP4),swe_verified,dynamic,3,greedy,4,nemotron3_ultra_swe_verified_rollout_dynamic_20260713,2,40.11472837100155,131072
Nemotron3-Ultra-550B (NVFP4),swe_verified,dynamic,3,greedy,4,nemotron3_ultra_swe_verified_rollout_dynamic_20260713,3,35.50191685099708,96281
Nemotron3-Ultra-550B (NVFP4),swe_verified,dynamic,3,greedy,4,nemotron3_ultra_swe_verified_rollout_dynamic_20260713,3,35.731416708000324,131072
Nemotron3-Ultra-550B (NVFP4),swe_verified,fixed_k3,3,greedy,4,nemotron3_ultra_swe_verified_rollout_fixed_k3_20260713,0,38.14616524000303,130986
Nemotron3-Ultra-550B (NVFP4),swe_verified,fixed_k3,3,greedy,4,nemotron3_ultra_swe_verified_rollout_fixed_k3_20260713,0,38.11414060300012,116603
Nemotron3-Ultra-550B (NVFP4),swe_verified,fixed_k3,3,greedy,4,nemotron3_ultra_swe_verified_rollout_fixed_k3_20260713,1,37.125085070998466,102608
Nemotron3-Ultra-550B (NVFP4),swe_verified,fixed_k3,3,greedy,4,nemotron3_ultra_swe_verified_rollout_fixed_k3_20260713,1,37.29511076500057,131072
Nemotron3-Ultra-550B (NVFP4),swe_verified,fixed_k3,3,greedy,4,nemotron3_ultra_swe_verified_rollout_fixed_k3_20260713,2,70.23425442999724,108580
Nemotron3-Ultra-550B (NVFP4),swe_verified,fixed_k3,3,greedy,4,nemotron3_ultra_swe_verified_rollout_fixed_k3_20260713,2,40.25235619700106,131072
Nemotron3-Ultra-550B (NVFP4),swe_verified,fixed_k3,3,greedy,4,nemotron3_ultra_swe_verified_rollout_fixed_k3_20260713,3,34.772912104999705,96471
Nemotron3-Ultra-550B (NVFP4),swe_verified,fixed_k3,3,greedy,4,nemotron3_ultra_swe_verified_rollout_fixed_k3_20260713,3,35.377116708994436,131072
Qwen3-235B-A22B,dapo,baseline,0,-,4,qwen3_235b_dapo_rollout_baseline_20260712,0,155.15517233707942,262144
Qwen3-235B-A22B,dapo,baseline,0,-,4,qwen3_235b_dapo_rollout_baseline_20260712,0,155.15517233707942,262144
Qwen3-235B-A22B,dapo,baseline,0,-,4,qwen3_235b_dapo_rollout_baseline_20260712,1,159.49337835097685,259246
Qwen3-235B-A22B,dapo,baseline,0,-,4,qwen3_235b_dapo_rollout_baseline_20260712,1,159.49337835097685,243859
Qwen3-235B-A22B,dapo,baseline,0,-,4,qwen3_235b_dapo_rollout_baseline_20260712,2,158.06278705503792,179316
Qwen3-235B-A22B,dapo,baseline,0,-,4,qwen3_235b_dapo_rollout_baseline_20260712,2,158.06278705503792,262144
Qwen3-235B-A22B,dapo,baseline,0,-,4,qwen3_235b_dapo_rollout_baseline_20260712,3,158.89005005802028,213118
Qwen3-235B-A22B,dapo,baseline,0,-,4,qwen3_235b_dapo_rollout_baseline_20260712,3,158.89005005802028,262144
Qwen3-235B-A22B,dapo,dynamic,5,greedy,4,qwen3_235b_dapo_rollout_dynamic_20260712,0,163.4965448579751,262144
Qwen3-235B-A22B,dapo,dynamic,5,greedy,4,qwen3_235b_dapo_rollout_dynamic_20260712,0,163.4965448579751,262144
Qwen3-235B-A22B,dapo,dynamic,5,greedy,4,qwen3_235b_dapo_rollout_dynamic_20260712,1,285.7398550759535,260569
Qwen3-235B-A22B,dapo,dynamic,5,greedy,4,qwen3_235b_dapo_rollout_dynamic_20260712,1,286.96793298679404,242340
Qwen3-235B-A22B,dapo,dynamic,5,greedy,4,qwen3_235b_dapo_rollout_dynamic_20260712,2,368.81086185993627,183173
Qwen3-235B-A22B,dapo,dynamic,5,greedy,4,qwen3_235b_dapo_rollout_dynamic_20260712,2,377.7814412978478,262144
Qwen3-235B-A22B,dapo,dynamic,5,greedy,4,qwen3_235b_dapo_rollout_dynamic_20260712,3,349.0105799390003,221271
Qwen3-235B-A22B,dapo,dynamic,5,greedy,4,qwen3_235b_dapo_rollout_dynamic_20260712,3,359.0629343078472,262144
Qwen3-235B-A22B,dapo,fixed_k3,3,greedy,4,qwen3_235b_dapo_rollout_fixed_k3_20260712,0,425.33829008298926,262144
Qwen3-235B-A22B,dapo,fixed_k3,3,greedy,4,qwen3_235b_dapo_rollout_fixed_k3_20260712,0,426.4430252179736,262144
Qwen3-235B-A22B,dapo,fixed_k3,3,greedy,4,qwen3_235b_dapo_rollout_fixed_k3_20260712,1,425.72338806599146,258015
Qwen3-235B-A22B,dapo,fixed_k3,3,greedy,4,qwen3_235b_dapo_rollout_fixed_k3_20260712,1,430.89733635197626,245011
Qwen3-235B-A22B,dapo,fixed_k3,3,greedy,4,qwen3_235b_dapo_rollout_fixed_k3_20260712,2,375.6401803769986,192530
Qwen3-235B-A22B,dapo,fixed_k3,3,greedy,4,qwen3_235b_dapo_rollout_fixed_k3_20260712,2,381.01157873601187,262144
Qwen3-235B-A22B,dapo,fixed_k3,3,greedy,4,qwen3_235b_dapo_rollout_fixed_k3_20260712,3,431.7592297310475,222449
Qwen3-235B-A22B,dapo,fixed_k3,3,greedy,4,qwen3_235b_dapo_rollout_fixed_k3_20260712,3,493.50459493801463,262144
Qwen3-235B-A22B,math500,baseline,0,-,4,qwen3_235b_math500_rollout_baseline_20260712,0,56.92526320298202,60661
Qwen3-235B-A22B,math500,baseline,0,-,4,qwen3_235b_math500_rollout_baseline_20260712,0,138.09523000195622,220043
Qwen3-235B-A22B,math500,baseline,0,-,4,qwen3_235b_math500_rollout_baseline_20260712,1,61.86283373599872,77039
Qwen3-235B-A22B,math500,baseline,0,-,4,qwen3_235b_math500_rollout_baseline_20260712,1,60.19199452199973,80092
Qwen3-235B-A22B,math500,baseline,0,-,4,qwen3_235b_math500_rollout_baseline_20260712,2,146.44231276703067,209431
Qwen3-235B-A22B,math500,baseline,0,-,4,qwen3_235b_math500_rollout_baseline_20260712,2,83.16634499101201,106410
Qwen3-235B-A22B,math500,baseline,0,-,4,qwen3_235b_math500_rollout_baseline_20260712,3,113.63273703795858,160393
Qwen3-235B-A22B,math500,baseline,0,-,4,qwen3_235b_math500_rollout_baseline_20260712,3,126.62923585897079,151352
Qwen3-235B-A22B,math500,dynamic,5,greedy,4,qwen3_235b_math500_rollout_dynamic_20260712,0,107.07264205399952,59951
Qwen3-235B-A22B,math500,dynamic,5,greedy,4,qwen3_235b_math500_rollout_dynamic_20260712,0,246.21088965299987,220310
Qwen3-235B-A22B,math500,dynamic,5,greedy,4,qwen3_235b_math500_rollout_dynamic_20260712,1,102.89744246800001,70444
Qwen3-235B-A22B,math500,dynamic,5,greedy,4,qwen3_235b_math500_rollout_dynamic_20260712,1,103.4369675429989,80597
Qwen3-235B-A22B,math500,dynamic,5,greedy,4,qwen3_235b_math500_rollout_dynamic_20260712,2,385.7021103650004,226789
Qwen3-235B-A22B,math500,dynamic,5,greedy,4,qwen3_235b_math500_rollout_dynamic_20260712,2,246.35838683399925,102371
Qwen3-235B-A22B,math500,dynamic,5,greedy,4,qwen3_235b_math500_rollout_dynamic_20260712,3,196.03331206599978,148330
Qwen3-235B-A22B,math500,dynamic,5,greedy,4,qwen3_235b_math500_rollout_dynamic_20260712,3,190.7651884120005,140652
Qwen3-235B-A22B,math500,fixed_k3,3,greedy,4,qwen3_235b_math500_rollout_fixed_k3_20260712,0,110.16758923698217,59257
Qwen3-235B-A22B,math500,fixed_k3,3,greedy,4,qwen3_235b_math500_rollout_fixed_k3_20260712,0,304.9911968559027,221022
Qwen3-235B-A22B,math500,fixed_k3,3,greedy,4,qwen3_235b_math500_rollout_fixed_k3_20260712,1,116.63664175500162,77581
Qwen3-235B-A22B,math500,fixed_k3,3,greedy,4,qwen3_235b_math500_rollout_fixed_k3_20260712,1,115.44160091597587,76383
Qwen3-235B-A22B,math500,fixed_k3,3,greedy,4,qwen3_235b_math500_rollout_fixed_k3_20260712,2,425.4739336192142,221738
Qwen3-235B-A22B,math500,fixed_k3,3,greedy,4,qwen3_235b_math500_rollout_fixed_k3_20260712,2,284.2978629160207,113209
Qwen3-235B-A22B,math500,fixed_k3,3,greedy,4,qwen3_235b_math500_rollout_fixed_k3_20260712,3,240.07707600481808,139045
Qwen3-235B-A22B,math500,fixed_k3,3,greedy,4,qwen3_235b_math500_rollout_fixed_k3_20260712,3,234.91928774490952,147622
Qwen3-235B-A22B,openmath,baseline,0,-,4,qwen3_235b_openmath_rollout_baseline_20260712c,0,120.59393692499725,135817
Qwen3-235B-A22B,openmath,baseline,0,-,4,qwen3_235b_openmath_rollout_baseline_20260712c,0,153.98132700496353,262144
Qwen3-235B-A22B,openmath,baseline,0,-,4,qwen3_235b_openmath_rollout_baseline_20260712c,1,151.24924586899579,241067
Qwen3-235B-A22B,openmath,baseline,0,-,4,qwen3_235b_openmath_rollout_baseline_20260712c,1,140.25086346501485,151725
Qwen3-235B-A22B,openmath,baseline,0,-,4,qwen3_235b_openmath_rollout_baseline_20260712c,2,161.58253708400298,262144
Qwen3-235B-A22B,openmath,baseline,0,-,4,qwen3_235b_openmath_rollout_baseline_20260712c,2,161.58253708400298,222851
Qwen3-235B-A22B,openmath,baseline,0,-,4,qwen3_235b_openmath_rollout_baseline_20260712c,3,159.73617813899182,248301
Qwen3-235B-A22B,openmath,baseline,0,-,4,qwen3_235b_openmath_rollout_baseline_20260712c,3,159.73617813899182,262144
Qwen3-235B-A22B,openmath,dynamic,5,greedy,4,qwen3_235b_openmath_rollout_dynamic_20260712,0,350.614686720015,139933
Qwen3-235B-A22B,openmath,dynamic,5,greedy,4,qwen3_235b_openmath_rollout_dynamic_20260712,0,379.48780264297966,262144
Qwen3-235B-A22B,openmath,dynamic,5,greedy,4,qwen3_235b_openmath_rollout_dynamic_20260712,1,304.50535407004645,232955
Qwen3-235B-A22B,openmath,dynamic,5,greedy,4,qwen3_235b_openmath_rollout_dynamic_20260712,1,242.1238930860418,156675
Qwen3-235B-A22B,openmath,dynamic,5,greedy,4,qwen3_235b_openmath_rollout_dynamic_20260712,2,371.7770335910027,262144
Qwen3-235B-A22B,openmath,dynamic,5,greedy,4,qwen3_235b_openmath_rollout_dynamic_20260712,2,374.18526504497277,219391
Qwen3-235B-A22B,openmath,dynamic,5,greedy,4,qwen3_235b_openmath_rollout_dynamic_20260712,3,274.4730035010143,251859
Qwen3-235B-A22B,openmath,dynamic,5,greedy,4,qwen3_235b_openmath_rollout_dynamic_20260712,3,274.9959812450106,262144
Qwen3-235B-A22B,openmath,fixed_k3,3,greedy,4,qwen3_235b_openmath_rollout_fixed_k3_20260712,0,305.6798259639763,132494
Qwen3-235B-A22B,openmath,fixed_k3,3,greedy,4,qwen3_235b_openmath_rollout_fixed_k3_20260712,0,422.480731336982,262144
Qwen3-235B-A22B,openmath,fixed_k3,3,greedy,4,qwen3_235b_openmath_rollout_fixed_k3_20260712,1,386.05761261301814,243290
Qwen3-235B-A22B,openmath,fixed_k3,3,greedy,4,qwen3_235b_openmath_rollout_fixed_k3_20260712,1,290.8558614489739,158389
Qwen3-235B-A22B,openmath,fixed_k3,3,greedy,4,qwen3_235b_openmath_rollout_fixed_k3_20260712,2,399.6206447229488,262144
Qwen3-235B-A22B,openmath,fixed_k3,3,greedy,4,qwen3_235b_openmath_rollout_fixed_k3_20260712,2,406.8898589289747,218735
Qwen3-235B-A22B,openmath,fixed_k3,3,greedy,4,qwen3_235b_openmath_rollout_fixed_k3_20260712,3,465.792602194997,247780
Qwen3-235B-A22B,openmath,fixed_k3,3,greedy,4,qwen3_235b_openmath_rollout_fixed_k3_20260712,3,474.43528262298787,262144
Qwen3-235B-A22B,swe_verified,baseline,0,-,4,qwen3_235b_swe_verified_rollout_baseline_20260712,0,158.42882590997033,196157
Qwen3-235B-A22B,swe_verified,baseline,0,-,4,qwen3_235b_swe_verified_rollout_baseline_20260712,0,158.42882590997033,188768
Qwen3-235B-A22B,swe_verified,baseline,0,-,4,qwen3_235b_swe_verified_rollout_baseline_20260712,1,107.13925826898776,113139
Qwen3-235B-A22B,swe_verified,baseline,0,-,4,qwen3_235b_swe_verified_rollout_baseline_20260712,1,107.16804751893505,98182
Qwen3-235B-A22B,swe_verified,baseline,0,-,4,qwen3_235b_swe_verified_rollout_baseline_20260712,2,139.14207997289486,99970
Qwen3-235B-A22B,swe_verified,baseline,0,-,4,qwen3_235b_swe_verified_rollout_baseline_20260712,2,154.687166986987,234656
Qwen3-235B-A22B,swe_verified,baseline,0,-,4,qwen3_235b_swe_verified_rollout_baseline_20260712,3,128.53837169706821,104791
Qwen3-235B-A22B,swe_verified,baseline,0,-,4,qwen3_235b_swe_verified_rollout_baseline_20260712,3,149.80633099004626,246020
Qwen3-235B-A22B,swe_verified,dynamic,5,greedy,4,qwen3_235b_swe_verified_rollout_dynamic_20260712,0,557.7610735749986,209048
Qwen3-235B-A22B,swe_verified,dynamic,5,greedy,4,qwen3_235b_swe_verified_rollout_dynamic_20260712,0,554.5713522110018,210554
Qwen3-235B-A22B,swe_verified,dynamic,5,greedy,4,qwen3_235b_swe_verified_rollout_dynamic_20260712,1,278.4183585209976,123021
Qwen3-235B-A22B,swe_verified,dynamic,5,greedy,4,qwen3_235b_swe_verified_rollout_dynamic_20260712,1,249.40835899399826,96802
Qwen3-235B-A22B,swe_verified,dynamic,5,greedy,4,qwen3_235b_swe_verified_rollout_dynamic_20260712,2,358.66694719899533,88095
Qwen3-235B-A22B,swe_verified,dynamic,5,greedy,4,qwen3_235b_swe_verified_rollout_dynamic_20260712,2,535.1528751779988,225191
Qwen3-235B-A22B,swe_verified,dynamic,5,greedy,4,qwen3_235b_swe_verified_rollout_dynamic_20260712,3,501.19263279399456,87993
Qwen3-235B-A22B,swe_verified,dynamic,5,greedy,4,qwen3_235b_swe_verified_rollout_dynamic_20260712,3,544.8672162009971,254255
Qwen3-235B-A22B,swe_verified,fixed_k3,3,greedy,4,qwen3_235b_swe_verified_rollout_fixed_k3_20260712,0,504.5712451870786,201513
Qwen3-235B-A22B,swe_verified,fixed_k3,3,greedy,4,qwen3_235b_swe_verified_rollout_fixed_k3_20260712,0,499.3766210480826,207600
Qwen3-235B-A22B,swe_verified,fixed_k3,3,greedy,4,qwen3_235b_swe_verified_rollout_fixed_k3_20260712,1,261.6768957930617,116876
Qwen3-235B-A22B,swe_verified,fixed_k3,3,greedy,4,qwen3_235b_swe_verified_rollout_fixed_k3_20260712,1,275.6036496059969,95324
Qwen3-235B-A22B,swe_verified,fixed_k3,3,greedy,4,qwen3_235b_swe_verified_rollout_fixed_k3_20260712,2,354.6208092920715,97088
Qwen3-235B-A22B,swe_verified,fixed_k3,3,greedy,4,qwen3_235b_swe_verified_rollout_fixed_k3_20260712,2,528.9344619690673,229795
Qwen3-235B-A22B,swe_verified,fixed_k3,3,greedy,4,qwen3_235b_swe_verified_rollout_fixed_k3_20260712,3,510.6593856350519,93672
Qwen3-235B-A22B,swe_verified,fixed_k3,3,greedy,4,qwen3_235b_swe_verified_rollout_fixed_k3_20260712,3,513.552257274976,248405
Qwen3-30B-A3B (40K),openmath,baseline,0,-,2,qwen3_30ba3b_40k_openmath_rollout_baseline_20260712,0,52.11297996388748,108973
Qwen3-30B-A3B (40K),openmath,baseline,0,-,2,qwen3_30ba3b_40k_openmath_rollout_baseline_20260712,0,105.64035223284736,343303
Qwen3-30B-A3B (40K),openmath,baseline,0,-,2,qwen3_30ba3b_40k_openmath_rollout_baseline_20260712,0,104.98317468096502,284872
Qwen3-30B-A3B (40K),openmath,baseline,0,-,2,qwen3_30ba3b_40k_openmath_rollout_baseline_20260712,0,77.44311569980346,198866
Qwen3-30B-A3B (40K),openmath,baseline,0,-,2,qwen3_30ba3b_40k_openmath_rollout_baseline_20260712,1,206.17072615306824,605781
Qwen3-30B-A3B (40K),openmath,baseline,0,-,2,qwen3_30ba3b_40k_openmath_rollout_baseline_20260712,1,67.80961109790951,141871
Qwen3-30B-A3B (40K),openmath,baseline,0,-,2,qwen3_30ba3b_40k_openmath_rollout_baseline_20260712,1,101.1265657718759,226441
Qwen3-30B-A3B (40K),openmath,baseline,0,-,2,qwen3_30ba3b_40k_openmath_rollout_baseline_20260712,1,165.61163612408563,393576
Qwen3-30B-A3B (40K),openmath,dynamic,5,greedy,2,qwen3_30ba3b_40k_openmath_rollout_dynamic_20260712,0,38.86662439198699,94002
Qwen3-30B-A3B (40K),openmath,dynamic,5,greedy,2,qwen3_30ba3b_40k_openmath_rollout_dynamic_20260712,0,144.21987628599163,341921
Qwen3-30B-A3B (40K),openmath,dynamic,5,greedy,2,qwen3_30ba3b_40k_openmath_rollout_dynamic_20260712,0,119.34997254301561,284424
Qwen3-30B-A3B (40K),openmath,dynamic,5,greedy,2,qwen3_30ba3b_40k_openmath_rollout_dynamic_20260712,0,68.44721290899906,197198
Qwen3-30B-A3B (40K),openmath,dynamic,5,greedy,2,qwen3_30ba3b_40k_openmath_rollout_dynamic_20260712,1,347.3047329870169,597103
Qwen3-30B-A3B (40K),openmath,dynamic,5,greedy,2,qwen3_30ba3b_40k_openmath_rollout_dynamic_20260712,1,52.964479469985235,145016
Qwen3-30B-A3B (40K),openmath,dynamic,5,greedy,2,qwen3_30ba3b_40k_openmath_rollout_dynamic_20260712,1,114.07686372002354,226380
Qwen3-30B-A3B (40K),openmath,dynamic,5,greedy,2,qwen3_30ba3b_40k_openmath_rollout_dynamic_20260712,1,188.5600216020248,397651
Qwen3-30B-A3B (40K),openmath,fixed_k3,3,greedy,2,qwen3_30ba3b_40k_openmath_rollout_fixed_k3_20260712,0,33.152908459014725,98568
Qwen3-30B-A3B (40K),openmath,fixed_k3,3,greedy,2,qwen3_30ba3b_40k_openmath_rollout_fixed_k3_20260712,0,77.06848567002453,335599
Qwen3-30B-A3B (40K),openmath,fixed_k3,3,greedy,2,qwen3_30ba3b_40k_openmath_rollout_fixed_k3_20260712,0,68.54841236700304,284750
Qwen3-30B-A3B (40K),openmath,fixed_k3,3,greedy,2,qwen3_30ba3b_40k_openmath_rollout_fixed_k3_20260712,0,44.59121778100962,200591
Qwen3-30B-A3B (40K),openmath,fixed_k3,3,greedy,2,qwen3_30ba3b_40k_openmath_rollout_fixed_k3_20260712,1,185.8138116929913,623265
Qwen3-30B-A3B (40K),openmath,fixed_k3,3,greedy,2,qwen3_30ba3b_40k_openmath_rollout_fixed_k3_20260712,1,27.14225075399736,142587
Qwen3-30B-A3B (40K),openmath,fixed_k3,3,greedy,2,qwen3_30ba3b_40k_openmath_rollout_fixed_k3_20260712,1,79.62072304903995,238213
Qwen3-30B-A3B (40K),openmath,fixed_k3,3,greedy,2,qwen3_30ba3b_40k_openmath_rollout_fixed_k3_20260712,1,129.13367188203847,376201
Qwen3-30B-A3B,dapo,baseline,0,-,1,qwen3_30ba3b_dapo_rollout_baseline_20260712b,0,54.01948442496359,131072
Qwen3-30B-A3B,dapo,baseline,0,-,1,qwen3_30ba3b_dapo_rollout_baseline_20260712b,0,54.01948442496359,131072
Qwen3-30B-A3B,dapo,baseline,0,-,1,qwen3_30ba3b_dapo_rollout_baseline_20260712b,0,54.01948442496359,131072
Qwen3-30B-A3B,dapo,baseline,0,-,1,qwen3_30ba3b_dapo_rollout_baseline_20260712b,0,54.01948442496359,131072
Qwen3-30B-A3B,dapo,baseline,0,-,1,qwen3_30ba3b_dapo_rollout_baseline_20260712b,1,54.18080343102338,131072
Qwen3-30B-A3B,dapo,baseline,0,-,1,qwen3_30ba3b_dapo_rollout_baseline_20260712b,1,54.18080343102338,131072
Qwen3-30B-A3B,dapo,baseline,0,-,1,qwen3_30ba3b_dapo_rollout_baseline_20260712b,1,54.18080343102338,131072
Qwen3-30B-A3B,dapo,baseline,0,-,1,qwen3_30ba3b_dapo_rollout_baseline_20260712b,1,54.18080343102338,131072
Qwen3-30B-A3B,dapo,baseline,0,-,1,qwen3_30ba3b_dapo_rollout_baseline_20260712b,2,53.69296497903997,131072
Qwen3-30B-A3B,dapo,baseline,0,-,1,qwen3_30ba3b_dapo_rollout_baseline_20260712b,2,53.69296497903997,131072
Qwen3-30B-A3B,dapo,baseline,0,-,1,qwen3_30ba3b_dapo_rollout_baseline_20260712b,2,53.69296497903997,131072
Qwen3-30B-A3B,dapo,baseline,0,-,1,qwen3_30ba3b_dapo_rollout_baseline_20260712b,2,53.69296497903997,131072
Qwen3-30B-A3B,dapo,baseline,0,-,1,qwen3_30ba3b_dapo_rollout_baseline_20260712b,3,55.09678125096252,130112
Qwen3-30B-A3B,dapo,baseline,0,-,1,qwen3_30ba3b_dapo_rollout_baseline_20260712b,3,55.09678125096252,131072
Qwen3-30B-A3B,dapo,baseline,0,-,1,qwen3_30ba3b_dapo_rollout_baseline_20260712b,3,55.09678125096252,131072
Qwen3-30B-A3B,dapo,baseline,0,-,1,qwen3_30ba3b_dapo_rollout_baseline_20260712b,3,55.09678125096252,131072
Qwen3-30B-A3B,dapo,dynamic,5,greedy,1,qwen3_30ba3b_dapo_rollout_dynamic_20260712b,0,31.30940411303891,131072
Qwen3-30B-A3B,dapo,dynamic,5,greedy,1,qwen3_30ba3b_dapo_rollout_dynamic_20260712b,0,32.06342043902259,131072
Qwen3-30B-A3B,dapo,dynamic,5,greedy,1,qwen3_30ba3b_dapo_rollout_dynamic_20260712b,0,30.15547672403045,131072
Qwen3-30B-A3B,dapo,dynamic,5,greedy,1,qwen3_30ba3b_dapo_rollout_dynamic_20260712b,0,31.090239136014134,131072
Qwen3-30B-A3B,dapo,dynamic,5,greedy,1,qwen3_30ba3b_dapo_rollout_dynamic_20260712b,1,27.519030202995054,131072
Qwen3-30B-A3B,dapo,dynamic,5,greedy,1,qwen3_30ba3b_dapo_rollout_dynamic_20260712b,1,26.91934746300103,131072
Qwen3-30B-A3B,dapo,dynamic,5,greedy,1,qwen3_30ba3b_dapo_rollout_dynamic_20260712b,1,28.293558505014516,131072
Qwen3-30B-A3B,dapo,dynamic,5,greedy,1,qwen3_30ba3b_dapo_rollout_dynamic_20260712b,1,31.933488602982834,131072
Qwen3-30B-A3B,dapo,dynamic,5,greedy,1,qwen3_30ba3b_dapo_rollout_dynamic_20260712b,2,28.270907318976242,131072
Qwen3-30B-A3B,dapo,dynamic,5,greedy,1,qwen3_30ba3b_dapo_rollout_dynamic_20260712b,2,29.12704713299172,131072
Qwen3-30B-A3B,dapo,dynamic,5,greedy,1,qwen3_30ba3b_dapo_rollout_dynamic_20260712b,2,31.55119631695561,131072
Qwen3-30B-A3B,dapo,dynamic,5,greedy,1,qwen3_30ba3b_dapo_rollout_dynamic_20260712b,2,29.207345981965773,131072
Qwen3-30B-A3B,dapo,dynamic,5,greedy,1,qwen3_30ba3b_dapo_rollout_dynamic_20260712b,3,25.813729493995197,130916
Qwen3-30B-A3B,dapo,dynamic,5,greedy,1,qwen3_30ba3b_dapo_rollout_dynamic_20260712b,3,31.14375814696541,131072
Qwen3-30B-A3B,dapo,dynamic,5,greedy,1,qwen3_30ba3b_dapo_rollout_dynamic_20260712b,3,28.639867811987642,131072
Qwen3-30B-A3B,dapo,dynamic,5,greedy,1,qwen3_30ba3b_dapo_rollout_dynamic_20260712b,3,28.9625702239573,131072
Qwen3-30B-A3B,dapo,fixed_k3,3,greedy,1,qwen3_30ba3b_dapo_rollout_fixed_k3_20260712b,0,29.134608434978873,131072
Qwen3-30B-A3B,dapo,fixed_k3,3,greedy,1,qwen3_30ba3b_dapo_rollout_fixed_k3_20260712b,0,29.586720851017162,131072
Qwen3-30B-A3B,dapo,fixed_k3,3,greedy,1,qwen3_30ba3b_dapo_rollout_fixed_k3_20260712b,0,28.085788943979423,131072
Qwen3-30B-A3B,dapo,fixed_k3,3,greedy,1,qwen3_30ba3b_dapo_rollout_fixed_k3_20260712b,0,28.90938061400084,131072
Qwen3-30B-A3B,dapo,fixed_k3,3,greedy,1,qwen3_30ba3b_dapo_rollout_fixed_k3_20260712b,1,25.98927958199056,131072
Qwen3-30B-A3B,dapo,fixed_k3,3,greedy,1,qwen3_30ba3b_dapo_rollout_fixed_k3_20260712b,1,25.513331455993466,131072
Qwen3-30B-A3B,dapo,fixed_k3,3,greedy,1,qwen3_30ba3b_dapo_rollout_fixed_k3_20260712b,1,26.893220519996248,131072
Qwen3-30B-A3B,dapo,fixed_k3,3,greedy,1,qwen3_30ba3b_dapo_rollout_fixed_k3_20260712b,1,29.343439593038056,131072
Qwen3-30B-A3B,dapo,fixed_k3,3,greedy,1,qwen3_30ba3b_dapo_rollout_fixed_k3_20260712b,2,26.343042024993338,131072
Qwen3-30B-A3B,dapo,fixed_k3,3,greedy,1,qwen3_30ba3b_dapo_rollout_fixed_k3_20260712b,2,27.173619623994455,131072
Qwen3-30B-A3B,dapo,fixed_k3,3,greedy,1,qwen3_30ba3b_dapo_rollout_fixed_k3_20260712b,2,28.75012137601152,131072
Qwen3-30B-A3B,dapo,fixed_k3,3,greedy,1,qwen3_30ba3b_dapo_rollout_fixed_k3_20260712b,2,27.16212492599152,131072
Qwen3-30B-A3B,dapo,fixed_k3,3,greedy,1,qwen3_30ba3b_dapo_rollout_fixed_k3_20260712b,3,24.040755973022897,130916
Qwen3-30B-A3B,dapo,fixed_k3,3,greedy,1,qwen3_30ba3b_dapo_rollout_fixed_k3_20260712b,3,28.699250532023143,131072
Qwen3-30B-A3B,dapo,fixed_k3,3,greedy,1,qwen3_30ba3b_dapo_rollout_fixed_k3_20260712b,3,26.631328682997264,131072
Qwen3-30B-A3B,dapo,fixed_k3,3,greedy,1,qwen3_30ba3b_dapo_rollout_fixed_k3_20260712b,3,27.41479338501813,131072
Qwen3-30B-A3B,math500,baseline,0,-,1,qwen3_30ba3b_math500_rollout_baseline_20260712,0,25.714997313916683,55370
Qwen3-30B-A3B,math500,baseline,0,-,1,qwen3_30ba3b_math500_rollout_baseline_20260712,0,42.7708676350303,131072
Qwen3-30B-A3B,math500,baseline,0,-,1,qwen3_30ba3b_math500_rollout_baseline_20260712,0,36.31892144191079,74499
Qwen3-30B-A3B,math500,baseline,0,-,1,qwen3_30ba3b_math500_rollout_baseline_20260712,0,31.4018859770149,66926
Qwen3-30B-A3B,math500,baseline,0,-,1,qwen3_30ba3b_math500_rollout_baseline_20260712,1,51.56705141393468,124289
Qwen3-30B-A3B,math500,baseline,0,-,1,qwen3_30ba3b_math500_rollout_baseline_20260712,1,51.56705141393468,71372
Qwen3-30B-A3B,math500,baseline,0,-,1,qwen3_30ba3b_math500_rollout_baseline_20260712,1,51.56705141393468,127155
Qwen3-30B-A3B,math500,baseline,0,-,1,qwen3_30ba3b_math500_rollout_baseline_20260712,1,51.56705141393468,126778
Qwen3-30B-A3B,math500,baseline,0,-,1,qwen3_30ba3b_math500_rollout_baseline_20260712,2,27.789202939951792,54616
Qwen3-30B-A3B,math500,baseline,0,-,1,qwen3_30ba3b_math500_rollout_baseline_20260712,2,50.05245220498182,131072
Qwen3-30B-A3B,math500,baseline,0,-,1,qwen3_30ba3b_math500_rollout_baseline_20260712,2,50.05245220498182,131072
Qwen3-30B-A3B,math500,baseline,0,-,1,qwen3_30ba3b_math500_rollout_baseline_20260712,2,50.05245220498182,131072
Qwen3-30B-A3B,math500,baseline,0,-,1,qwen3_30ba3b_math500_rollout_baseline_20260712,3,48.32058665412478,124914
Qwen3-30B-A3B,math500,baseline,0,-,1,qwen3_30ba3b_math500_rollout_baseline_20260712,3,18.867418077075854,35685
Qwen3-30B-A3B,math500,baseline,0,-,1,qwen3_30ba3b_math500_rollout_baseline_20260712,3,40.18989666714333,89737
Qwen3-30B-A3B,math500,baseline,0,-,1,qwen3_30ba3b_math500_rollout_baseline_20260712,3,48.32058665412478,130149
Qwen3-30B-A3B,math500,dynamic,5,greedy,1,qwen3_30ba3b_math500_rollout_dynamic_20260712b,0,17.156235138005286,55623
Qwen3-30B-A3B,math500,dynamic,5,greedy,1,qwen3_30ba3b_math500_rollout_dynamic_20260712b,0,24.046432086004643,131072
Qwen3-30B-A3B,math500,dynamic,5,greedy,1,qwen3_30ba3b_math500_rollout_dynamic_20260712b,0,19.006083152999054,72083
Qwen3-30B-A3B,math500,dynamic,5,greedy,1,qwen3_30ba3b_math500_rollout_dynamic_20260712b,0,17.957968423004786,71160
Qwen3-30B-A3B,math500,dynamic,5,greedy,1,qwen3_30ba3b_math500_rollout_dynamic_20260712b,1,27.782380422999267,126678
Qwen3-30B-A3B,math500,dynamic,5,greedy,1,qwen3_30ba3b_math500_rollout_dynamic_20260712b,1,26.327568914006406,77328
Qwen3-30B-A3B,math500,dynamic,5,greedy,1,qwen3_30ba3b_math500_rollout_dynamic_20260712b,1,26.518637282999407,123888
Qwen3-30B-A3B,math500,dynamic,5,greedy,1,qwen3_30ba3b_math500_rollout_dynamic_20260712b,1,25.66030082400539,124012
Qwen3-30B-A3B,math500,dynamic,5,greedy,1,qwen3_30ba3b_math500_rollout_dynamic_20260712b,2,16.78755982599978,57800
Qwen3-30B-A3B,math500,dynamic,5,greedy,1,qwen3_30ba3b_math500_rollout_dynamic_20260712b,2,27.40107058799913,131072
Qwen3-30B-A3B,math500,dynamic,5,greedy,1,qwen3_30ba3b_math500_rollout_dynamic_20260712b,2,25.864604636000877,130972
Qwen3-30B-A3B,math500,dynamic,5,greedy,1,qwen3_30ba3b_math500_rollout_dynamic_20260712b,2,23.91578724500141,131072
Qwen3-30B-A3B,math500,dynamic,5,greedy,1,qwen3_30ba3b_math500_rollout_dynamic_20260712b,3,21.843966929998714,126127
Qwen3-30B-A3B,math500,dynamic,5,greedy,1,qwen3_30ba3b_math500_rollout_dynamic_20260712b,3,14.627004501999181,38674
Qwen3-30B-A3B,math500,dynamic,5,greedy,1,qwen3_30ba3b_math500_rollout_dynamic_20260712b,3,23.512948730996868,90125
Qwen3-30B-A3B,math500,dynamic,5,greedy,1,qwen3_30ba3b_math500_rollout_dynamic_20260712b,3,23.719179558996984,128944
Qwen3-30B-A3B,math500,fixed_k3,3,greedy,1,qwen3_30ba3b_math500_rollout_fixed_k3_20260712,0,14.260724443010986,55067
Qwen3-30B-A3B,math500,fixed_k3,3,greedy,1,qwen3_30ba3b_math500_rollout_fixed_k3_20260712,0,21.827936368994415,131072
Qwen3-30B-A3B,math500,fixed_k3,3,greedy,1,qwen3_30ba3b_math500_rollout_fixed_k3_20260712,0,16.805805847980082,72253
Qwen3-30B-A3B,math500,fixed_k3,3,greedy,1,qwen3_30ba3b_math500_rollout_fixed_k3_20260712,0,17.935863207967486,69878
Qwen3-30B-A3B,math500,fixed_k3,3,greedy,1,qwen3_30ba3b_math500_rollout_fixed_k3_20260712,1,26.40036476502428,125140
Qwen3-30B-A3B,math500,fixed_k3,3,greedy,1,qwen3_30ba3b_math500_rollout_fixed_k3_20260712,1,24.933572080975864,77468
Qwen3-30B-A3B,math500,fixed_k3,3,greedy,1,qwen3_30ba3b_math500_rollout_fixed_k3_20260712,1,25.45439265202731,123878
Qwen3-30B-A3B,math500,fixed_k3,3,greedy,1,qwen3_30ba3b_math500_rollout_fixed_k3_20260712,1,24.50759295397438,123944
Qwen3-30B-A3B,math500,fixed_k3,3,greedy,1,qwen3_30ba3b_math500_rollout_fixed_k3_20260712,2,13.283420067979023,56305
Qwen3-30B-A3B,math500,fixed_k3,3,greedy,1,qwen3_30ba3b_math500_rollout_fixed_k3_20260712,2,25.623119639989454,131072
Qwen3-30B-A3B,math500,fixed_k3,3,greedy,1,qwen3_30ba3b_math500_rollout_fixed_k3_20260712,2,24.875959653989412,131072
Qwen3-30B-A3B,math500,fixed_k3,3,greedy,1,qwen3_30ba3b_math500_rollout_fixed_k3_20260712,2,23.19744058995275,131072
Qwen3-30B-A3B,math500,fixed_k3,3,greedy,1,qwen3_30ba3b_math500_rollout_fixed_k3_20260712,3,21.708716157998424,125725
Qwen3-30B-A3B,math500,fixed_k3,3,greedy,1,qwen3_30ba3b_math500_rollout_fixed_k3_20260712,3,14.130837371980306,39063
Qwen3-30B-A3B,math500,fixed_k3,3,greedy,1,qwen3_30ba3b_math500_rollout_fixed_k3_20260712,3,20.73171972198179,85924
Qwen3-30B-A3B,math500,fixed_k3,3,greedy,1,qwen3_30ba3b_math500_rollout_fixed_k3_20260712,3,22.71749655500753,129310
Qwen3-30B-A3B,openmath,baseline,0,-,1,qwen3_30ba3b_openmath_rollout_baseline_20260712,0,53.593861385999844,102987
Qwen3-30B-A3B,openmath,baseline,0,-,1,qwen3_30ba3b_openmath_rollout_baseline_20260712,0,53.593861385999844,131072
Qwen3-30B-A3B,openmath,baseline,0,-,1,qwen3_30ba3b_openmath_rollout_baseline_20260712,0,53.593861385999844,131072
Qwen3-30B-A3B,openmath,baseline,0,-,1,qwen3_30ba3b_openmath_rollout_baseline_20260712,0,53.593861385999844,131072
Qwen3-30B-A3B,openmath,baseline,0,-,1,qwen3_30ba3b_openmath_rollout_baseline_20260712,1,55.32819549499982,131072
Qwen3-30B-A3B,openmath,baseline,0,-,1,qwen3_30ba3b_openmath_rollout_baseline_20260712,1,55.32819549499982,126504
Qwen3-30B-A3B,openmath,baseline,0,-,1,qwen3_30ba3b_openmath_rollout_baseline_20260712,1,55.32819549499982,131072
Qwen3-30B-A3B,openmath,baseline,0,-,1,qwen3_30ba3b_openmath_rollout_baseline_20260712,1,55.32819549499982,131072
Qwen3-30B-A3B,openmath,baseline,0,-,1,qwen3_30ba3b_openmath_rollout_baseline_20260712,2,45.49335999300001,102946
Qwen3-30B-A3B,openmath,baseline,0,-,1,qwen3_30ba3b_openmath_rollout_baseline_20260712,2,8.293839028000548,17394
Qwen3-30B-A3B,openmath,baseline,0,-,1,qwen3_30ba3b_openmath_rollout_baseline_20260712,2,45.49335999300001,130790
Qwen3-30B-A3B,openmath,baseline,0,-,1,qwen3_30ba3b_openmath_rollout_baseline_20260712,2,40.450578725000014,83286
Qwen3-30B-A3B,openmath,baseline,0,-,1,qwen3_30ba3b_openmath_rollout_baseline_20260712,3,49.098112196999864,131072
Qwen3-30B-A3B,openmath,baseline,0,-,1,qwen3_30ba3b_openmath_rollout_baseline_20260712,3,49.098112196999864,131072
Qwen3-30B-A3B,openmath,baseline,0,-,1,qwen3_30ba3b_openmath_rollout_baseline_20260712,3,34.68802289300038,68749
Qwen3-30B-A3B,openmath,baseline,0,-,1,qwen3_30ba3b_openmath_rollout_baseline_20260712,3,47.594699678000325,86848
Qwen3-30B-A3B,openmath,dynamic,5,greedy,1,qwen3_30ba3b_openmath_rollout_dynamic_20260712b,0,28.06406253197929,108059
Qwen3-30B-A3B,openmath,dynamic,5,greedy,1,qwen3_30ba3b_openmath_rollout_dynamic_20260712b,0,29.692013891006354,131072
Qwen3-30B-A3B,openmath,dynamic,5,greedy,1,qwen3_30ba3b_openmath_rollout_dynamic_20260712b,0,27.953336798003875,131072
Qwen3-30B-A3B,openmath,dynamic,5,greedy,1,qwen3_30ba3b_openmath_rollout_dynamic_20260712b,0,27.703323182999156,131072
Qwen3-30B-A3B,openmath,dynamic,5,greedy,1,qwen3_30ba3b_openmath_rollout_dynamic_20260712b,1,28.547883874038234,131072
Qwen3-30B-A3B,openmath,dynamic,5,greedy,1,qwen3_30ba3b_openmath_rollout_dynamic_20260712b,1,27.84797794604674,128459
Qwen3-30B-A3B,openmath,dynamic,5,greedy,1,qwen3_30ba3b_openmath_rollout_dynamic_20260712b,1,29.625548021052964,131072
Qwen3-30B-A3B,openmath,dynamic,5,greedy,1,qwen3_30ba3b_openmath_rollout_dynamic_20260712b,1,29.785263284051325,131072
Qwen3-30B-A3B,openmath,dynamic,5,greedy,1,qwen3_30ba3b_openmath_rollout_dynamic_20260712b,2,21.523584351001773,103880
Qwen3-30B-A3B,openmath,dynamic,5,greedy,1,qwen3_30ba3b_openmath_rollout_dynamic_20260712b,2,7.367467878037132,21797
Qwen3-30B-A3B,openmath,dynamic,5,greedy,1,qwen3_30ba3b_openmath_rollout_dynamic_20260712b,2,23.008073268050794,131072
Qwen3-30B-A3B,openmath,dynamic,5,greedy,1,qwen3_30ba3b_openmath_rollout_dynamic_20260712b,2,21.04431458102772,81249
Qwen3-30B-A3B,openmath,dynamic,5,greedy,1,qwen3_30ba3b_openmath_rollout_dynamic_20260712b,3,24.8080946309492,130753
Qwen3-30B-A3B,openmath,dynamic,5,greedy,1,qwen3_30ba3b_openmath_rollout_dynamic_20260712b,3,23.459101415995974,131072
Qwen3-30B-A3B,openmath,dynamic,5,greedy,1,qwen3_30ba3b_openmath_rollout_dynamic_20260712b,3,15.17581699200673,66664
Qwen3-30B-A3B,openmath,dynamic,5,greedy,1,qwen3_30ba3b_openmath_rollout_dynamic_20260712b,3,20.23877325496869,87097
Qwen3-30B-A3B,openmath,fixed_k3,3,greedy,1,qwen3_30ba3b_openmath_rollout_fixed_k3_20260712,0,26.831548993941396,107789
Qwen3-30B-A3B,openmath,fixed_k3,3,greedy,1,qwen3_30ba3b_openmath_rollout_fixed_k3_20260712,0,27.59236285695806,131072
Qwen3-30B-A3B,openmath,fixed_k3,3,greedy,1,qwen3_30ba3b_openmath_rollout_fixed_k3_20260712,0,26.626625417964533,131072
Qwen3-30B-A3B,openmath,fixed_k3,3,greedy,1,qwen3_30ba3b_openmath_rollout_fixed_k3_20260712,0,26.328069527167827,131072
Qwen3-30B-A3B,openmath,fixed_k3,3,greedy,1,qwen3_30ba3b_openmath_rollout_fixed_k3_20260712,1,27.18545358395204,131072
Qwen3-30B-A3B,openmath,fixed_k3,3,greedy,1,qwen3_30ba3b_openmath_rollout_fixed_k3_20260712,1,26.597837763139978,128467
Qwen3-30B-A3B,openmath,fixed_k3,3,greedy,1,qwen3_30ba3b_openmath_rollout_fixed_k3_20260712,1,28.62818455696106,131072
Qwen3-30B-A3B,openmath,fixed_k3,3,greedy,1,qwen3_30ba3b_openmath_rollout_fixed_k3_20260712,1,28.31740284198895,131072
Qwen3-30B-A3B,openmath,fixed_k3,3,greedy,1,qwen3_30ba3b_openmath_rollout_fixed_k3_20260712,2,21.055425780126825,101273
Qwen3-30B-A3B,openmath,fixed_k3,3,greedy,1,qwen3_30ba3b_openmath_rollout_fixed_k3_20260712,2,7.421489011030644,21852
Qwen3-30B-A3B,openmath,fixed_k3,3,greedy,1,qwen3_30ba3b_openmath_rollout_fixed_k3_20260712,2,22.02281614509411,131072
Qwen3-30B-A3B,openmath,fixed_k3,3,greedy,1,qwen3_30ba3b_openmath_rollout_fixed_k3_20260712,2,21.13794197817333,78891
Qwen3-30B-A3B,openmath,fixed_k3,3,greedy,1,qwen3_30ba3b_openmath_rollout_fixed_k3_20260712,3,23.313424453139305,131072
Qwen3-30B-A3B,openmath,fixed_k3,3,greedy,1,qwen3_30ba3b_openmath_rollout_fixed_k3_20260712,3,22.81338447215967,131072
Qwen3-30B-A3B,openmath,fixed_k3,3,greedy,1,qwen3_30ba3b_openmath_rollout_fixed_k3_20260712,3,14.391734396107495,66706
Qwen3-30B-A3B,openmath,fixed_k3,3,greedy,1,qwen3_30ba3b_openmath_rollout_fixed_k3_20260712,3,18.4494259969797,86306
Qwen3-30B-A3B,swe_verified,baseline,0,-,1,qwen3_30ba3b_swe_verified_rollout_baseline_20260712,0,33.21591713302769,47500
Qwen3-30B-A3B,swe_verified,baseline,0,-,1,qwen3_30ba3b_swe_verified_rollout_baseline_20260712,0,34.50169029599056,46217
Qwen3-30B-A3B,swe_verified,baseline,0,-,1,qwen3_30ba3b_swe_verified_rollout_baseline_20260712,0,34.02976379892789,68148
Qwen3-30B-A3B,swe_verified,baseline,0,-,1,qwen3_30ba3b_swe_verified_rollout_baseline_20260712,0,22.88911600294523,50500
Qwen3-30B-A3B,swe_verified,baseline,0,-,1,qwen3_30ba3b_swe_verified_rollout_baseline_20260712,1,39.84884739713743,32163
Qwen3-30B-A3B,swe_verified,baseline,0,-,1,qwen3_30ba3b_swe_verified_rollout_baseline_20260712,1,47.96432787319645,105104
Qwen3-30B-A3B,swe_verified,baseline,0,-,1,qwen3_30ba3b_swe_verified_rollout_baseline_20260712,1,47.96432787319645,63802
Qwen3-30B-A3B,swe_verified,baseline,0,-,1,qwen3_30ba3b_swe_verified_rollout_baseline_20260712,1,47.96432787319645,131072
Qwen3-30B-A3B,swe_verified,baseline,0,-,1,qwen3_30ba3b_swe_verified_rollout_baseline_20260712,2,40.326141234021634,67659
Qwen3-30B-A3B,swe_verified,baseline,0,-,1,qwen3_30ba3b_swe_verified_rollout_baseline_20260712,2,42.70823874301277,45097
Qwen3-30B-A3B,swe_verified,baseline,0,-,1,qwen3_30ba3b_swe_verified_rollout_baseline_20260712,2,42.70823874301277,47573
Qwen3-30B-A3B,swe_verified,baseline,0,-,1,qwen3_30ba3b_swe_verified_rollout_baseline_20260712,2,42.70823874301277,97027
Qwen3-30B-A3B,swe_verified,baseline,0,-,1,qwen3_30ba3b_swe_verified_rollout_baseline_20260712,3,44.89868813985959,77454
Qwen3-30B-A3B,swe_verified,baseline,0,-,1,qwen3_30ba3b_swe_verified_rollout_baseline_20260712,3,44.89868813985959,56028
Qwen3-30B-A3B,swe_verified,baseline,0,-,1,qwen3_30ba3b_swe_verified_rollout_baseline_20260712,3,44.89868813985959,115633
Qwen3-30B-A3B,swe_verified,baseline,0,-,1,qwen3_30ba3b_swe_verified_rollout_baseline_20260712,3,30.7884397378657,50132
Qwen3-30B-A3B,swe_verified,dynamic,5,greedy,1,qwen3_30ba3b_swe_verified_rollout_dynamic_20260712,0,21.73325432499405,45691
Qwen3-30B-A3B,swe_verified,dynamic,5,greedy,1,qwen3_30ba3b_swe_verified_rollout_dynamic_20260712,0,18.42953975198907,37475
Qwen3-30B-A3B,swe_verified,dynamic,5,greedy,1,qwen3_30ba3b_swe_verified_rollout_dynamic_20260712,0,21.136622874008026,61904
Qwen3-30B-A3B,swe_verified,dynamic,5,greedy,1,qwen3_30ba3b_swe_verified_rollout_dynamic_20260712,0,15.81356365699321,49853
Qwen3-30B-A3B,swe_verified,dynamic,5,greedy,1,qwen3_30ba3b_swe_verified_rollout_dynamic_20260712,1,15.951637523976387,34035
Qwen3-30B-A3B,swe_verified,dynamic,5,greedy,1,qwen3_30ba3b_swe_verified_rollout_dynamic_20260712,1,28.16056732099969,102505
Qwen3-30B-A3B,swe_verified,dynamic,5,greedy,1,qwen3_30ba3b_swe_verified_rollout_dynamic_20260712,1,21.128523444000166,55294
Qwen3-30B-A3B,swe_verified,dynamic,5,greedy,1,qwen3_30ba3b_swe_verified_rollout_dynamic_20260712,1,26.26460357400356,130720
Qwen3-30B-A3B,swe_verified,dynamic,5,greedy,1,qwen3_30ba3b_swe_verified_rollout_dynamic_20260712,2,21.492401169991354,65445
Qwen3-30B-A3B,swe_verified,dynamic,5,greedy,1,qwen3_30ba3b_swe_verified_rollout_dynamic_20260712,2,22.397466242982773,54828
Qwen3-30B-A3B,swe_verified,dynamic,5,greedy,1,qwen3_30ba3b_swe_verified_rollout_dynamic_20260712,2,18.462212370999623,50463
Qwen3-30B-A3B,swe_verified,dynamic,5,greedy,1,qwen3_30ba3b_swe_verified_rollout_dynamic_20260712,2,24.400913388992194,79122
Qwen3-30B-A3B,swe_verified,dynamic,5,greedy,1,qwen3_30ba3b_swe_verified_rollout_dynamic_20260712,3,22.443977057992015,74170
Qwen3-30B-A3B,swe_verified,dynamic,5,greedy,1,qwen3_30ba3b_swe_verified_rollout_dynamic_20260712,3,25.86026489501819,53589
Qwen3-30B-A3B,swe_verified,dynamic,5,greedy,1,qwen3_30ba3b_swe_verified_rollout_dynamic_20260712,3,26.887454828014597,114710
Qwen3-30B-A3B,swe_verified,dynamic,5,greedy,1,qwen3_30ba3b_swe_verified_rollout_dynamic_20260712,3,22.35590608601342,56394
Qwen3-30B-A3B,swe_verified,fixed_k3,3,greedy,1,qwen3_30ba3b_swe_verified_rollout_fixed_k3_20260712,0,18.309578595995845,44236
Qwen3-30B-A3B,swe_verified,fixed_k3,3,greedy,1,qwen3_30ba3b_swe_verified_rollout_fixed_k3_20260712,0,14.852253171993652,36820
Qwen3-30B-A3B,swe_verified,fixed_k3,3,greedy,1,qwen3_30ba3b_swe_verified_rollout_fixed_k3_20260712,0,17.677392988000065,60704
Qwen3-30B-A3B,swe_verified,fixed_k3,3,greedy,1,qwen3_30ba3b_swe_verified_rollout_fixed_k3_20260712,0,15.52669864899508,50540
Qwen3-30B-A3B,swe_verified,fixed_k3,3,greedy,1,qwen3_30ba3b_swe_verified_rollout_fixed_k3_20260712,1,15.088239401004103,34035
Qwen3-30B-A3B,swe_verified,fixed_k3,3,greedy,1,qwen3_30ba3b_swe_verified_rollout_fixed_k3_20260712,1,26.719718478001596,102959
Qwen3-30B-A3B,swe_verified,fixed_k3,3,greedy,1,qwen3_30ba3b_swe_verified_rollout_fixed_k3_20260712,1,23.692663255002117,57201
Qwen3-30B-A3B,swe_verified,fixed_k3,3,greedy,1,qwen3_30ba3b_swe_verified_rollout_fixed_k3_20260712,1,25.454826660003164,131072
Qwen3-30B-A3B,swe_verified,fixed_k3,3,greedy,1,qwen3_30ba3b_swe_verified_rollout_fixed_k3_20260712,2,20.626762998996128,66824
Qwen3-30B-A3B,swe_verified,fixed_k3,3,greedy,1,qwen3_30ba3b_swe_verified_rollout_fixed_k3_20260712,2,20.573136167993653,52917
Qwen3-30B-A3B,swe_verified,fixed_k3,3,greedy,1,qwen3_30ba3b_swe_verified_rollout_fixed_k3_20260712,2,16.83715426499839,50275
Qwen3-30B-A3B,swe_verified,fixed_k3,3,greedy,1,qwen3_30ba3b_swe_verified_rollout_fixed_k3_20260712,2,21.935798162994615,75482
Qwen3-30B-A3B,swe_verified,fixed_k3,3,greedy,1,qwen3_30ba3b_swe_verified_rollout_fixed_k3_20260712,3,22.054879994997464,74146
Qwen3-30B-A3B,swe_verified,fixed_k3,3,greedy,1,qwen3_30ba3b_swe_verified_rollout_fixed_k3_20260712,3,20.45751295900118,53865
Qwen3-30B-A3B,swe_verified,fixed_k3,3,greedy,1,qwen3_30ba3b_swe_verified_rollout_fixed_k3_20260712,3,25.0167099149985,118320
Qwen3-30B-A3B,swe_verified,fixed_k3,3,greedy,1,qwen3_30ba3b_swe_verified_rollout_fixed_k3_20260712,3,21.845708255998034,56402
Qwen3-32B,dapo,baseline,0,-,2,qwen3_32b_dapo_rollout_baseline_20260712c,0,83.25283964909613,131072
Qwen3-32B,dapo,baseline,0,-,2,qwen3_32b_dapo_rollout_baseline_20260712c,0,83.25283964909613,131072
Qwen3-32B,dapo,baseline,0,-,2,qwen3_32b_dapo_rollout_baseline_20260712c,0,83.25283964909613,131072
Qwen3-32B,dapo,baseline,0,-,2,qwen3_32b_dapo_rollout_baseline_20260712c,0,83.25283964909613,130828
Qwen3-32B,dapo,baseline,0,-,2,qwen3_32b_dapo_rollout_baseline_20260712c,0,83.25283964909613,129865
Qwen3-32B,dapo,baseline,0,-,2,qwen3_32b_dapo_rollout_baseline_20260712c,0,83.28299307799898,131072
Qwen3-32B,dapo,baseline,0,-,2,qwen3_32b_dapo_rollout_baseline_20260712c,0,83.28299307799898,130349
Qwen3-32B,dapo,baseline,0,-,2,qwen3_32b_dapo_rollout_baseline_20260712c,0,84.9965474801138,131072
Qwen3-32B,dapo,baseline,0,-,2,qwen3_32b_dapo_rollout_baseline_20260712c,1,83.52221833402291,131072
Qwen3-32B,dapo,baseline,0,-,2,qwen3_32b_dapo_rollout_baseline_20260712c,1,83.52221833402291,131072
Qwen3-32B,dapo,baseline,0,-,2,qwen3_32b_dapo_rollout_baseline_20260712c,1,83.52221833402291,131072
Qwen3-32B,dapo,baseline,0,-,2,qwen3_32b_dapo_rollout_baseline_20260712c,1,83.52221833402291,131072
Qwen3-32B,dapo,baseline,0,-,2,qwen3_32b_dapo_rollout_baseline_20260712c,1,83.52221833402291,130671
Qwen3-32B,dapo,baseline,0,-,2,qwen3_32b_dapo_rollout_baseline_20260712c,1,83.52221833402291,131072
Qwen3-32B,dapo,baseline,0,-,2,qwen3_32b_dapo_rollout_baseline_20260712c,1,83.6515573579818,131072
Qwen3-32B,dapo,baseline,0,-,2,qwen3_32b_dapo_rollout_baseline_20260712c,1,85.67498974618502,131072
Qwen3-32B,dapo,baseline,0,-,2,qwen3_32b_dapo_rollout_baseline_20260712c,2,83.3381277420558,131072
Qwen3-32B,dapo,baseline,0,-,2,qwen3_32b_dapo_rollout_baseline_20260712c,2,83.3381277420558,127252
Qwen3-32B,dapo,baseline,0,-,2,qwen3_32b_dapo_rollout_baseline_20260712c,2,83.3381277420558,130332
Qwen3-32B,dapo,baseline,0,-,2,qwen3_32b_dapo_rollout_baseline_20260712c,2,83.3381277420558,131072
Qwen3-32B,dapo,baseline,0,-,2,qwen3_32b_dapo_rollout_baseline_20260712c,2,83.3381277420558,131072
Qwen3-32B,dapo,baseline,0,-,2,qwen3_32b_dapo_rollout_baseline_20260712c,2,83.36295186192729,129245
Qwen3-32B,dapo,baseline,0,-,2,qwen3_32b_dapo_rollout_baseline_20260712c,2,83.37592359096743,131072
Qwen3-32B,dapo,baseline,0,-,2,qwen3_32b_dapo_rollout_baseline_20260712c,2,83.37592359096743,131072
Qwen3-32B,dapo,baseline,0,-,2,qwen3_32b_dapo_rollout_baseline_20260712c,3,83.79997518006712,131072
Qwen3-32B,dapo,baseline,0,-,2,qwen3_32b_dapo_rollout_baseline_20260712c,3,83.79997518006712,131072
Qwen3-32B,dapo,baseline,0,-,2,qwen3_32b_dapo_rollout_baseline_20260712c,3,83.79997518006712,131072
Qwen3-32B,dapo,baseline,0,-,2,qwen3_32b_dapo_rollout_baseline_20260712c,3,83.79997518006712,131072
Qwen3-32B,dapo,baseline,0,-,2,qwen3_32b_dapo_rollout_baseline_20260712c,3,83.79997518006712,131072
Qwen3-32B,dapo,baseline,0,-,2,qwen3_32b_dapo_rollout_baseline_20260712c,3,83.79997518006712,131072
Qwen3-32B,dapo,baseline,0,-,2,qwen3_32b_dapo_rollout_baseline_20260712c,3,83.79997518006712,131072
Qwen3-32B,dapo,baseline,0,-,2,qwen3_32b_dapo_rollout_baseline_20260712c,3,86.33536169701256,131072
Qwen3-32B,dapo,dynamic,5,greedy,2,qwen3_32b_dapo_rollout_dynamic_20260712,0,80.34314834000543,131072
Qwen3-32B,dapo,dynamic,5,greedy,2,qwen3_32b_dapo_rollout_dynamic_20260712,0,80.73920947598526,131072
Qwen3-32B,dapo,dynamic,5,greedy,2,qwen3_32b_dapo_rollout_dynamic_20260712,0,79.4312784980284,131072
Qwen3-32B,dapo,dynamic,5,greedy,2,qwen3_32b_dapo_rollout_dynamic_20260712,0,80.40766263002297,130845
Qwen3-32B,dapo,dynamic,5,greedy,2,qwen3_32b_dapo_rollout_dynamic_20260712,0,78.40470129298046,129690
Qwen3-32B,dapo,dynamic,5,greedy,2,qwen3_32b_dapo_rollout_dynamic_20260712,0,77.01574792002793,131072
Qwen3-32B,dapo,dynamic,5,greedy,2,qwen3_32b_dapo_rollout_dynamic_20260712,0,79.45925660099601,130814
Qwen3-32B,dapo,dynamic,5,greedy,2,qwen3_32b_dapo_rollout_dynamic_20260712,0,82.76246093201917,131072
Qwen3-32B,dapo,dynamic,5,greedy,2,qwen3_32b_dapo_rollout_dynamic_20260712,1,77.59181564301252,131072
Qwen3-32B,dapo,dynamic,5,greedy,2,qwen3_32b_dapo_rollout_dynamic_20260712,1,78.29119354602881,131072
Qwen3-32B,dapo,dynamic,5,greedy,2,qwen3_32b_dapo_rollout_dynamic_20260712,1,80.26325985701988,131072
Qwen3-32B,dapo,dynamic,5,greedy,2,qwen3_32b_dapo_rollout_dynamic_20260712,1,78.53765337599907,131072
Qwen3-32B,dapo,dynamic,5,greedy,2,qwen3_32b_dapo_rollout_dynamic_20260712,1,75.63647988799494,130777
Qwen3-32B,dapo,dynamic,5,greedy,2,qwen3_32b_dapo_rollout_dynamic_20260712,1,79.37472719402285,131072
Qwen3-32B,dapo,dynamic,5,greedy,2,qwen3_32b_dapo_rollout_dynamic_20260712,1,78.46288633398945,131072
Qwen3-32B,dapo,dynamic,5,greedy,2,qwen3_32b_dapo_rollout_dynamic_20260712,1,79.45572153100511,131072
Qwen3-32B,dapo,dynamic,5,greedy,2,qwen3_32b_dapo_rollout_dynamic_20260712,2,79.70339099300327,131072
Qwen3-32B,dapo,dynamic,5,greedy,2,qwen3_32b_dapo_rollout_dynamic_20260712,2,76.83937724801945,129935
Qwen3-32B,dapo,dynamic,5,greedy,2,qwen3_32b_dapo_rollout_dynamic_20260712,2,79.11834215099225,131072
Qwen3-32B,dapo,dynamic,5,greedy,2,qwen3_32b_dapo_rollout_dynamic_20260712,2,78.23756027797936,131072
Qwen3-32B,dapo,dynamic,5,greedy,2,qwen3_32b_dapo_rollout_dynamic_20260712,2,79.70339099300327,131072
Qwen3-32B,dapo,dynamic,5,greedy,2,qwen3_32b_dapo_rollout_dynamic_20260712,2,77.11888667399762,128518
Qwen3-32B,dapo,dynamic,5,greedy,2,qwen3_32b_dapo_rollout_dynamic_20260712,2,77.4312672590022,130711
Qwen3-32B,dapo,dynamic,5,greedy,2,qwen3_32b_dapo_rollout_dynamic_20260712,2,79.83276377402944,131072
Qwen3-32B,dapo,dynamic,5,greedy,2,qwen3_32b_dapo_rollout_dynamic_20260712,3,78.12371575500583,131072
Qwen3-32B,dapo,dynamic,5,greedy,2,qwen3_32b_dapo_rollout_dynamic_20260712,3,78.47101584798656,131072
Qwen3-32B,dapo,dynamic,5,greedy,2,qwen3_32b_dapo_rollout_dynamic_20260712,3,79.66084664600203,131072
Qwen3-32B,dapo,dynamic,5,greedy,2,qwen3_32b_dapo_rollout_dynamic_20260712,3,79.23571655200794,131072
Qwen3-32B,dapo,dynamic,5,greedy,2,qwen3_32b_dapo_rollout_dynamic_20260712,3,78.33483825199073,131072
Qwen3-32B,dapo,dynamic,5,greedy,2,qwen3_32b_dapo_rollout_dynamic_20260712,3,78.57224060798762,131072
Qwen3-32B,dapo,dynamic,5,greedy,2,qwen3_32b_dapo_rollout_dynamic_20260712,3,79.56804910203209,131072
Qwen3-32B,dapo,dynamic,5,greedy,2,qwen3_32b_dapo_rollout_dynamic_20260712,3,78.59659876098158,131072
Qwen3-32B,dapo,fixed_k3,3,greedy,2,qwen3_32b_dapo_rollout_fixed_k3_20260712,0,70.61637690896168,131072
Qwen3-32B,dapo,fixed_k3,3,greedy,2,qwen3_32b_dapo_rollout_fixed_k3_20260712,0,71.37361279595643,131072
Qwen3-32B,dapo,fixed_k3,3,greedy,2,qwen3_32b_dapo_rollout_fixed_k3_20260712,0,68.88554764701985,131072
Qwen3-32B,dapo,fixed_k3,3,greedy,2,qwen3_32b_dapo_rollout_fixed_k3_20260712,0,71.36105714295991,130574
Qwen3-32B,dapo,fixed_k3,3,greedy,2,qwen3_32b_dapo_rollout_fixed_k3_20260712,0,69.07652277383022,130186
Qwen3-32B,dapo,fixed_k3,3,greedy,2,qwen3_32b_dapo_rollout_fixed_k3_20260712,0,65.75365370884538,131072
Qwen3-32B,dapo,fixed_k3,3,greedy,2,qwen3_32b_dapo_rollout_fixed_k3_20260712,0,69.6827250639908,130971
Qwen3-32B,dapo,fixed_k3,3,greedy,2,qwen3_32b_dapo_rollout_fixed_k3_20260712,0,72.91063966788352,131072
Qwen3-32B,dapo,fixed_k3,3,greedy,2,qwen3_32b_dapo_rollout_fixed_k3_20260712,1,68.76457001897506,131072
Qwen3-32B,dapo,fixed_k3,3,greedy,2,qwen3_32b_dapo_rollout_fixed_k3_20260712,1,70.23888219799846,131072
Qwen3-32B,dapo,fixed_k3,3,greedy,2,qwen3_32b_dapo_rollout_fixed_k3_20260712,1,74.05674141389318,131072
Qwen3-32B,dapo,fixed_k3,3,greedy,2,qwen3_32b_dapo_rollout_fixed_k3_20260712,1,70.98795639700256,131072
Qwen3-32B,dapo,fixed_k3,3,greedy,2,qwen3_32b_dapo_rollout_fixed_k3_20260712,1,63.652004312956706,131072
Qwen3-32B,dapo,fixed_k3,3,greedy,2,qwen3_32b_dapo_rollout_fixed_k3_20260712,1,72.6542659108527,131072
Qwen3-32B,dapo,fixed_k3,3,greedy,2,qwen3_32b_dapo_rollout_fixed_k3_20260712,1,70.45442821690813,131072
Qwen3-32B,dapo,fixed_k3,3,greedy,2,qwen3_32b_dapo_rollout_fixed_k3_20260712,1,70.9553776779212,131072
Qwen3-32B,dapo,fixed_k3,3,greedy,2,qwen3_32b_dapo_rollout_fixed_k3_20260712,2,74.30702820792794,131072
Qwen3-32B,dapo,fixed_k3,3,greedy,2,qwen3_32b_dapo_rollout_fixed_k3_20260712,2,66.15941410092637,125686
Qwen3-32B,dapo,fixed_k3,3,greedy,2,qwen3_32b_dapo_rollout_fixed_k3_20260712,2,73.51990415295586,131072
Qwen3-32B,dapo,fixed_k3,3,greedy,2,qwen3_32b_dapo_rollout_fixed_k3_20260712,2,69.78476275899448,131072
Qwen3-32B,dapo,fixed_k3,3,greedy,2,qwen3_32b_dapo_rollout_fixed_k3_20260712,2,73.89624954899773,131072
Qwen3-32B,dapo,fixed_k3,3,greedy,2,qwen3_32b_dapo_rollout_fixed_k3_20260712,2,67.98251480190083,127114
Qwen3-32B,dapo,fixed_k3,3,greedy,2,qwen3_32b_dapo_rollout_fixed_k3_20260712,2,68.438038690947,130050
Qwen3-32B,dapo,fixed_k3,3,greedy,2,qwen3_32b_dapo_rollout_fixed_k3_20260712,2,73.37397659593262,131072
Qwen3-32B,dapo,fixed_k3,3,greedy,2,qwen3_32b_dapo_rollout_fixed_k3_20260712,3,68.31480395817198,131072
Qwen3-32B,dapo,fixed_k3,3,greedy,2,qwen3_32b_dapo_rollout_fixed_k3_20260712,3,69.96719165006652,131072
Qwen3-32B,dapo,fixed_k3,3,greedy,2,qwen3_32b_dapo_rollout_fixed_k3_20260712,3,72.40179797098972,131072
Qwen3-32B,dapo,fixed_k3,3,greedy,2,qwen3_32b_dapo_rollout_fixed_k3_20260712,3,72.13545497902669,131072
Qwen3-32B,dapo,fixed_k3,3,greedy,2,qwen3_32b_dapo_rollout_fixed_k3_20260712,3,70.70271431701258,131072
Qwen3-32B,dapo,fixed_k3,3,greedy,2,qwen3_32b_dapo_rollout_fixed_k3_20260712,3,71.20567953400314,131072
Qwen3-32B,dapo,fixed_k3,3,greedy,2,qwen3_32b_dapo_rollout_fixed_k3_20260712,3,72.71389708505012,131072
Qwen3-32B,dapo,fixed_k3,3,greedy,2,qwen3_32b_dapo_rollout_fixed_k3_20260712,3,70.37282305001281,131072
Qwen3-32B,math500,baseline,0,-,2,qwen3_32b_math500_rollout_baseline_20260712,0,33.6984317600145,51205
Qwen3-32B,math500,baseline,0,-,2,qwen3_32b_math500_rollout_baseline_20260712,0,62.41186413500691,130800
Qwen3-32B,math500,baseline,0,-,2,qwen3_32b_math500_rollout_baseline_20260712,0,59.30818962701596,64673
Qwen3-32B,math500,baseline,0,-,2,qwen3_32b_math500_rollout_baseline_20260712,0,62.41186413500691,77985
Qwen3-32B,math500,baseline,0,-,2,qwen3_32b_math500_rollout_baseline_20260712,0,62.41186413500691,111821
Qwen3-32B,math500,baseline,0,-,2,qwen3_32b_math500_rollout_baseline_20260712,0,46.78577178105479,60788
Qwen3-32B,math500,baseline,0,-,2,qwen3_32b_math500_rollout_baseline_20260712,0,62.41186413500691,106268
Qwen3-32B,math500,baseline,0,-,2,qwen3_32b_math500_rollout_baseline_20260712,0,62.41690092300996,118946
Qwen3-32B,math500,baseline,0,-,2,qwen3_32b_math500_rollout_baseline_20260712,1,44.38479600701248,58294
Qwen3-32B,math500,baseline,0,-,2,qwen3_32b_math500_rollout_baseline_20260712,1,71.19090495601995,131072
Qwen3-32B,math500,baseline,0,-,2,qwen3_32b_math500_rollout_baseline_20260712,1,71.19090495601995,131072
Qwen3-32B,math500,baseline,0,-,2,qwen3_32b_math500_rollout_baseline_20260712,1,71.19090495601995,131072
Qwen3-32B,math500,baseline,0,-,2,qwen3_32b_math500_rollout_baseline_20260712,1,71.19090495601995,124601
Qwen3-32B,math500,baseline,0,-,2,qwen3_32b_math500_rollout_baseline_20260712,1,23.122744745982345,35027
Qwen3-32B,math500,baseline,0,-,2,qwen3_32b_math500_rollout_baseline_20260712,1,48.421681881998666,75845
Qwen3-32B,math500,baseline,0,-,2,qwen3_32b_math500_rollout_baseline_20260712,1,71.19090495601995,127804
Qwen3-32B,math500,baseline,0,-,2,qwen3_32b_math500_rollout_baseline_20260712,2,73.11077514203498,111032
Qwen3-32B,math500,baseline,0,-,2,qwen3_32b_math500_rollout_baseline_20260712,2,73.11077514203498,131072
Qwen3-32B,math500,baseline,0,-,2,qwen3_32b_math500_rollout_baseline_20260712,2,73.11077514203498,131072
Qwen3-32B,math500,baseline,0,-,2,qwen3_32b_math500_rollout_baseline_20260712,2,73.11077514203498,130645
Qwen3-32B,math500,baseline,0,-,2,qwen3_32b_math500_rollout_baseline_20260712,2,73.11077514203498,76495
Qwen3-32B,math500,baseline,0,-,2,qwen3_32b_math500_rollout_baseline_20260712,2,73.11077514203498,131072
Qwen3-32B,math500,baseline,0,-,2,qwen3_32b_math500_rollout_baseline_20260712,2,54.67014289001236,75110
Qwen3-32B,math500,baseline,0,-,2,qwen3_32b_math500_rollout_baseline_20260712,2,69.77566605503671,87678
Qwen3-32B,math500,baseline,0,-,2,qwen3_32b_math500_rollout_baseline_20260712,3,64.39490986004239,109806
Qwen3-32B,math500,baseline,0,-,2,qwen3_32b_math500_rollout_baseline_20260712,3,64.39490986004239,128612
Qwen3-32B,math500,baseline,0,-,2,qwen3_32b_math500_rollout_baseline_20260712,3,64.39490986004239,131072
Qwen3-32B,math500,baseline,0,-,2,qwen3_32b_math500_rollout_baseline_20260712,3,31.401639875024557,50933
Qwen3-32B,math500,baseline,0,-,2,qwen3_32b_math500_rollout_baseline_20260712,3,64.39490986004239,67933
Qwen3-32B,math500,baseline,0,-,2,qwen3_32b_math500_rollout_baseline_20260712,3,45.917018563020974,65325
Qwen3-32B,math500,baseline,0,-,2,qwen3_32b_math500_rollout_baseline_20260712,3,64.39490986004239,121332
Qwen3-32B,math500,baseline,0,-,2,qwen3_32b_math500_rollout_baseline_20260712,3,42.9964318239945,66604
Qwen3-32B,math500,dynamic,5,greedy,2,qwen3_32b_math500_rollout_dynamic_20260712,0,32.16046391101554,52643
Qwen3-32B,math500,dynamic,5,greedy,2,qwen3_32b_math500_rollout_dynamic_20260712,0,53.2744164490141,128857
Qwen3-32B,math500,dynamic,5,greedy,2,qwen3_32b_math500_rollout_dynamic_20260712,0,44.8032466499717,65060
Qwen3-32B,math500,dynamic,5,greedy,2,qwen3_32b_math500_rollout_dynamic_20260712,0,51.14014950499404,79286
Qwen3-32B,math500,dynamic,5,greedy,2,qwen3_32b_math500_rollout_dynamic_20260712,0,55.174983064993285,109254
Qwen3-32B,math500,dynamic,5,greedy,2,qwen3_32b_math500_rollout_dynamic_20260712,0,46.66055670497008,61127
Qwen3-32B,math500,dynamic,5,greedy,2,qwen3_32b_math500_rollout_dynamic_20260712,0,54.22036684397608,111333
Qwen3-32B,math500,dynamic,5,greedy,2,qwen3_32b_math500_rollout_dynamic_20260712,0,52.634232926007826,116440
Qwen3-32B,math500,dynamic,5,greedy,2,qwen3_32b_math500_rollout_dynamic_20260712,1,36.72663787996862,55130
Qwen3-32B,math500,dynamic,5,greedy,2,qwen3_32b_math500_rollout_dynamic_20260712,1,61.11166506295558,131072
Qwen3-32B,math500,dynamic,5,greedy,2,qwen3_32b_math500_rollout_dynamic_20260712,1,59.900946760957595,130811
Qwen3-32B,math500,dynamic,5,greedy,2,qwen3_32b_math500_rollout_dynamic_20260712,1,58.95554261497455,131065
Qwen3-32B,math500,dynamic,5,greedy,2,qwen3_32b_math500_rollout_dynamic_20260712,1,58.50819940096699,125667
Qwen3-32B,math500,dynamic,5,greedy,2,qwen3_32b_math500_rollout_dynamic_20260712,1,23.48393854999449,32952
Qwen3-32B,math500,dynamic,5,greedy,2,qwen3_32b_math500_rollout_dynamic_20260712,1,46.18207400594838,78527
Qwen3-32B,math500,dynamic,5,greedy,2,qwen3_32b_math500_rollout_dynamic_20260712,1,59.357555763970595,126218
Qwen3-32B,math500,dynamic,5,greedy,2,qwen3_32b_math500_rollout_dynamic_20260712,2,62.75718616798986,109537
Qwen3-32B,math500,dynamic,5,greedy,2,qwen3_32b_math500_rollout_dynamic_20260712,2,63.862359738966916,131072
Qwen3-32B,math500,dynamic,5,greedy,2,qwen3_32b_math500_rollout_dynamic_20260712,2,63.95826811197912,131072
Qwen3-32B,math500,dynamic,5,greedy,2,qwen3_32b_math500_rollout_dynamic_20260712,2,62.939953039982356,131072
Qwen3-32B,math500,dynamic,5,greedy,2,qwen3_32b_math500_rollout_dynamic_20260712,2,63.5030876249657,77062
Qwen3-32B,math500,dynamic,5,greedy,2,qwen3_32b_math500_rollout_dynamic_20260712,2,62.58320014300989,131072
Qwen3-32B,math500,dynamic,5,greedy,2,qwen3_32b_math500_rollout_dynamic_20260712,2,48.80029167601606,77384
Qwen3-32B,math500,dynamic,5,greedy,2,qwen3_32b_math500_rollout_dynamic_20260712,2,62.467016978014726,95671
Qwen3-32B,math500,dynamic,5,greedy,2,qwen3_32b_math500_rollout_dynamic_20260712,3,50.860346018977,112483
Qwen3-32B,math500,dynamic,5,greedy,2,qwen3_32b_math500_rollout_dynamic_20260712,3,53.430791638966184,128993
Qwen3-32B,math500,dynamic,5,greedy,2,qwen3_32b_math500_rollout_dynamic_20260712,3,53.54691778100096,131072
Qwen3-32B,math500,dynamic,5,greedy,2,qwen3_32b_math500_rollout_dynamic_20260712,3,32.70642017497448,51004
Qwen3-32B,math500,dynamic,5,greedy,2,qwen3_32b_math500_rollout_dynamic_20260712,3,41.877571461955085,66621
Qwen3-32B,math500,dynamic,5,greedy,2,qwen3_32b_math500_rollout_dynamic_20260712,3,40.031174980977084,61773
Qwen3-32B,math500,dynamic,5,greedy,2,qwen3_32b_math500_rollout_dynamic_20260712,3,52.014790105982684,122285
Qwen3-32B,math500,dynamic,5,greedy,2,qwen3_32b_math500_rollout_dynamic_20260712,3,43.380091276951134,63185
Qwen3-32B,math500,fixed_k3,3,greedy,2,qwen3_32b_math500_rollout_fixed_k3_20260712c,0,48.5841055859928,53339
Qwen3-32B,math500,fixed_k3,3,greedy,2,qwen3_32b_math500_rollout_fixed_k3_20260712c,0,53.992906529980246,128565
Qwen3-32B,math500,fixed_k3,3,greedy,2,qwen3_32b_math500_rollout_fixed_k3_20260712c,0,42.96487145096762,66261
Qwen3-32B,math500,fixed_k3,3,greedy,2,qwen3_32b_math500_rollout_fixed_k3_20260712c,0,52.85035246500047,74501
Qwen3-32B,math500,fixed_k3,3,greedy,2,qwen3_32b_math500_rollout_fixed_k3_20260712c,0,55.609175466990564,115339
Qwen3-32B,math500,fixed_k3,3,greedy,2,qwen3_32b_math500_rollout_fixed_k3_20260712c,0,49.87473887996748,58651
Qwen3-32B,math500,fixed_k3,3,greedy,2,qwen3_32b_math500_rollout_fixed_k3_20260712c,0,54.7950023249723,113515
Qwen3-32B,math500,fixed_k3,3,greedy,2,qwen3_32b_math500_rollout_fixed_k3_20260712c,0,53.94366947200615,115170
Qwen3-32B,math500,fixed_k3,3,greedy,2,qwen3_32b_math500_rollout_fixed_k3_20260712c,1,33.534290247014724,55710
Qwen3-32B,math500,fixed_k3,3,greedy,2,qwen3_32b_math500_rollout_fixed_k3_20260712c,1,63.95215069601545,131072
Qwen3-32B,math500,fixed_k3,3,greedy,2,qwen3_32b_math500_rollout_fixed_k3_20260712c,1,62.368527695012745,131010
Qwen3-32B,math500,fixed_k3,3,greedy,2,qwen3_32b_math500_rollout_fixed_k3_20260712c,1,60.736787876987364,131072
Qwen3-32B,math500,fixed_k3,3,greedy,2,qwen3_32b_math500_rollout_fixed_k3_20260712c,1,59.34941601002356,125195
Qwen3-32B,math500,fixed_k3,3,greedy,2,qwen3_32b_math500_rollout_fixed_k3_20260712c,1,30.23065059602959,34331
Qwen3-32B,math500,fixed_k3,3,greedy,2,qwen3_32b_math500_rollout_fixed_k3_20260712c,1,50.13674536603503,75045
Qwen3-32B,math500,fixed_k3,3,greedy,2,qwen3_32b_math500_rollout_fixed_k3_20260712c,1,61.457648597017396,129361
Qwen3-32B,math500,fixed_k3,3,greedy,2,qwen3_32b_math500_rollout_fixed_k3_20260712c,2,62.22670005803229,113717
Qwen3-32B,math500,fixed_k3,3,greedy,2,qwen3_32b_math500_rollout_fixed_k3_20260712c,2,63.800810270011425,131072
Qwen3-32B,math500,fixed_k3,3,greedy,2,qwen3_32b_math500_rollout_fixed_k3_20260712c,2,64.67666597804055,131072
Qwen3-32B,math500,fixed_k3,3,greedy,2,qwen3_32b_math500_rollout_fixed_k3_20260712c,2,61.954080437019,130317
Qwen3-32B,math500,fixed_k3,3,greedy,2,qwen3_32b_math500_rollout_fixed_k3_20260712c,2,59.66710342402803,76199
Qwen3-32B,math500,fixed_k3,3,greedy,2,qwen3_32b_math500_rollout_fixed_k3_20260712c,2,61.99274812603835,131072
Qwen3-32B,math500,fixed_k3,3,greedy,2,qwen3_32b_math500_rollout_fixed_k3_20260712c,2,49.911577469029,77605
Qwen3-32B,math500,fixed_k3,3,greedy,2,qwen3_32b_math500_rollout_fixed_k3_20260712c,2,63.000139603042044,99680
Qwen3-32B,math500,fixed_k3,3,greedy,2,qwen3_32b_math500_rollout_fixed_k3_20260712c,3,52.439032480993774,108821
Qwen3-32B,math500,fixed_k3,3,greedy,2,qwen3_32b_math500_rollout_fixed_k3_20260712c,3,54.91241890296806,128177
Qwen3-32B,math500,fixed_k3,3,greedy,2,qwen3_32b_math500_rollout_fixed_k3_20260712c,3,55.94189677096438,131072
Qwen3-32B,math500,fixed_k3,3,greedy,2,qwen3_32b_math500_rollout_fixed_k3_20260712c,3,40.25205800001277,50917
Qwen3-32B,math500,fixed_k3,3,greedy,2,qwen3_32b_math500_rollout_fixed_k3_20260712c,3,48.13656983699184,66116
Qwen3-32B,math500,fixed_k3,3,greedy,2,qwen3_32b_math500_rollout_fixed_k3_20260712c,3,39.00100684200879,59116
Qwen3-32B,math500,fixed_k3,3,greedy,2,qwen3_32b_math500_rollout_fixed_k3_20260712c,3,54.8887112949742,124344
Qwen3-32B,math500,fixed_k3,3,greedy,2,qwen3_32b_math500_rollout_fixed_k3_20260712c,3,42.87606867199065,62234
Qwen3-32B,openmath,baseline,0,-,2,qwen3_32b_openmath_rollout_baseline_20260712,0,79.50076695399912,93818
Qwen3-32B,openmath,baseline,0,-,2,qwen3_32b_openmath_rollout_baseline_20260712,0,79.50076695399912,131072
Qwen3-32B,openmath,baseline,0,-,2,qwen3_32b_openmath_rollout_baseline_20260712,0,79.50076695399912,131072
Qwen3-32B,openmath,baseline,0,-,2,qwen3_32b_openmath_rollout_baseline_20260712,0,79.50076695399912,128540
Qwen3-32B,openmath,baseline,0,-,2,qwen3_32b_openmath_rollout_baseline_20260712,0,79.50076695399912,131072
Qwen3-32B,openmath,baseline,0,-,2,qwen3_32b_openmath_rollout_baseline_20260712,0,79.50076695399912,130946
Qwen3-32B,openmath,baseline,0,-,2,qwen3_32b_openmath_rollout_baseline_20260712,0,79.52434767200612,131072
Qwen3-32B,openmath,baseline,0,-,2,qwen3_32b_openmath_rollout_baseline_20260712,0,79.52434767200612,131072
Qwen3-32B,openmath,baseline,0,-,2,qwen3_32b_openmath_rollout_baseline_20260712,1,64.84245187300257,96975
Qwen3-32B,openmath,baseline,0,-,2,qwen3_32b_openmath_rollout_baseline_20260712,1,20.695750095997937,27044
Qwen3-32B,openmath,baseline,0,-,2,qwen3_32b_openmath_rollout_baseline_20260712,1,64.84245187300257,126072
Qwen3-32B,openmath,baseline,0,-,2,qwen3_32b_openmath_rollout_baseline_20260712,1,56.58144671100308,77942
Qwen3-32B,openmath,baseline,0,-,2,qwen3_32b_openmath_rollout_baseline_20260712,1,64.84245187300257,130902
Qwen3-32B,openmath,baseline,0,-,2,qwen3_32b_openmath_rollout_baseline_20260712,1,64.84245187300257,131072
Qwen3-32B,openmath,baseline,0,-,2,qwen3_32b_openmath_rollout_baseline_20260712,1,49.40572756500478,68725
Qwen3-32B,openmath,baseline,0,-,2,qwen3_32b_openmath_rollout_baseline_20260712,1,53.758891306002624,83466
Qwen3-32B,openmath,baseline,0,-,2,qwen3_32b_openmath_rollout_baseline_20260712,2,57.45984055599547,65826
Qwen3-32B,openmath,baseline,0,-,2,qwen3_32b_openmath_rollout_baseline_20260712,2,69.56125322499429,131072
Qwen3-32B,openmath,baseline,0,-,2,qwen3_32b_openmath_rollout_baseline_20260712,2,69.56125322499429,131072
Qwen3-32B,openmath,baseline,0,-,2,qwen3_32b_openmath_rollout_baseline_20260712,2,51.789952913997695,64955
Qwen3-32B,openmath,baseline,0,-,2,qwen3_32b_openmath_rollout_baseline_20260712,2,69.56125322499429,131072
Qwen3-32B,openmath,baseline,0,-,2,qwen3_32b_openmath_rollout_baseline_20260712,2,69.56125322499429,99240
Qwen3-32B,openmath,baseline,0,-,2,qwen3_32b_openmath_rollout_baseline_20260712,2,26.758500648000336,27009
Qwen3-32B,openmath,baseline,0,-,2,qwen3_32b_openmath_rollout_baseline_20260712,2,69.5753404749994,131072
Qwen3-32B,openmath,baseline,0,-,2,qwen3_32b_openmath_rollout_baseline_20260712,3,62.85858260199893,131072
Qwen3-32B,openmath,baseline,0,-,2,qwen3_32b_openmath_rollout_baseline_20260712,3,62.85858260199893,131072
Qwen3-32B,openmath,baseline,0,-,2,qwen3_32b_openmath_rollout_baseline_20260712,3,10.417415228999744,19394
Qwen3-32B,openmath,baseline,0,-,2,qwen3_32b_openmath_rollout_baseline_20260712,3,28.955421669001225,47376
Qwen3-32B,openmath,baseline,0,-,2,qwen3_32b_openmath_rollout_baseline_20260712,3,62.85858260199893,131072
Qwen3-32B,openmath,baseline,0,-,2,qwen3_32b_openmath_rollout_baseline_20260712,3,62.85858260199893,131072
Qwen3-32B,openmath,baseline,0,-,2,qwen3_32b_openmath_rollout_baseline_20260712,3,33.39629159899778,47631
Qwen3-32B,openmath,baseline,0,-,2,qwen3_32b_openmath_rollout_baseline_20260712,3,16.92635872199753,26795
Qwen3-32B,openmath,dynamic,5,greedy,2,qwen3_32b_openmath_rollout_dynamic_20260712,0,71.2757361450349,96416
Qwen3-32B,openmath,dynamic,5,greedy,2,qwen3_32b_openmath_rollout_dynamic_20260712,0,77.59485565702198,131072
Qwen3-32B,openmath,dynamic,5,greedy,2,qwen3_32b_openmath_rollout_dynamic_20260712,0,76.83612532098778,131072
Qwen3-32B,openmath,dynamic,5,greedy,2,qwen3_32b_openmath_rollout_dynamic_20260712,0,75.58090944599826,128601
Qwen3-32B,openmath,dynamic,5,greedy,2,qwen3_32b_openmath_rollout_dynamic_20260712,0,77.00886335899122,131072
Qwen3-32B,openmath,dynamic,5,greedy,2,qwen3_32b_openmath_rollout_dynamic_20260712,0,77.99192235298688,130735
Qwen3-32B,openmath,dynamic,5,greedy,2,qwen3_32b_openmath_rollout_dynamic_20260712,0,78.12790717603639,131072
Qwen3-32B,openmath,dynamic,5,greedy,2,qwen3_32b_openmath_rollout_dynamic_20260712,0,79.4553114210139,131072
Qwen3-32B,openmath,dynamic,5,greedy,2,qwen3_32b_openmath_rollout_dynamic_20260712,1,54.602246498980094,100508
Qwen3-32B,openmath,dynamic,5,greedy,2,qwen3_32b_openmath_rollout_dynamic_20260712,1,22.803564848960377,26865
Qwen3-32B,openmath,dynamic,5,greedy,2,qwen3_32b_openmath_rollout_dynamic_20260712,1,55.00776355294511,123001
Qwen3-32B,openmath,dynamic,5,greedy,2,qwen3_32b_openmath_rollout_dynamic_20260712,1,50.714613978983834,77968
Qwen3-32B,openmath,dynamic,5,greedy,2,qwen3_32b_openmath_rollout_dynamic_20260712,1,56.03843695099931,129636
Qwen3-32B,openmath,dynamic,5,greedy,2,qwen3_32b_openmath_rollout_dynamic_20260712,1,56.230655002989806,131072
Qwen3-32B,openmath,dynamic,5,greedy,2,qwen3_32b_openmath_rollout_dynamic_20260712,1,40.65241331694415,68776
Qwen3-32B,openmath,dynamic,5,greedy,2,qwen3_32b_openmath_rollout_dynamic_20260712,1,49.01560308696935,87297
Qwen3-32B,openmath,dynamic,5,greedy,2,qwen3_32b_openmath_rollout_dynamic_20260712,2,46.931713441968895,64955
Qwen3-32B,openmath,dynamic,5,greedy,2,qwen3_32b_openmath_rollout_dynamic_20260712,2,60.42830549099017,131072
Qwen3-32B,openmath,dynamic,5,greedy,2,qwen3_32b_openmath_rollout_dynamic_20260712,2,59.94669618998887,131072
Qwen3-32B,openmath,dynamic,5,greedy,2,qwen3_32b_openmath_rollout_dynamic_20260712,2,49.79257608897751,62516
Qwen3-32B,openmath,dynamic,5,greedy,2,qwen3_32b_openmath_rollout_dynamic_20260712,2,61.705176970979664,131072
Qwen3-32B,openmath,dynamic,5,greedy,2,qwen3_32b_openmath_rollout_dynamic_20260712,2,59.64626369101461,93950
Qwen3-32B,openmath,dynamic,5,greedy,2,qwen3_32b_openmath_rollout_dynamic_20260712,2,19.52623705199221,25732
Qwen3-32B,openmath,dynamic,5,greedy,2,qwen3_32b_openmath_rollout_dynamic_20260712,2,61.06211522902595,131072
Qwen3-32B,openmath,dynamic,5,greedy,2,qwen3_32b_openmath_rollout_dynamic_20260712,3,51.78639911999926,131072
Qwen3-32B,openmath,dynamic,5,greedy,2,qwen3_32b_openmath_rollout_dynamic_20260712,3,51.445895673008636,131072
Qwen3-32B,openmath,dynamic,5,greedy,2,qwen3_32b_openmath_rollout_dynamic_20260712,3,11.352064622042235,19202
Qwen3-32B,openmath,dynamic,5,greedy,2,qwen3_32b_openmath_rollout_dynamic_20260712,3,28.77581843099324,45757
Qwen3-32B,openmath,dynamic,5,greedy,2,qwen3_32b_openmath_rollout_dynamic_20260712,3,53.51989322301233,131072
Qwen3-32B,openmath,dynamic,5,greedy,2,qwen3_32b_openmath_rollout_dynamic_20260712,3,52.06647330103442,131072
Qwen3-32B,openmath,dynamic,5,greedy,2,qwen3_32b_openmath_rollout_dynamic_20260712,3,34.83706750400597,48314
Qwen3-32B,openmath,dynamic,5,greedy,2,qwen3_32b_openmath_rollout_dynamic_20260712,3,18.83209193503717,26755
Qwen3-32B,openmath,fixed_k3,3,greedy,2,qwen3_32b_openmath_rollout_fixed_k3_20260712,0,60.32124358485453,97113
Qwen3-32B,openmath,fixed_k3,3,greedy,2,qwen3_32b_openmath_rollout_fixed_k3_20260712,0,71.39452701993287,131072
Qwen3-32B,openmath,fixed_k3,3,greedy,2,qwen3_32b_openmath_rollout_fixed_k3_20260712,0,69.25517512997612,131072
Qwen3-32B,openmath,fixed_k3,3,greedy,2,qwen3_32b_openmath_rollout_fixed_k3_20260712,0,66.66432304284535,128390
Qwen3-32B,openmath,fixed_k3,3,greedy,2,qwen3_32b_openmath_rollout_fixed_k3_20260712,0,69.97114351391792,131072
Qwen3-32B,openmath,fixed_k3,3,greedy,2,qwen3_32b_openmath_rollout_fixed_k3_20260712,0,71.59648464783095,131072
Qwen3-32B,openmath,fixed_k3,3,greedy,2,qwen3_32b_openmath_rollout_fixed_k3_20260712,0,72.00483084493317,131072
Qwen3-32B,openmath,fixed_k3,3,greedy,2,qwen3_32b_openmath_rollout_fixed_k3_20260712,0,73.15042771794833,131072
Qwen3-32B,openmath,fixed_k3,3,greedy,2,qwen3_32b_openmath_rollout_fixed_k3_20260712,1,54.4264325320255,95809
Qwen3-32B,openmath,fixed_k3,3,greedy,2,qwen3_32b_openmath_rollout_fixed_k3_20260712,1,19.810131710022688,26182
Qwen3-32B,openmath,fixed_k3,3,greedy,2,qwen3_32b_openmath_rollout_fixed_k3_20260712,1,54.76609424687922,127021
Qwen3-32B,openmath,fixed_k3,3,greedy,2,qwen3_32b_openmath_rollout_fixed_k3_20260712,1,48.90301172295585,77605
Qwen3-32B,openmath,fixed_k3,3,greedy,2,qwen3_32b_openmath_rollout_fixed_k3_20260712,1,55.95841538789682,131072
Qwen3-32B,openmath,fixed_k3,3,greedy,2,qwen3_32b_openmath_rollout_fixed_k3_20260712,1,55.60886575188488,131072
Qwen3-32B,openmath,fixed_k3,3,greedy,2,qwen3_32b_openmath_rollout_fixed_k3_20260712,1,46.17530799587257,66556
Qwen3-32B,openmath,fixed_k3,3,greedy,2,qwen3_32b_openmath_rollout_fixed_k3_20260712,1,51.06506590987556,87616
Qwen3-32B,openmath,fixed_k3,3,greedy,2,qwen3_32b_openmath_rollout_fixed_k3_20260712,2,54.01558874291368,65594
Qwen3-32B,openmath,fixed_k3,3,greedy,2,qwen3_32b_openmath_rollout_fixed_k3_20260712,2,61.344953424995765,131072
Qwen3-32B,openmath,fixed_k3,3,greedy,2,qwen3_32b_openmath_rollout_fixed_k3_20260712,2,59.81891735084355,131072
Qwen3-32B,openmath,fixed_k3,3,greedy,2,qwen3_32b_openmath_rollout_fixed_k3_20260712,2,51.72960741980933,62863
Qwen3-32B,openmath,fixed_k3,3,greedy,2,qwen3_32b_openmath_rollout_fixed_k3_20260712,2,63.640690739033744,131072
Qwen3-32B,openmath,fixed_k3,3,greedy,2,qwen3_32b_openmath_rollout_fixed_k3_20260712,2,61.07361621782184,97226
Qwen3-32B,openmath,fixed_k3,3,greedy,2,qwen3_32b_openmath_rollout_fixed_k3_20260712,2,25.097959673963487,26293
Qwen3-32B,openmath,fixed_k3,3,greedy,2,qwen3_32b_openmath_rollout_fixed_k3_20260712,2,62.44542110688053,131072
Qwen3-32B,openmath,fixed_k3,3,greedy,2,qwen3_32b_openmath_rollout_fixed_k3_20260712,3,52.927071704063565,131072
Qwen3-32B,openmath,fixed_k3,3,greedy,2,qwen3_32b_openmath_rollout_fixed_k3_20260712,3,51.92032501799986,131072
Qwen3-32B,openmath,fixed_k3,3,greedy,2,qwen3_32b_openmath_rollout_fixed_k3_20260712,3,11.43296205601655,18815
Qwen3-32B,openmath,fixed_k3,3,greedy,2,qwen3_32b_openmath_rollout_fixed_k3_20260712,3,28.25152543000877,45814
Qwen3-32B,openmath,fixed_k3,3,greedy,2,qwen3_32b_openmath_rollout_fixed_k3_20260712,3,55.348391951061785,131072
Qwen3-32B,openmath,fixed_k3,3,greedy,2,qwen3_32b_openmath_rollout_fixed_k3_20260712,3,53.119376950198784,131072
Qwen3-32B,openmath,fixed_k3,3,greedy,2,qwen3_32b_openmath_rollout_fixed_k3_20260712,3,36.06470345822163,46050
Qwen3-32B,openmath,fixed_k3,3,greedy,2,qwen3_32b_openmath_rollout_fixed_k3_20260712,3,19.42939708614722,26803
Qwen3-32B,swe_verified,baseline,0,-,2,qwen3_32b_swe_verified_rollout_baseline_20260712,0,67.87439670499953,88914
Qwen3-32B,swe_verified,baseline,0,-,2,qwen3_32b_swe_verified_rollout_baseline_20260712,0,67.87439670499953,96878
Qwen3-32B,swe_verified,baseline,0,-,2,qwen3_32b_swe_verified_rollout_baseline_20260712,0,67.87439670499953,75843
Qwen3-32B,swe_verified,baseline,0,-,2,qwen3_32b_swe_verified_rollout_baseline_20260712,0,67.88580189599998,66787
Qwen3-32B,swe_verified,baseline,0,-,2,qwen3_32b_swe_verified_rollout_baseline_20260712,0,67.90403856500052,51628
Qwen3-32B,swe_verified,baseline,0,-,2,qwen3_32b_swe_verified_rollout_baseline_20260712,0,67.90403856500052,109258
Qwen3-32B,swe_verified,baseline,0,-,2,qwen3_32b_swe_verified_rollout_baseline_20260712,0,67.90403856500052,77164
Qwen3-32B,swe_verified,baseline,0,-,2,qwen3_32b_swe_verified_rollout_baseline_20260712,0,67.90403856500052,131072
Qwen3-32B,swe_verified,baseline,0,-,2,qwen3_32b_swe_verified_rollout_baseline_20260712,1,71.3143308689996,107855
Qwen3-32B,swe_verified,baseline,0,-,2,qwen3_32b_swe_verified_rollout_baseline_20260712,1,71.3143308689996,33600
Qwen3-32B,swe_verified,baseline,0,-,2,qwen3_32b_swe_verified_rollout_baseline_20260712,1,71.3143308689996,56594
Qwen3-32B,swe_verified,baseline,0,-,2,qwen3_32b_swe_verified_rollout_baseline_20260712,1,71.3143308689996,128754
Qwen3-32B,swe_verified,baseline,0,-,2,qwen3_32b_swe_verified_rollout_baseline_20260712,1,71.3143308689996,71019
Qwen3-32B,swe_verified,baseline,0,-,2,qwen3_32b_swe_verified_rollout_baseline_20260712,1,71.3143308689996,104806
Qwen3-32B,swe_verified,baseline,0,-,2,qwen3_32b_swe_verified_rollout_baseline_20260712,1,71.3143308689996,125009
Qwen3-32B,swe_verified,baseline,0,-,2,qwen3_32b_swe_verified_rollout_baseline_20260712,1,71.3143308689996,96612
Qwen3-32B,swe_verified,baseline,0,-,2,qwen3_32b_swe_verified_rollout_baseline_20260712,2,64.26479527900119,66165
Qwen3-32B,swe_verified,baseline,0,-,2,qwen3_32b_swe_verified_rollout_baseline_20260712,2,61.81570682700112,60725
Qwen3-32B,swe_verified,baseline,0,-,2,qwen3_32b_swe_verified_rollout_baseline_20260712,2,37.14044374200057,26650
Qwen3-32B,swe_verified,baseline,0,-,2,qwen3_32b_swe_verified_rollout_baseline_20260712,2,64.29843469400112,99762
Qwen3-32B,swe_verified,baseline,0,-,2,qwen3_32b_swe_verified_rollout_baseline_20260712,2,64.29843469400112,76112
Qwen3-32B,swe_verified,baseline,0,-,2,qwen3_32b_swe_verified_rollout_baseline_20260712,2,64.29843469400112,107557
Qwen3-32B,swe_verified,baseline,0,-,2,qwen3_32b_swe_verified_rollout_baseline_20260712,2,64.29843469400112,125183
Qwen3-32B,swe_verified,baseline,0,-,2,qwen3_32b_swe_verified_rollout_baseline_20260712,2,64.29843469400112,92296
Qwen3-32B,swe_verified,baseline,0,-,2,qwen3_32b_swe_verified_rollout_baseline_20260712,3,54.536181690000376,105284
Qwen3-32B,swe_verified,baseline,0,-,2,qwen3_32b_swe_verified_rollout_baseline_20260712,3,54.2714386610005,49598
Qwen3-32B,swe_verified,baseline,0,-,2,qwen3_32b_swe_verified_rollout_baseline_20260712,3,54.536181690000376,68821
Qwen3-32B,swe_verified,baseline,0,-,2,qwen3_32b_swe_verified_rollout_baseline_20260712,3,54.536181690000376,32014
Qwen3-32B,swe_verified,baseline,0,-,2,qwen3_32b_swe_verified_rollout_baseline_20260712,3,26.215780874999837,20455
Qwen3-32B,swe_verified,baseline,0,-,2,qwen3_32b_swe_verified_rollout_baseline_20260712,3,54.555527025999254,90467
Qwen3-32B,swe_verified,baseline,0,-,2,qwen3_32b_swe_verified_rollout_baseline_20260712,3,54.555527025999254,45994
Qwen3-32B,swe_verified,baseline,0,-,2,qwen3_32b_swe_verified_rollout_baseline_20260712,3,54.555527025999254,43263
Qwen3-32B,swe_verified,dynamic,5,greedy,2,qwen3_32b_swe_verified_rollout_dynamic_20260712,0,65.11444685608149,87367
Qwen3-32B,swe_verified,dynamic,5,greedy,2,qwen3_32b_swe_verified_rollout_dynamic_20260712,0,64.76457899413072,98813
Qwen3-32B,swe_verified,dynamic,5,greedy,2,qwen3_32b_swe_verified_rollout_dynamic_20260712,0,64.33452656306326,69774
Qwen3-32B,swe_verified,dynamic,5,greedy,2,qwen3_32b_swe_verified_rollout_dynamic_20260712,0,51.7667154551018,64581
Qwen3-32B,swe_verified,dynamic,5,greedy,2,qwen3_32b_swe_verified_rollout_dynamic_20260712,0,65.58932786202058,58664
Qwen3-32B,swe_verified,dynamic,5,greedy,2,qwen3_32b_swe_verified_rollout_dynamic_20260712,0,65.19302354310639,117347
Qwen3-32B,swe_verified,dynamic,5,greedy,2,qwen3_32b_swe_verified_rollout_dynamic_20260712,0,64.89655720302835,81639
Qwen3-32B,swe_verified,dynamic,5,greedy,2,qwen3_32b_swe_verified_rollout_dynamic_20260712,0,64.68355394201353,131072
Qwen3-32B,swe_verified,dynamic,5,greedy,2,qwen3_32b_swe_verified_rollout_dynamic_20260712,1,64.43047883291729,93505
Qwen3-32B,swe_verified,dynamic,5,greedy,2,qwen3_32b_swe_verified_rollout_dynamic_20260712,1,31.145813059061766,27271
Qwen3-32B,swe_verified,dynamic,5,greedy,2,qwen3_32b_swe_verified_rollout_dynamic_20260712,1,63.614656074903905,58047
Qwen3-32B,swe_verified,dynamic,5,greedy,2,qwen3_32b_swe_verified_rollout_dynamic_20260712,1,63.96077335998416,130877
Qwen3-32B,swe_verified,dynamic,5,greedy,2,qwen3_32b_swe_verified_rollout_dynamic_20260712,1,63.1110764159821,82544
Qwen3-32B,swe_verified,dynamic,5,greedy,2,qwen3_32b_swe_verified_rollout_dynamic_20260712,1,64.98599418997765,109318
Qwen3-32B,swe_verified,dynamic,5,greedy,2,qwen3_32b_swe_verified_rollout_dynamic_20260712,1,64.66390479309484,127758
Qwen3-32B,swe_verified,dynamic,5,greedy,2,qwen3_32b_swe_verified_rollout_dynamic_20260712,1,64.26876360201277,99408
Qwen3-32B,swe_verified,dynamic,5,greedy,2,qwen3_32b_swe_verified_rollout_dynamic_20260712,2,58.31168690486811,76852
Qwen3-32B,swe_verified,dynamic,5,greedy,2,qwen3_32b_swe_verified_rollout_dynamic_20260712,2,53.04838621802628,53140
Qwen3-32B,swe_verified,dynamic,5,greedy,2,qwen3_32b_swe_verified_rollout_dynamic_20260712,2,44.4646058359649,24882
Qwen3-32B,swe_verified,dynamic,5,greedy,2,qwen3_32b_swe_verified_rollout_dynamic_20260712,2,59.11801522690803,101062
Qwen3-32B,swe_verified,dynamic,5,greedy,2,qwen3_32b_swe_verified_rollout_dynamic_20260712,2,58.657914062961936,66175
Qwen3-32B,swe_verified,dynamic,5,greedy,2,qwen3_32b_swe_verified_rollout_dynamic_20260712,2,59.03000055602752,113218
Qwen3-32B,swe_verified,dynamic,5,greedy,2,qwen3_32b_swe_verified_rollout_dynamic_20260712,2,59.94275899697095,108129
Qwen3-32B,swe_verified,dynamic,5,greedy,2,qwen3_32b_swe_verified_rollout_dynamic_20260712,2,59.779164229054004,111908
Qwen3-32B,swe_verified,dynamic,5,greedy,2,qwen3_32b_swe_verified_rollout_dynamic_20260712,3,47.563389512943104,105622
Qwen3-32B,swe_verified,dynamic,5,greedy,2,qwen3_32b_swe_verified_rollout_dynamic_20260712,3,44.82041469588876,40835
Qwen3-32B,swe_verified,dynamic,5,greedy,2,qwen3_32b_swe_verified_rollout_dynamic_20260712,3,45.98323638900183,73787
Qwen3-32B,swe_verified,dynamic,5,greedy,2,qwen3_32b_swe_verified_rollout_dynamic_20260712,3,20.22330835997127,25311
Qwen3-32B,swe_verified,dynamic,5,greedy,2,qwen3_32b_swe_verified_rollout_dynamic_20260712,3,26.673050354933366,19136
Qwen3-32B,swe_verified,dynamic,5,greedy,2,qwen3_32b_swe_verified_rollout_dynamic_20260712,3,49.42752218898386,84508
Qwen3-32B,swe_verified,dynamic,5,greedy,2,qwen3_32b_swe_verified_rollout_dynamic_20260712,3,44.23462675185874,40456
Qwen3-32B,swe_verified,dynamic,5,greedy,2,qwen3_32b_swe_verified_rollout_dynamic_20260712,3,35.750830518780276,36322
Qwen3-32B,swe_verified,fixed_k3,3,greedy,2,qwen3_32b_swe_verified_rollout_fixed_k3_20260712,0,71.4240262659996,72388
Qwen3-32B,swe_verified,fixed_k3,3,greedy,2,qwen3_32b_swe_verified_rollout_fixed_k3_20260712,0,69.96456133999982,91881
Qwen3-32B,swe_verified,fixed_k3,3,greedy,2,qwen3_32b_swe_verified_rollout_fixed_k3_20260712,0,61.814169285999924,67124
Qwen3-32B,swe_verified,fixed_k3,3,greedy,2,qwen3_32b_swe_verified_rollout_fixed_k3_20260712,0,71.73292998899979,69352
Qwen3-32B,swe_verified,fixed_k3,3,greedy,2,qwen3_32b_swe_verified_rollout_fixed_k3_20260712,0,71.0392763939999,58857
Qwen3-32B,swe_verified,fixed_k3,3,greedy,2,qwen3_32b_swe_verified_rollout_fixed_k3_20260712,0,71.38701135300016,123302
Qwen3-32B,swe_verified,fixed_k3,3,greedy,2,qwen3_32b_swe_verified_rollout_fixed_k3_20260712,0,70.64238483000008,83509
Qwen3-32B,swe_verified,fixed_k3,3,greedy,2,qwen3_32b_swe_verified_rollout_fixed_k3_20260712,0,70.63095779200012,131072
Qwen3-32B,swe_verified,fixed_k3,3,greedy,2,qwen3_32b_swe_verified_rollout_fixed_k3_20260712,1,73.53491454399955,86467
Qwen3-32B,swe_verified,fixed_k3,3,greedy,2,qwen3_32b_swe_verified_rollout_fixed_k3_20260712,1,27.253797645000304,29435
Qwen3-32B,swe_verified,fixed_k3,3,greedy,2,qwen3_32b_swe_verified_rollout_fixed_k3_20260712,1,71.48458279400074,57282
Qwen3-32B,swe_verified,fixed_k3,3,greedy,2,qwen3_32b_swe_verified_rollout_fixed_k3_20260712,1,72.56783242399979,127082
Qwen3-32B,swe_verified,fixed_k3,3,greedy,2,qwen3_32b_swe_verified_rollout_fixed_k3_20260712,1,71.6780529660009,76751
Qwen3-32B,swe_verified,fixed_k3,3,greedy,2,qwen3_32b_swe_verified_rollout_fixed_k3_20260712,1,74.17218643399974,96706
Qwen3-32B,swe_verified,fixed_k3,3,greedy,2,qwen3_32b_swe_verified_rollout_fixed_k3_20260712,1,73.71100337400094,131072
Qwen3-32B,swe_verified,fixed_k3,3,greedy,2,qwen3_32b_swe_verified_rollout_fixed_k3_20260712,1,73.20047582400002,95386
Qwen3-32B,swe_verified,fixed_k3,3,greedy,2,qwen3_32b_swe_verified_rollout_fixed_k3_20260712,2,66.97183354299887,73082
Qwen3-32B,swe_verified,fixed_k3,3,greedy,2,qwen3_32b_swe_verified_rollout_fixed_k3_20260712,2,66.97183354299887,60306
Qwen3-32B,swe_verified,fixed_k3,3,greedy,2,qwen3_32b_swe_verified_rollout_fixed_k3_20260712,2,65.56440242099961,25460
Qwen3-32B,swe_verified,fixed_k3,3,greedy,2,qwen3_32b_swe_verified_rollout_fixed_k3_20260712,2,71.39493584699994,99225
Qwen3-32B,swe_verified,fixed_k3,3,greedy,2,qwen3_32b_swe_verified_rollout_fixed_k3_20260712,2,65.52006868499848,69259
Qwen3-32B,swe_verified,fixed_k3,3,greedy,2,qwen3_32b_swe_verified_rollout_fixed_k3_20260712,2,70.0056577209998,104655
Qwen3-32B,swe_verified,fixed_k3,3,greedy,2,qwen3_32b_swe_verified_rollout_fixed_k3_20260712,2,71.5421423709995,116782
Qwen3-32B,swe_verified,fixed_k3,3,greedy,2,qwen3_32b_swe_verified_rollout_fixed_k3_20260712,2,72.26942212799986,112147
Qwen3-32B,swe_verified,fixed_k3,3,greedy,2,qwen3_32b_swe_verified_rollout_fixed_k3_20260712,3,51.38407384399943,101902
Qwen3-32B,swe_verified,fixed_k3,3,greedy,2,qwen3_32b_swe_verified_rollout_fixed_k3_20260712,3,46.32472927900017,48873
Qwen3-32B,swe_verified,fixed_k3,3,greedy,2,qwen3_32b_swe_verified_rollout_fixed_k3_20260712,3,48.81346745799965,60742
Qwen3-32B,swe_verified,fixed_k3,3,greedy,2,qwen3_32b_swe_verified_rollout_fixed_k3_20260712,3,34.51628569599961,26541
Qwen3-32B,swe_verified,fixed_k3,3,greedy,2,qwen3_32b_swe_verified_rollout_fixed_k3_20260712,3,24.710280540000895,19710
Qwen3-32B,swe_verified,fixed_k3,3,greedy,2,qwen3_32b_swe_verified_rollout_fixed_k3_20260712,3,50.49260907000098,85861
Qwen3-32B,swe_verified,fixed_k3,3,greedy,2,qwen3_32b_swe_verified_rollout_fixed_k3_20260712,3,44.88554843400016,42262
Qwen3-32B,swe_verified,fixed_k3,3,greedy,2,qwen3_32b_swe_verified_rollout_fixed_k3_20260712,3,34.55002452000008,35118
