model,bench,variant,k,sample_method,tp,tag,batch_size,output_tok_s,output_tok_s_per_gpu,wall_ms_per_output_token,mean_acceptance_length,acceptance_rate,partial
Qwen3-30B-A3B,openmath,baseline,0,-,1,qwen3_30ba3b_openmath_profile_k0_20260712,1,322.2892377628001,322.2892377628001,3.102802957187123,,,False
Qwen3-30B-A3B,openmath,baseline,0,-,1,qwen3_30ba3b_openmath_profile_k0_20260712,2,539.6510376590762,539.6510376590762,3.7060986830965703,,,False
Qwen3-30B-A3B,openmath,baseline,0,-,1,qwen3_30ba3b_openmath_profile_k0_20260712,4,915.3400599787917,915.3400599787917,4.3699606025029425,,,False
Qwen3-30B-A3B,openmath,baseline,0,-,1,qwen3_30ba3b_openmath_profile_k0_20260712,8,1529.0085897420036,1529.0085897420036,5.232148500454059,,,False
Qwen3-30B-A3B,openmath,baseline,0,-,1,qwen3_30ba3b_openmath_profile_k0_20260712,16,2434.3103196910383,2434.3103196910383,6.572703517122136,,,False
Qwen3-30B-A3B,openmath,baseline,0,-,1,qwen3_30ba3b_openmath_profile_k0_20260712,32,4051.5689682624675,4051.5689682624675,7.898174818365078,,,False
Qwen3-30B-A3B,openmath,baseline,0,-,1,qwen3_30ba3b_openmath_profile_k0_20260712,64,7005.230149927316,7005.230149927316,9.136031026855562,,,False
Qwen3-30B-A3B,openmath,baseline,0,-,1,qwen3_30ba3b_openmath_profile_k0_20260712,128,11846.486279000328,11846.486279000328,10.80489159278386,,,False
Qwen3-30B-A3B,openmath,fixed_k1,1,greedy,1,qwen3_30ba3b_openmath_profile_k1_20260712,1,454.1435699537062,454.1435699537062,2.2019468427174615,1.8358744394618833,0.8358744394618834,False
Qwen3-30B-A3B,openmath,fixed_k1,1,greedy,1,qwen3_30ba3b_openmath_profile_k1_20260712,2,621.6710773514665,621.6710773514665,3.2171353515764167,1.8533272974196469,0.8533272974196469,False
Qwen3-30B-A3B,openmath,fixed_k1,1,greedy,1,qwen3_30ba3b_openmath_profile_k1_20260712,4,1305.479419176285,1305.479419176285,3.064008471710622,1.8217623497997328,0.821762349799733,False
Qwen3-30B-A3B,openmath,fixed_k1,1,greedy,1,qwen3_30ba3b_openmath_profile_k1_20260712,8,2059.266451117358,2059.266451117358,3.88487851859054,1.8343228408199843,0.8343228408199843,False
Qwen3-30B-A3B,openmath,fixed_k1,1,greedy,1,qwen3_30ba3b_openmath_profile_k1_20260712,16,3415.4974928454885,3415.4974928454885,4.684529862345244,1.8285873813512006,0.8285873813512005,False
Qwen3-30B-A3B,openmath,fixed_k1,1,greedy,1,qwen3_30ba3b_openmath_profile_k1_20260712,32,5908.929410777971,5908.929410777971,5.415532624510888,1.823796396847938,0.823796396847938,False
Qwen3-30B-A3B,openmath,fixed_k1,1,greedy,1,qwen3_30ba3b_openmath_profile_k1_20260712,64,10583.096515625486,10583.096515625486,6.047379413530507,1.824625670311303,0.824625670311303,False
Qwen3-30B-A3B,openmath,fixed_k1,1,greedy,1,qwen3_30ba3b_openmath_profile_k1_20260712,128,18025.701453619877,18025.701453619877,7.100971927741284,1.8216823573584013,0.8216823573584013,False
Qwen3-30B-A3B,openmath,fixed_k1_prob,1,probabilistic,1,qwen3_30ba3b_openmath_profile_k1_probabilistic_20260712,1,437.36009109932917,437.36009109932917,2.2864454721656102,1.8284182305630026,0.8284182305630027,False
Qwen3-30B-A3B,openmath,fixed_k1_prob,1,probabilistic,1,qwen3_30ba3b_openmath_profile_k1_probabilistic_20260712,2,602.2273424132882,602.2273424132882,3.3210049746088544,1.8362494392104083,0.8362494392104083,False
Qwen3-30B-A3B,openmath,fixed_k1_prob,1,probabilistic,1,qwen3_30ba3b_openmath_profile_k1_probabilistic_20260712,4,1262.880836687486,1262.880836687486,3.1673613881828544,1.821579532814238,0.821579532814238,False
Qwen3-30B-A3B,openmath,fixed_k1_prob,1,probabilistic,1,qwen3_30ba3b_openmath_profile_k1_probabilistic_20260712,8,2089.0863244912725,2089.0863244912725,3.8294252880852753,1.8420519743503205,0.8420519743503206,False
Qwen3-30B-A3B,openmath,fixed_k1_prob,1,probabilistic,1,qwen3_30ba3b_openmath_profile_k1_probabilistic_20260712,16,3400.891487470002,3400.891487470002,4.704648783693699,1.8332587036829733,0.8332587036829733,False
Qwen3-30B-A3B,openmath,fixed_k1_prob,1,probabilistic,1,qwen3_30ba3b_openmath_profile_k1_probabilistic_20260712,32,5796.766200670397,5796.766200670397,5.520319242183547,1.8305013694036107,0.8305013694036107,False
Qwen3-30B-A3B,openmath,fixed_k1_prob,1,probabilistic,1,qwen3_30ba3b_openmath_profile_k1_probabilistic_20260712,64,9831.785224552805,9831.785224552805,6.5094993979499804,1.8234434375913475,0.8234434375913475,False
Qwen3-30B-A3B,openmath,fixed_k1_prob,1,probabilistic,1,qwen3_30ba3b_openmath_profile_k1_probabilistic_20260712,128,16449.927073914947,16449.927073914947,7.781189510740916,1.823708333623348,0.8237083336233478,False
Qwen3-30B-A3B,openmath,fixed_k2,2,greedy,1,qwen3_30ba3b_openmath_profile_k2_20260712,1,551.2061661415643,551.2061661415643,1.8142032172825395,2.512883435582822,0.756441717791411,False
Qwen3-30B-A3B,openmath,fixed_k2,2,greedy,1,qwen3_30ba3b_openmath_profile_k2_20260712,2,651.8224017202261,651.8224017202261,3.068320442380923,2.5324675324675328,0.7662337662337663,False
Qwen3-30B-A3B,openmath,fixed_k2,2,greedy,1,qwen3_30ba3b_openmath_profile_k2_20260712,4,1186.7260507541364,1186.7260507541364,3.3706178417993726,2.4958854007924414,0.7479427003962207,False
Qwen3-30B-A3B,openmath,fixed_k2,2,greedy,1,qwen3_30ba3b_openmath_profile_k2_20260712,8,2463.5590103867976,2463.5590103867976,3.24733443212466,2.4852851941747574,0.7426425970873787,False
Qwen3-30B-A3B,openmath,fixed_k2,2,greedy,1,qwen3_30ba3b_openmath_profile_k2_20260712,16,4020.559556315659,4020.559556315659,3.9795455771489685,2.4926565710372115,0.7463282855186059,False
Qwen3-30B-A3B,openmath,fixed_k2,2,greedy,1,qwen3_30ba3b_openmath_profile_k2_20260712,32,6962.615235833553,6962.615235833553,4.595974201663466,2.479827416546817,0.7399137082734085,False
Qwen3-30B-A3B,openmath,fixed_k2,2,greedy,1,qwen3_30ba3b_openmath_profile_k2_20260712,64,12204.793645028234,12204.793645028234,5.243841220213596,2.4632665338196036,0.7316332669098019,False
Qwen3-30B-A3B,openmath,fixed_k2,2,greedy,1,qwen3_30ba3b_openmath_profile_k2_20260712,128,20886.212745316036,20886.212745316036,6.128444709474934,2.4654100473113427,0.7327050236556713,False
Qwen3-30B-A3B,openmath,fixed_k3,3,greedy,1,qwen3_30ba3b_openmath_profile_k3_20260712,1,606.5288916805929,606.5288916805929,1.6487260767235057,3.010294117647059,0.6700980392156862,False
Qwen3-30B-A3B,openmath,fixed_k3,3,greedy,1,qwen3_30ba3b_openmath_profile_k3_20260712,2,736.0595054403356,736.0595054403356,2.7171716216116693,3.0804511278195488,0.6934837092731829,False
Qwen3-30B-A3B,openmath,fixed_k3,3,greedy,1,qwen3_30ba3b_openmath_profile_k3_20260712,4,1601.9436090679512,1601.9436090679512,2.4969667954337638,2.9709934735315446,0.6569978245105149,False
Qwen3-30B-A3B,openmath,fixed_k3,3,greedy,1,qwen3_30ba3b_openmath_profile_k3_20260712,8,2612.732201612578,2612.732201612578,3.0619288096431774,3.0293845869525042,0.676461528984168,False
Qwen3-30B-A3B,openmath,fixed_k3,3,greedy,1,qwen3_30ba3b_openmath_profile_k3_20260712,16,4457.68066217155,4457.68066217155,3.5893104985689206,2.9820843943252093,0.660694798108403,False
Qwen3-30B-A3B,openmath,fixed_k3,3,greedy,1,qwen3_30ba3b_openmath_profile_k3_20260712,32,7184.69831920127,7184.69831920127,4.453910043025644,2.977016715116279,0.6590055717054264,False
Qwen3-30B-A3B,openmath,fixed_k3,3,greedy,1,qwen3_30ba3b_openmath_profile_k3_20260712,64,13958.337119173051,13958.337119173051,4.585073383282179,2.9697594346033616,0.6565864782011205,False
Qwen3-30B-A3B,openmath,fixed_k3,3,greedy,1,qwen3_30ba3b_openmath_profile_k3_20260712,128,22233.283446943624,22233.283446943624,5.757134356940696,2.9639292375515742,0.654643079183858,False
Qwen3-30B-A3B,openmath,fixed_k3_prob,3,probabilistic,1,qwen3_30ba3b_openmath_profile_k3_probabilistic_20260712,1,548.1183098824171,548.1183098824171,1.8244236362301436,2.9941520467836256,0.6647173489278753,False
Qwen3-30B-A3B,openmath,fixed_k3_prob,3,probabilistic,1,qwen3_30ba3b_openmath_profile_k3_probabilistic_20260712,2,690.5528214357337,690.5528214357337,2.8962302924804284,3.0865963855421685,0.6955321285140562,False
Qwen3-30B-A3B,openmath,fixed_k3_prob,3,probabilistic,1,qwen3_30ba3b_openmath_profile_k3_probabilistic_20260712,4,1551.9046322564047,1551.9046322564047,2.577477969238462,2.9930606281957632,0.6643535427319212,False
Qwen3-30B-A3B,openmath,fixed_k3_prob,3,probabilistic,1,qwen3_30ba3b_openmath_profile_k3_probabilistic_20260712,8,2567.1399683442232,2567.1399683442232,3.1163084594720836,2.966147719044171,0.6553825730147236,False
Qwen3-30B-A3B,openmath,fixed_k3_prob,3,probabilistic,1,qwen3_30ba3b_openmath_profile_k3_probabilistic_20260712,16,4290.1662427492965,4290.1662427492965,3.7294592084959888,2.9938790425726296,0.6646263475242098,False
Qwen3-30B-A3B,openmath,fixed_k3_prob,3,probabilistic,1,qwen3_30ba3b_openmath_profile_k3_probabilistic_20260712,32,7083.41740090841,7083.41740090841,4.517593442382228,2.964103259641033,0.6547010865470109,False
Qwen3-30B-A3B,openmath,fixed_k3_prob,3,probabilistic,1,qwen3_30ba3b_openmath_profile_k3_probabilistic_20260712,64,12891.477279460267,12891.477279460267,4.964520249511661,2.9386236269894646,0.6462078756631547,False
Qwen3-30B-A3B,openmath,fixed_k3_prob,3,probabilistic,1,qwen3_30ba3b_openmath_profile_k3_probabilistic_20260712,128,19676.850051421734,19676.850051421734,6.505106237304048,2.9545142058581555,0.6515047352860518,False
Qwen3-30B-A3B,openmath,fixed_k5,5,greedy,1,qwen3_30ba3b_openmath_profile_k5_20260712,1,590.3262586721868,590.3262586721868,1.6939785166414367,3.730909090909091,0.5461818181818182,False
Qwen3-30B-A3B,openmath,fixed_k5,5,greedy,1,qwen3_30ba3b_openmath_profile_k5_20260712,2,745.8868055617544,745.8868055617544,2.681372005895355,3.773480662983425,0.554696132596685,False
Qwen3-30B-A3B,openmath,fixed_k5,5,greedy,1,qwen3_30ba3b_openmath_profile_k5_20260712,4,1711.8875456600133,1711.8875456600133,2.336602080049488,3.67577250335871,0.5351545006717421,False
Qwen3-30B-A3B,openmath,fixed_k5,5,greedy,1,qwen3_30ba3b_openmath_profile_k5_20260712,8,2892.955556793991,2892.955556793991,2.765338022982178,3.7187570877750056,0.5437514175550011,False
Qwen3-30B-A3B,openmath,fixed_k5,5,greedy,1,qwen3_30ba3b_openmath_profile_k5_20260712,16,4694.8970219408275,4694.8970219408275,3.4079554727668437,3.6868539325842695,0.5373707865168539,False
Qwen3-30B-A3B,openmath,fixed_k5,5,greedy,1,qwen3_30ba3b_openmath_profile_k5_20260712,32,7833.151097030062,7833.151097030062,4.085201421958118,3.620075046904315,0.5240150093808631,False
Qwen3-30B-A3B,openmath,fixed_k5,5,greedy,1,qwen3_30ba3b_openmath_profile_k5_20260712,64,14578.667134390504,14578.667134390504,4.389976080119595,3.6379444228742583,0.5275888845748516,False
Qwen3-30B-A3B,openmath,fixed_k5,5,greedy,1,qwen3_30ba3b_openmath_profile_k5_20260712,128,8032.1461200230615,8032.1461200230615,15.935965069274971,3.603802093349084,0.5207604186698168,False
Qwen3-30B-A3B,openmath,fixed_k5_prob,5,probabilistic,1,qwen3_30ba3b_openmath_profile_k5_probabilistic_20260712,1,515.0163091450921,515.0163091450921,1.9416860830290261,3.6201413427561837,0.5240282685512367,False
Qwen3-30B-A3B,openmath,fixed_k5_prob,5,probabilistic,1,qwen3_30ba3b_openmath_profile_k5_probabilistic_20260712,2,695.9713985445401,695.9713985445401,2.8736813095804337,3.743144424131627,0.5486288848263254,False
Qwen3-30B-A3B,openmath,fixed_k5_prob,5,probabilistic,1,qwen3_30ba3b_openmath_profile_k5_probabilistic_20260712,4,1565.9216457793652,1565.9216457793652,2.554406225101502,3.5683202785030463,0.5136640557006092,False
Qwen3-30B-A3B,openmath,fixed_k5_prob,5,probabilistic,1,qwen3_30ba3b_openmath_profile_k5_probabilistic_20260712,8,2638.5988968674687,2638.5988968674687,3.0319121293871376,3.643793026870975,0.528758605374195,False
Qwen3-30B-A3B,openmath,fixed_k5_prob,5,probabilistic,1,qwen3_30ba3b_openmath_profile_k5_probabilistic_20260712,16,4116.960790555622,4116.960790555622,3.886362006824129,3.524500322372663,0.5049000644745325,False
Qwen3-30B-A3B,openmath,fixed_k5_prob,5,probabilistic,1,qwen3_30ba3b_openmath_profile_k5_probabilistic_20260712,32,7751.038017631704,7751.038017631704,4.128479298799448,3.567056265289481,0.5134112530578961,False
Qwen3-30B-A3B,openmath,fixed_k5_prob,5,probabilistic,1,qwen3_30ba3b_openmath_profile_k5_probabilistic_20260712,64,12658.317504244964,12658.317504244964,5.0559641894381,3.5383951216879823,0.5076790243375965,False
Qwen3-30B-A3B,openmath,fixed_k5_prob,5,probabilistic,1,qwen3_30ba3b_openmath_profile_k5_probabilistic_20260712,128,7556.677250307563,7556.677250307563,16.938661763646223,3.5609646860834396,0.5121929372166879,False
Qwen3-30B-A3B,swe_verified,baseline,0,-,1,qwen3_30ba3b_swe_verified_profile_k0_20260712,1,320.02613977766293,320.02613977766293,3.1247447495843517,,,False
Qwen3-30B-A3B,swe_verified,baseline,0,-,1,qwen3_30ba3b_swe_verified_profile_k0_20260712,2,525.8269105691468,525.8269105691468,3.8035329873764567,,,False
Qwen3-30B-A3B,swe_verified,baseline,0,-,1,qwen3_30ba3b_swe_verified_profile_k0_20260712,4,902.4360253347893,902.4360253347893,4.432447162685094,,,False
Qwen3-30B-A3B,swe_verified,baseline,0,-,1,qwen3_30ba3b_swe_verified_profile_k0_20260712,8,1521.0542278751577,1521.0542278751577,5.259510051246252,,,False
Qwen3-30B-A3B,swe_verified,baseline,0,-,1,qwen3_30ba3b_swe_verified_profile_k0_20260712,16,2403.4264767590003,2403.4264767590003,6.6571622451192525,,,False
Qwen3-30B-A3B,swe_verified,baseline,0,-,1,qwen3_30ba3b_swe_verified_profile_k0_20260712,32,4008.9968375058697,4008.9968375058697,7.982046705706125,,,False
Qwen3-30B-A3B,swe_verified,baseline,0,-,1,qwen3_30ba3b_swe_verified_profile_k0_20260712,64,6748.885713839664,6748.885713839664,9.483046937475592,,,False
Qwen3-30B-A3B,swe_verified,baseline,0,-,1,qwen3_30ba3b_swe_verified_profile_k0_20260712,128,10965.389083646194,10965.389083646194,11.673092402247676,,,False
Qwen3-30B-A3B,swe_verified,fixed_k1,1,greedy,1,qwen3_30ba3b_swe_verified_profile_k1_20260712,1,417.28185246220136,417.28185246220136,2.396461753846779,1.7007481296758105,0.7007481296758105,False
Qwen3-30B-A3B,swe_verified,fixed_k1,1,greedy,1,qwen3_30ba3b_swe_verified_profile_k1_20260712,2,562.153185271373,562.153185271373,3.5577491196363553,1.6699306405548757,0.6699306405548756,False
Qwen3-30B-A3B,swe_verified,fixed_k1,1,greedy,1,qwen3_30ba3b_swe_verified_profile_k1_20260712,4,1163.2178984523,1163.2178984523,3.438736633370354,1.680279088856967,0.680279088856967,False
Qwen3-30B-A3B,swe_verified,fixed_k1,1,greedy,1,qwen3_30ba3b_swe_verified_profile_k1_20260712,8,1910.5747627252204,1910.5747627252204,4.18722164454266,1.6858142886555487,0.6858142886555487,False
Qwen3-30B-A3B,swe_verified,fixed_k1,1,greedy,1,qwen3_30ba3b_swe_verified_profile_k1_20260712,16,3077.7902579607126,3077.7902579607126,5.198534876967642,1.6802811842577865,0.6802811842577865,False
Qwen3-30B-A3B,swe_verified,fixed_k1,1,greedy,1,qwen3_30ba3b_swe_verified_profile_k1_20260712,32,5376.57109283332,5376.57109283332,5.951748697725634,1.6821870666187273,0.6821870666187272,False
Qwen3-30B-A3B,swe_verified,fixed_k1,1,greedy,1,qwen3_30ba3b_swe_verified_profile_k1_20260712,64,9162.788630976776,9162.788630976776,6.984773149042667,1.6801764826595527,0.6801764826595527,False
Qwen3-30B-A3B,swe_verified,fixed_k1,1,greedy,1,qwen3_30ba3b_swe_verified_profile_k1_20260712,128,15471.851307724839,15471.851307724839,8.273088814917173,1.681095995893224,0.6810959958932238,False
Qwen3-30B-A3B,swe_verified,fixed_k2,2,greedy,1,qwen3_30ba3b_swe_verified_profile_k2_20260712,1,463.73905769141254,463.73905769141254,2.1563851123047595,2.127858627858628,0.5639293139293139,False
Qwen3-30B-A3B,swe_verified,fixed_k2,2,greedy,1,qwen3_30ba3b_swe_verified_profile_k2_20260712,2,555.2357606781343,555.2357606781343,3.602073464355593,2.050025012506253,0.5250125062531266,False
Qwen3-30B-A3B,swe_verified,fixed_k2,2,greedy,1,qwen3_30ba3b_swe_verified_profile_k2_20260712,4,1045.6576234452866,1045.6576234452866,3.8253438891600045,2.122893440497796,0.5614467202488981,False
Qwen3-30B-A3B,swe_verified,fixed_k2,2,greedy,1,qwen3_30ba3b_swe_verified_profile_k2_20260712,8,2131.5927876262494,2131.5927876262494,3.7530620512695734,2.1319968758135905,0.5659984379067952,False
Qwen3-30B-A3B,swe_verified,fixed_k2,2,greedy,1,qwen3_30ba3b_swe_verified_profile_k2_20260712,16,3370.1635557188356,3370.1635557188356,4.747544068847809,2.090155043705736,0.545077521852868,False
Qwen3-30B-A3B,swe_verified,fixed_k2,2,greedy,1,qwen3_30ba3b_swe_verified_profile_k2_20260712,32,5699.255918023162,5699.255918023162,5.6147680434570635,2.1085508319119493,0.5542754159559746,False
Qwen3-30B-A3B,swe_verified,fixed_k2,2,greedy,1,qwen3_30ba3b_swe_verified_profile_k2_20260712,64,10275.0857766944,10275.0857766944,6.2286584648434395,2.119018742217694,0.5595093711088471,False
Qwen3-30B-A3B,swe_verified,fixed_k2,2,greedy,1,qwen3_30ba3b_swe_verified_profile_k2_20260712,128,16894.2039030402,16894.2039030402,7.576562987792856,2.1108480118555746,0.5554240059277873,False
Qwen3-30B-A3B,swe_verified,fixed_k3,3,greedy,1,qwen3_30ba3b_swe_verified_profile_k3_20260712,1,479.3122974319603,479.3122974319603,2.0863224360354593,2.4270462633451957,0.47568208778173193,False
Qwen3-30B-A3B,swe_verified,fixed_k3,3,greedy,1,qwen3_30ba3b_swe_verified_profile_k3_20260712,2,596.7992237029615,596.7992237029615,3.3512107934567936,2.416028285209193,0.47200942840306426,False
Qwen3-30B-A3B,swe_verified,fixed_k3,3,greedy,1,qwen3_30ba3b_swe_verified_profile_k3_20260712,4,1280.0052464213911,1280.0052464213911,3.1249871914065253,2.3907207470090457,0.4635735823363486,False
Qwen3-30B-A3B,swe_verified,fixed_k3,3,greedy,1,qwen3_30ba3b_swe_verified_profile_k3_20260712,8,2181.069320361186,2181.069320361186,3.667925602050648,2.385007278020378,0.46166909267345946,False
Qwen3-30B-A3B,swe_verified,fixed_k3,3,greedy,1,qwen3_30ba3b_swe_verified_profile_k3_20260712,16,3476.4898915600065,3476.4898915600065,4.602343311523427,2.329779673063255,0.44325989102108504,False
Qwen3-30B-A3B,swe_verified,fixed_k3,3,greedy,1,qwen3_30ba3b_swe_verified_profile_k3_20260712,32,6107.830346959359,6107.830346959359,5.239176300293025,2.38628750364113,0.4620958345470434,False
Qwen3-30B-A3B,swe_verified,fixed_k3,3,greedy,1,qwen3_30ba3b_swe_verified_profile_k3_20260712,64,10287.106471223351,10287.106471223351,6.221380149902256,2.3604848004610286,0.45349493348700953,False
Qwen3-30B-A3B,swe_verified,fixed_k3,3,greedy,1,qwen3_30ba3b_swe_verified_profile_k3_20260712,128,17126.62080453367,17126.62080453367,7.473745198242288,2.382572659359834,0.46085755311994475,False
Qwen3-30B-A3B,swe_verified,fixed_k5,5,greedy,1,qwen3_30ba3b_swe_verified_profile_k5_20260712,1,421.77719988002275,421.77719988002275,2.3709200029884414,2.6758169934640526,0.3351633986928105,False
Qwen3-30B-A3B,swe_verified,fixed_k5,5,greedy,1,qwen3_30ba3b_swe_verified_profile_k5_20260712,2,564.9668158925047,564.9668158925047,3.5400309252509032,2.727393617021277,0.34547872340425534,False
Qwen3-30B-A3B,swe_verified,fixed_k5,5,greedy,1,qwen3_30ba3b_swe_verified_profile_k5_20260712,4,1214.4130889012251,1214.4130889012251,3.293772141091722,2.5943037974683545,0.3188607594936709,False
Qwen3-30B-A3B,swe_verified,fixed_k5,5,greedy,1,qwen3_30ba3b_swe_verified_profile_k5_20260712,8,2103.0438456647225,2103.0438456647225,3.8040100859007,2.6375342024786734,0.32750684049573475,False
Qwen3-30B-A3B,swe_verified,fixed_k5,5,greedy,1,qwen3_30ba3b_swe_verified_profile_k5_20260712,16,3488.5981348803707,3488.5981348803707,4.586369476044183,2.6504367518602394,0.3300873503720479,False
Qwen3-30B-A3B,swe_verified,fixed_k5,5,greedy,1,qwen3_30ba3b_swe_verified_profile_k5_20260712,32,6302.720100868537,6302.720100868537,5.077172948801945,2.644534086325131,0.32890681726502624,False
Qwen3-30B-A3B,swe_verified,fixed_k5,5,greedy,1,qwen3_30ba3b_swe_verified_profile_k5_20260712,64,10088.147284962874,10088.147284962874,6.344078668973907,2.6328247339891586,0.32656494679783177,False
Qwen3-30B-A3B,swe_verified,fixed_k5,5,greedy,1,qwen3_30ba3b_swe_verified_profile_k5_20260712,128,5689.588753490074,5689.588753490074,22.49723232131373,2.63136983415104,0.326273966830208,False
